text,category,clean_text
वार्ड के ईंट भट्ठे पर नाबालिग मासूम बच्चों से जबरन बंधुआ मजदूरी कराई जा रही है,Child Safety,वार्ड के ईंट भट्ठे पर नाबालिग मासूम बच्चों से जबरन बंधुआ मजदूरी कराई जा रही है
घरेलू काम के नाम पर 10 साल की बच्ची को दूसरे शहर ले जाकर बंधक बना लिया गया है,Child Safety,घरेलू काम के नाम पर 10 साल की बच्ची को दूसरे शहर ले जाकर बंधक बना लिया गया है
शमशान घाट और कब्रिस्तान तक जाने वाला रास्ता पूरी तरह कीचड़ में तब्दील हो चुका है,Civic Neglect,शमशान घाट और कब्रिस्तान तक जाने वाला रास्ता पूरी तरह कीचड़ में तब्दील हो चुका है
Widow pension application pending without clearance at block social welfare department,Welfare,widow pension application pending without clearance at block social welfare department
underground drainage blocked underground drainage in vashi is blocked sewage coming up from manholes,Civic Neglect,underground drainage blocked underground drainage in vashi is blocked sewage coming up from manholes
locality में मोटर गैराज में छोटे बच्चों को बंधक बनाकर रात दिन काम करवाया जाता है,Child Safety,locality में मोटर गैराज में छोटे बच्चों को बंधक बनाकर रात दिन काम करवाया जाता है
Midday meal food poison risk due to unhygienic rotten food served in village primary school,Education,midday meal food poison risk due to unhygienic rotten food served in village primary school
locality के महादलित परिवारों का राशन कार्ड सूची से जानबूझकर नाम विलोपित कर दिया गया है,Welfare,locality के महादलित परिवारों का राशन कार्ड सूची से जानबूझकर नाम विलोपित कर दिया गया है
village में एक संदिग्ध दलाल गरीब परिवार के बच्चों को बहला फुसला कर बाहर ले जाने के चक्कर में है,Child Safety,village में एक संदिग्ध दलाल गरीब परिवार के बच्चों को बहला फुसला कर बाहर ले जाने के चक्कर में है
village में सरकार द्वारा आवंटित बासगीत पर्चा वाली जमीन पर भू-माफियाओं ने अवैध कब्जा कर लिया है,Welfare,village में सरकार द्वारा आवंटित बासगीत पर्चा वाली जमीन पर भू माफियाओं ने अवैध कब्जा कर लिया है
debris not cleared construction debris dumped on outer ring road near bank branch is not being cleared,Civic Neglect,debris not cleared construction debris dumped on outer ring road near bank branch is not being cleared
School me master nahi aate aur attendance laga ke chale jate hain,Education,school me master nahi aate aur attendance laga ke chale jate hain
"एक 13 साल की नाबालिग बच्ची की जबरन शादी कराई जा रही है, तत्काल बाल विवाह रोका जाए",Child Safety,एक 13 साल की नाबालिग बच्ची की जबरन शादी कराई जा रही है तत्काल बाल विवाह रोका जाए
garbage smell unbearable the garbage dump near police station is producing unbearable smell cannot open windows,Civic Neglect,garbage smell unbearable the garbage dump near police station is producing unbearable smell cannot open windows
पंचायत के आंगनवाड़ी केंद्र पर बच्चों को सूखा राशन और पोषाहार नहीं मिल रहा है,Education,पंचायत के आंगनवाड़ी केंद्र पर बच्चों को सूखा राशन और पोषाहार नहीं मिल रहा है
टोले के आंगनवाड़ी केंद्र पर बच्चों को सूखा राशन और पोषाहार नहीं मिल रहा है,Education,टोले के आंगनवाड़ी केंद्र पर बच्चों को सूखा राशन और पोषाहार नहीं मिल रहा है
Dysfunctional drinking water handpump inside government school compound in कस्बे,Education,dysfunctional drinking water handpump inside government school compound in कस्बे
Midday meal food poison risk due to unhygienic rotten food served in panchayat primary school,Education,midday meal food poison risk due to unhygienic rotten food served in panchayat primary school
Commercial roadside dhaba employing underage child laborers under abusive conditions in बस्ती,Child Safety,commercial roadside dhaba employing underage child laborers under abusive conditions in बस्ती
टोले में प्रधानमंत्री आवास योजना की किस्त जारी करने के नाम पर कर्मचारी रिश्वत मांग रहा है,Welfare,टोले में प्रधानमंत्री आवास योजना की किस्त जारी करने के नाम पर कर्मचारी रिश्वत मांग रहा है
locality के ईंट भट्ठे पर नाबालिग मासूम बच्चों से जबरन बंधुआ मजदूरी कराई जा रही है,Child Safety,locality के ईंट भट्ठे पर नाबालिग मासूम बच्चों से जबरन बंधुआ मजदूरी कराई जा रही है
Widow welfare pension application pending without clearance at block development office in panchayat,Welfare,widow welfare pension application pending without clearance at block development office in panchayat
कस्बे में अनाथ बच्चे पर उसके संरक्षक द्वारा जानलेवा शारीरिक प्रताड़ना और अत्याचार किया जा रहा है,Child Safety,कस्बे में अनाथ बच्चे पर उसके संरक्षक द्वारा जानलेवा शारीरिक प्रताड़ना और अत्याचार किया जा रहा है
टोले से दो छोटे बच्चे दो हफ्तों से लापता हैं और मानव तस्करी का गंभीर अंदेशा है,Child Safety,टोले से दो छोटे बच्चे दो हफ्तों से लापता हैं और मानव तस्करी का गंभीर अंदेशा है
Complete lack of functional toilets for girl students in मोहल्ले government secondary school,Education,complete lack of functional toilets for girl students in मोहल्ले government secondary school
ro plant not working community ro plant in airoli is not working parts need replacement,Civic Neglect,ro plant not working community ro plant in airoli is not working parts need replacement
कंप्यूटर लैब में ताला बंद रहता है और बच्चे बिना कंप्यूटर सीखे ही पास हो रहे हैं,Education,कंप्यूटर लैब में ताला बंद रहता है और बच्चे बिना कंप्यूटर सीखे ही पास हो रहे हैं
वार्ड में 14 साल की नाबालिग बच्ची का गैरकानूनी बाल विवाह कराया जा रहा है तुरंत रोकें,Child Safety,वार्ड में 14 साल की नाबालिग बच्ची का गैरकानूनी बाल विवाह कराया जा रहा है तुरंत रोकें
गांव के ईंट भट्ठे पर 8 साल और 10 साल के मासूम बच्चों से दिन भर मजदूरी कराई जाती है,Child Safety,गांव के ईंट भट्ठे पर 8 साल और 10 साल के मासूम बच्चों से दिन भर मजदूरी कराई जाती है
गांव में सरकार द्वारा आवंटित बासगीत पर्चा वाली जमीन पर भू-माफियाओं ने अवैध कब्जा कर लिया है,Welfare,गांव में सरकार द्वारा आवंटित बासगीत पर्चा वाली जमीन पर भू माफियाओं ने अवैध कब्जा कर लिया है
"Final NOS Award Letter Issued After CPGRAMS Intervention Selected under the National Overseas Scholarship (NOS) 2024 for a Master’s program at the University of Sydney, a student faced uncertainty and delay in receiving her final award letter despite completing all formalities, including income and caste verification. The prolonged wait forced her to consider deferring her university admission. With no timely response from the NOS office, she filed a grievance on the CPGRAMS Portal. The matter was swiftly addressed, and the final award letter was issued within three days, allowing her to proceed with her academic plans without further disruption.",Education,final nos award letter issued after cpgrams intervention selected under the national overseas scholarship nos 2024 for a master s program at the university of sydney a student faced uncertainty and delay in receiving her final award letter despite completing all formalities including income and caste verification the prolonged wait forced her to consider deferring her university admission with no timely response from the nos office she filed a grievance on the cpgrams portal the matter was swiftly addressed and the final award letter was issued within three days allowing her to proceed with her academic plans without further disruption
dead animal not removed dead animal lying on bellary road near goregaon since 2 days nobody is removing it,Civic Neglect,dead animal not removed dead animal lying on bellary road near goregaon since 2 days nobody is removing it
Corrupt housing scheme coordinator demanding illegal gratification for PM Awas grant in ward,Welfare,corrupt housing scheme coordinator demanding illegal gratification for pm awas grant in ward
बस्ती के कन्या मध्य विद्यालय में छात्राओं के लिए कोई सुरक्षित शौचालय और पानी नहीं है,Education,बस्ती के कन्या मध्य विद्यालय में छात्राओं के लिए कोई सुरक्षित शौचालय और पानी नहीं है
desilting not done desilting of drains in velachery before monsoon was not done now flooding,Civic Neglect,desilting not done desilting of drains in velachery before monsoon was not done now flooding
"Relocation of Electricity Power Line Causing Construction Obstruction A resident of Umrai, Vadodara, encountered a major obstacle in carrying out construction work on her property due to the presence of an overhead electricity service line running directly through the site. Despite the fact that the line had been laid without her consent, the local electricity office did not take any action on her request for relocation and instead asked her to bear the cost of ₹5,000–6,000, causing unnecessary financial and procedural hardship. Frustrated by the lack of response, she filed a grievance on the CPGRAMS portal seeking intervention. Upon review, the concerned authorities acknowledged the issue and promptly took corrective measures by relocating the service line to a nearby pole. The action allowed the resident to resume construction, and the grievance was successfully resolved and closed.",Civic Neglect,relocation of electricity power line causing construction obstruction a resident of umrai vadodara encountered a major obstacle in carrying out construction work on her property due to the presence of an overhead electricity service line running directly through the site despite the fact that the line had been laid without her consent the local electricity office did not take any action on her request for relocation and instead asked her to bear the cost of 5 000 6 000 causing unnecessary financial and procedural hardship frustrated by the lack of response she filed a grievance on the cpgrams portal seeking intervention upon review the concerned authorities acknowledged the issue and promptly took corrective measures by relocating the service line to a nearby pole the action allowed the resident to resume construction and the grievance was successfully resolved and closed
School girl facing stalking and abduction threats by local anti-social elements in ward,Child Safety,school girl facing stalking and abduction threats by local anti social elements in ward
बस्ती के सरकारी स्कूल में लंबे समय से शिक्षक अनुपस्थित रहते हैं और पढ़ाई ठप पड़ी है,Education,बस्ती के सरकारी स्कूल में लंबे समय से शिक्षक अनुपस्थित रहते हैं और पढ़ाई ठप पड़ी है
Urgent police action needed to stop illegal child marriage of 13-year-old girl in पंचायत,Child Safety,urgent police action needed to stop illegal child marriage of 13 year old girl in पंचायत
पंचायत की नाबालिग स्कूली छात्रा को आते-जाते समय शोहदे छेड़ते हैं और अपहरण की धमकी देते हैं,Child Safety,पंचायत की नाबालिग स्कूली छात्रा को आते जाते समय शोहदे छेड़ते हैं और अपहरण की धमकी देते हैं
rainwater harvesting pit blocked rwh pit in jp nagar is blocked and overflowing needs cleaning,Civic Neglect,rainwater harvesting pit blocked rwh pit in jp nagar is blocked and overflowing needs cleaning
टोले के स्कूल की छत बरसात में टपकती है और दीवार में दरारें आ गई हैं,Education,टोले के स्कूल की छत बरसात में टपकती है और दीवार में दरारें आ गई हैं
village का संपर्क पुलिया टूट चुका है और आवाजाही पूरी तरह ठप हो गई है,Civic Neglect,village का संपर्क पुलिया टूट चुका है और आवाजाही पूरी तरह ठप हो गई है
Complete lack of functional toilets for girl students in गांव government secondary school,Education,complete lack of functional toilets for girl students in गांव government secondary school
panchayat में प्रधानमंत्री आवास योजना की किस्त जारी करने के नाम पर कर्मचारी रिश्वत मांग रहा है,Welfare,panchayat में प्रधानमंत्री आवास योजना की किस्त जारी करने के नाम पर कर्मचारी रिश्वत मांग रहा है
"Delay in Disbursement Under Kuverbai Na Mameru Yojana A resident of Surat, Gujarat, experienced an undue delay in receiving the financial assistance of ₹12,000 under the Kuverbai Na Mameru Yojana, a scheme designed to provide monetary support to economically weaker families for their daughters’ marriage. Despite submitting a duly completed application along with the required documentation, there was no update or confirmation of the amount being credited to her bank account. Repeated follow-ups yielded no response, causing stress and uncertainty. Seeking redressal, she filed a grievance on the CPGRAMS portal requesting timely intervention. The concerned authorities took prompt cognizance of the matter, reviewed her application, and confirmed that it had been approved. Subsequently, the sanctioned amount was credited to her account, and the grievance was successfully resolved and closed.",Welfare,delay in disbursement under kuverbai na mameru yojana a resident of surat gujarat experienced an undue delay in receiving the financial assistance of 12 000 under the kuverbai na mameru yojana a scheme designed to provide monetary support to economically weaker families for their daughters marriage despite submitting a duly completed application along with the required documentation there was no update or confirmation of the amount being credited to her bank account repeated follow ups yielded no response causing stress and uncertainty seeking redressal she filed a grievance on the cpgrams portal requesting timely intervention the concerned authorities took prompt cognizance of the matter reviewed her application and confirmed that it had been approved subsequently the sanctioned amount was credited to her account and the grievance was successfully resolved and closed
Refusal to issue or renew MGNREGA employment job card to rural jobseekers in वार्ड,Welfare,refusal to issue or renew mgnrega employment job card to rural jobseekers in वार्ड
कस्बे के महादलित परिवारों का राशन कार्ड सूची से जानबूझकर नाम विलोपित कर दिया गया है,Welfare,कस्बे के महादलित परिवारों का राशन कार्ड सूची से जानबूझकर नाम विलोपित कर दिया गया है
Commercial roadside dhaba employing underage child laborers under abusive conditions in वार्ड,Child Safety,commercial roadside dhaba employing underage child laborers under abusive conditions in वार्ड
कस्बे में बेसहारा महिला की विधवा पेंशन का आवेदन पत्र ब्लॉक ऑफिस में दबा रखा है,Welfare,कस्बे में बेसहारा महिला की विधवा पेंशन का आवेदन पत्र ब्लॉक ऑफिस में दबा रखा है
Complete lack of functional toilets for girl students in locality government secondary school,Education,complete lack of functional toilets for girl students in locality government secondary school
dead animal not removed dead animal lying on bellary road near malad since 2 days nobody is removing it,Civic Neglect,dead animal not removed dead animal lying on bellary road near malad since 2 days nobody is removing it
Hazardous child labor in battery dismantling factory without personal protective gear,Child Safety,hazardous child labor in battery dismantling factory without personal protective gear
Scholarship and free uniform grants delayed for scheduled caste students in locality,Education,scholarship and free uniform grants delayed for scheduled caste students in locality
Panchayat high school science teacher absent for entire term without notice,Education,panchayat high school science teacher absent for entire term without notice
Government school in कस्बे has severe teacher absenteeism since last week affecting education,Education,government school in कस्बे has severe teacher absenteeism since last week affecting education
panchayat में किसान सम्मान निधि की किस्त खाते में नहीं पहुंची है जबकि केवाईसी हो चुका है,Welfare,panchayat में किसान सम्मान निधि की किस्त खाते में नहीं पहुंची है जबकि केवाईसी हो चुका है
Panchayat high school in मोहल्ले running without basic science laboratory and math teachers,Education,panchayat high school in मोहल्ले running without basic science laboratory and math teachers
ward की मुख्य सड़क पूरी तरह टूट चुकी है और बड़े बड़े गड्ढे हो गए हैं since last week,Civic Neglect,ward की मुख्य सड़क पूरी तरह टूट चुकी है और बड़े बड़े गड्ढे हो गए हैं since last week
टोले में सार्वजनिक चापाकल और नल जल योजना का पानी पिछले तीन महीने से बंद पड़ा है,Civic Neglect,टोले में सार्वजनिक चापाकल और नल जल योजना का पानी पिछले तीन महीने से बंद पड़ा है
कस्बे में किसान सम्मान निधि की किस्त खाते में नहीं पहुंची है जबकि केवाईसी हो चुका है,Welfare,कस्बे में किसान सम्मान निधि की किस्त खाते में नहीं पहुंची है जबकि केवाईसी हो चुका है
"Missing minor child report from वार्ड, suspected human trafficking racket active",Child Safety,missing minor child report from वार्ड suspected human trafficking racket active
चौराहे पर छोटे मासूम बच्चों से भीख मंगवाई जा रही है और गिरोह के लोग नजर रखते हैं,Child Safety,चौराहे पर छोटे मासूम बच्चों से भीख मंगवाई जा रही है और गिरोह के लोग नजर रखते हैं
locality के विद्यालय में छात्रवृत्ति और पोशाक की सरकारी सहायता राशि अभी तक नहीं दी गई,Education,locality के विद्यालय में छात्रवृत्ति और पोशाक की सरकारी सहायता राशि अभी तक नहीं दी गई
मिडिल स्कूल में छात्राओं के लिए अलग शौचालय नहीं है जिससे लड़कियां स्कूल आना बंद कर रही हैं,Education,मिडिल स्कूल में छात्राओं के लिए अलग शौचालय नहीं है जिससे लड़कियां स्कूल आना बंद कर रही हैं
Disability support allowance withheld since last week causing extreme hardship in locality,Welfare,disability support allowance withheld since last week causing extreme hardship in locality
no water supply no water supply in malad since 2 days tanker also not coming,Civic Neglect,no water supply no water supply in malad since 2 days tanker also not coming
Suspected child traffickers attempting to smuggle adolescent village minors from वार्ड,Child Safety,suspected child traffickers attempting to smuggle adolescent village minors from वार्ड
Free syllabus books not distributed to school students for past few months in locality,Education,free syllabus books not distributed to school students for past few months in locality
service road bad condition service road in t nagar is worse than the village road please resurface,Civic Neglect,service road bad condition service road in t nagar is worse than the village road please resurface
"दिव्यांग पेंशन की राशि पिछले छह महीने से खाते में नहीं आई है, चलने में असमर्थ हैं",Welfare,दिव्यांग पेंशन की राशि पिछले छह महीने से खाते में नहीं आई है चलने में असमर्थ हैं
गांव का बिजली ट्रांसफार्मर जल गया है और पूरी बस्ती में अंधेरा छाया हुआ है,Civic Neglect,गांव का बिजली ट्रांसफार्मर जल गया है और पूरी बस्ती में अंधेरा छाया हुआ है
panchayat में मोटर गैराज में छोटे बच्चों को बंधक बनाकर रात दिन काम करवाया जाता है,Child Safety,panchayat में मोटर गैराज में छोटे बच्चों को बंधक बनाकर रात दिन काम करवाया जाता है
railway station dirty area near goregaon railway station is filthy needs deep cleaning,Civic Neglect,railway station dirty area near goregaon railway station is filthy needs deep cleaning
bio medical waste bio medical waste found near hospital gate in vashi very dangerous for public health,Civic Neglect,bio medical waste bio medical waste found near hospital gate in vashi very dangerous for public health
ward में सार्वजनिक चापाकल और नल जल योजना का पानी for past few months बंद पड़ा है,Civic Neglect,ward में सार्वजनिक चापाकल और नल जल योजना का पानी for past few months बंद पड़ा है
Scholarship and free uniform grants delayed for scheduled caste students in panchayat,Education,scholarship and free uniform grants delayed for scheduled caste students in panchayat
Old age social security pension pending disbursement for senior citizens कई दिनों से in बस्ती,Welfare,old age social security pension pending disbursement for senior citizens कई दिनों से in बस्ती
कस्बे में प्रधानमंत्री आवास योजना की किस्त जारी करने के नाम पर कर्मचारी रिश्वत मांग रहा है,Welfare,कस्बे में प्रधानमंत्री आवास योजना की किस्त जारी करने के नाम पर कर्मचारी रिश्वत मांग रहा है
टोले में दिव्यांग पेंशन की मासिक सहायता राशि लंबे समय से बंद कर दी गई है,Welfare,टोले में दिव्यांग पेंशन की मासिक सहायता राशि लंबे समय से बंद कर दी गई है
Legally allotted homestead land title patta forcefully encroached by landlords in बस्ती,Welfare,legally allotted homestead land title patta forcefully encroached by landlords in बस्ती
colony lights out streetlights in hadapsar colony have not been working for a month total darkness,Civic Neglect,colony lights out streetlights in hadapsar colony have not been working for a month total darkness
junction light needed no streetlight at the junction of hosur road and thane road accidents happening,Civic Neglect,junction light needed no streetlight at the junction of hosur road and thane road accidents happening
road flooded road near main bus stop gets flooded every time it rains no proper drainage,Civic Neglect,road flooded road near main bus stop gets flooded every time it rains no proper drainage
Zameen ka parcha mila tha par kabza nahi diya ja raha dabang roke hain,Welfare,zameen ka parcha mila tha par kabza nahi diya ja raha dabang roke hain
मोहल्ले में अनाथ बच्चे पर उसके संरक्षक द्वारा जानलेवा शारीरिक प्रताड़ना और अत्याचार किया जा रहा है,Child Safety,मोहल्ले में अनाथ बच्चे पर उसके संरक्षक द्वारा जानलेवा शारीरिक प्रताड़ना और अत्याचार किया जा रहा है
village के ईंट भट्ठे पर नाबालिग मासूम बच्चों से जबरन बंधुआ मजदूरी कराई जा रही है,Child Safety,village के ईंट भट्ठे पर नाबालिग मासूम बच्चों से जबरन बंधुआ मजदूरी कराई जा रही है
"NOS Award Letter Issued After CPGRAMS Intervention A student selected for the National Overseas Scholarship (NOS) 2024 to pursue a Master of Commerce (Extension) at an international university faced prolonged delays in receiving the final award letter, despite completing all necessary formalities including income and caste verification. The delay created uncertainty and forced her to defer her university intake. Seeking resolution, she filed a grievance on the CPGRAMS Portal. In response, the concerned authorities promptly reviewed the case and issued the award letter within three days, enabling her to proceed with the admission process.",Education,nos award letter issued after cpgrams intervention a student selected for the national overseas scholarship nos 2024 to pursue a master of commerce extension at an international university faced prolonged delays in receiving the final award letter despite completing all necessary formalities including income and caste verification the delay created uncertainty and forced her to defer her university intake seeking resolution she filed a grievance on the cpgrams portal in response the concerned authorities promptly reviewed the case and issued the award letter within three days enabling her to proceed with the admission process
village के प्राथमिक विद्यालय का हैंडपंप खराब है और बच्चों को पीने का पानी नहीं मिलता,Education,village के प्राथमिक विद्यालय का हैंडपंप खराब है और बच्चों को पीने का पानी नहीं मिलता
nala overflowing nala near water tank is overflowing during rains houses are getting flooded,Civic Neglect,nala overflowing nala near water tank is overflowing during rains houses are getting flooded
Dangerous waste sorting and glass recycling involving unequipped minor school dropouts,Child Safety,dangerous waste sorting and glass recycling involving unequipped minor school dropouts
locality के ढाबे और होटल पर 11 साल के बच्चे से 14 घंटे झूठे बर्तन धुलवाए जा रहे हैं और मारते हैं,Child Safety,locality के ढाबे और होटल पर 11 साल के बच्चे से 14 घंटे झूठे बर्तन धुलवाए जा रहे हैं और मारते हैं
ward के हाई स्कूल में विज्ञान और गणित के मास्टर की भारी कमी है,Education,ward के हाई स्कूल में विज्ञान और गणित के मास्टर की भारी कमी है
Government school in टोले has severe teacher absenteeism since last week affecting education,Education,government school in टोले has severe teacher absenteeism since last week affecting education
School girl facing stalking and abduction threats by local anti-social elements in village,Child Safety,school girl facing stalking and abduction threats by local anti social elements in village
Hazardous scrap collection and toxic waste handling involving small children in panchayat,Child Safety,hazardous scrap collection and toxic waste handling involving small children in panchayat
बस्ती में एक संदिग्ध दलाल गरीब परिवार के बच्चों को बहला फुसला कर बाहर ले जाने के चक्कर में है,Child Safety,बस्ती में एक संदिग्ध दलाल गरीब परिवार के बच्चों को बहला फुसला कर बाहर ले जाने के चक्कर में है
ward के ईंट भट्ठे पर नाबालिग मासूम बच्चों से जबरन बंधुआ मजदूरी कराई जा रही है,Child Safety,ward के ईंट भट्ठे पर नाबालिग मासूम बच्चों से जबरन बंधुआ मजदूरी कराई जा रही है
desilting not done desilting of drains in powai before monsoon was not done now flooding,Civic Neglect,desilting not done desilting of drains in powai before monsoon was not done now flooding
Urgent police action needed to stop illegal child marriage of 13-year-old girl in टोले,Child Safety,urgent police action needed to stop illegal child marriage of 13 year old girl in टोले
Public drinking water handpump dry and defunct causing water crisis in गांव,Civic Neglect,public drinking water handpump dry and defunct causing water crisis in गांव
Ration dealer ration cut kar leta hai aur receipt mangne par gali deta hai,Welfare,ration dealer ration cut kar leta hai aur receipt mangne par gali deta hai
fountain broken filthy public fountain near gurudwara is broken and the stagnant water is filthy,Civic Neglect,fountain broken filthy public fountain near gurudwara is broken and the stagnant water is filthy
manhole cover missing manhole cover missing near temple a bike rider fell into it yesterday,Civic Neglect,manhole cover missing manhole cover missing near temple a bike rider fell into it yesterday
Naali ka ganda paani sadak par beh raha hai aur badboo se rehna mushkil ho gaya hai,Civic Neglect,naali ka ganda paani sadak par beh raha hai aur badboo se rehna mushkil ho gaya hai
Lack of qualified teaching staff in government secondary educational institution,Education,lack of qualified teaching staff in government secondary educational institution
ward के कन्या मध्य विद्यालय में छात्राओं के लिए कोई सुरक्षित शौचालय और पानी नहीं है,Education,ward के कन्या मध्य विद्यालय में छात्राओं के लिए कोई सुरक्षित शौचालय और पानी नहीं है
Hazardous scrap collection and toxic waste handling involving small children in मोहल्ले,Child Safety,hazardous scrap collection and toxic waste handling involving small children in मोहल्ले
टोले के प्राथमिक विद्यालय का हैंडपंप खराब है और बच्चों को पीने का पानी नहीं मिलता,Education,टोले के प्राथमिक विद्यालय का हैंडपंप खराब है और बच्चों को पीने का पानी नहीं मिलता
Principal demanding cash bribes for school transfer certificate and report card in मोहल्ले,Education,principal demanding cash bribes for school transfer certificate and report card in मोहल्ले
Old age social security pension pending disbursement for senior citizens for months in panchayat,Welfare,old age social security pension pending disbursement for senior citizens for months in panchayat
Refusal to issue or renew MGNREGA employment job card to rural jobseekers in मोहल्ले,Welfare,refusal to issue or renew mgnrega employment job card to rural jobseekers in मोहल्ले
streetlight pole fallen streetlight pole near market square has fallen down wires are exposed,Civic Neglect,streetlight pole fallen streetlight pole near market square has fallen down wires are exposed
road junction dangerous the junction at nh 44 and ameerpet main road has no signals accidents daily,Civic Neglect,road junction dangerous the junction at nh 44 and ameerpet main road has no signals accidents daily
panchayat के ईंट भट्ठे पर नाबालिग मासूम बच्चों से जबरन बंधुआ मजदूरी कराई जा रही है,Child Safety,panchayat के ईंट भट्ठे पर नाबालिग मासूम बच्चों से जबरन बंधुआ मजदूरी कराई जा रही है
no drainage system new layout in gachibowli has no proper drainage system rainwater stands for days,Civic Neglect,no drainage system new layout in gachibowli has no proper drainage system rainwater stands for days
"Water Facility Restored at Anganwadi Centre A defunct handpump at an Anganwadi Centre in Munda Tola, had been non-functional for over a year. The lack of an alternate water source caused significant hardship to the children and residents in the area. Unlike neighboring tolas with regular water supply, this locality remained neglected. A grievance was raised on the CPGRAMS Portal regarding this issue. Upon reviewing the case, the concerned authorities repaired the handpump, restoring regular water access to the centre and nearby residents. The issue was resolved within a week.",Welfare,water facility restored at anganwadi centre a defunct handpump at an anganwadi centre in munda tola had been non functional for over a year the lack of an alternate water source caused significant hardship to the children and residents in the area unlike neighboring tolas with regular water supply this locality remained neglected a grievance was raised on the cpgrams portal regarding this issue upon reviewing the case the concerned authorities repaired the handpump restoring regular water access to the centre and nearby residents the issue was resolved within a week
"Missing minor child report from ward, suspected human trafficking racket active",Child Safety,missing minor child report from ward suspected human trafficking racket active
मास्टर साहब बच्चों से स्कूल में अपनी गाड़ी धुलवाते हैं और झाड़ू पोछा लगवाते हैं,Education,मास्टर साहब बच्चों से स्कूल में अपनी गाड़ी धुलवाते हैं और झाड़ू पोछा लगवाते हैं
विद्यालय का चापाकल खराब है और बच्चों को चिलचिलाती धूप में पानी पीने बाहर जाना पड़ता है,Education,विद्यालय का चापाकल खराब है और बच्चों को चिलचिलाती धूप में पानी पीने बाहर जाना पड़ता है
Panchayat high school in कस्बे running without basic science laboratory and math teachers,Education,panchayat high school in कस्बे running without basic science laboratory and math teachers
Midday meal food poison risk due to unhygienic rotten food served in वार्ड primary school,Education,midday meal food poison risk due to unhygienic rotten food served in वार्ड primary school
illegal water connection someone has taken illegal water connection near hospital gate reducing our supply,Civic Neglect,illegal water connection someone has taken illegal water connection near hospital gate reducing our supply
panchayat से दो छोटे बच्चे since last week लापता हैं और मानव तस्करी का गंभीर अंदेशा है,Child Safety,panchayat से दो छोटे बच्चे since last week लापता हैं और मानव तस्करी का गंभीर अंदेशा है
Panchayat high school in टोले running without basic science laboratory and math teachers,Education,panchayat high school in टोले running without basic science laboratory and math teachers
Complete lack of functional toilets for girl students in वार्ड government secondary school,Education,complete lack of functional toilets for girl students in वार्ड government secondary school
Refusal to issue or renew MGNREGA employment job card to rural jobseekers in panchayat,Welfare,refusal to issue or renew mgnrega employment job card to rural jobseekers in panchayat
no pourakarmikas ward hadapsar has no pourakarmikas streets are filthy for a week now,Civic Neglect,no pourakarmikas ward hadapsar has no pourakarmikas streets are filthy for a week now
Insect found in cooked midday meal served to primary school children,Education,insect found in cooked midday meal served to primary school children
14 saal ki ladki ka baal vivah karwaya ja raha hai turant police bhejiye,Child Safety,14 saal ki ladki ka baal vivah karwaya ja raha hai turant police bhejiye
locality की नाबालिग स्कूली छात्रा को आते-जाते समय शोहदे छेड़ते हैं और अपहरण की धमकी देते हैं,Child Safety,locality की नाबालिग स्कूली छात्रा को आते जाते समय शोहदे छेड़ते हैं और अपहरण की धमकी देते हैं
कक्षा एक से पांच तक के बच्चों को एक ही कमरे में बैठाकर खानापूर्ति की जा रही है,Education,कक्षा एक से पांच तक के बच्चों को एक ही कमरे में बैठाकर खानापूर्ति की जा रही है
no drainage system new layout in bandra has no proper drainage system rainwater stands for days,Civic Neglect,no drainage system new layout in bandra has no proper drainage system rainwater stands for days
"माता पिता की मृत्यु के बाद बच्ची पर जबरन शादी का दबाव बनाया जा रहा है, कृपया रक्षा करें",Child Safety,माता पिता की मृत्यु के बाद बच्ची पर जबरन शादी का दबाव बनाया जा रहा है कृपया रक्षा करें
पंचायत के स्कूल में प्रधानाध्यापक टीसी और दाखिले के नाम पर जबरन अवैध वसूली कर रहे हैं,Education,पंचायत के स्कूल में प्रधानाध्यापक टीसी और दाखिले के नाम पर जबरन अवैध वसूली कर रहे हैं
बस्ती में प्रधानमंत्री आवास योजना की किस्त जारी करने के नाम पर कर्मचारी रिश्वत मांग रहा है,Welfare,बस्ती में प्रधानमंत्री आवास योजना की किस्त जारी करने के नाम पर कर्मचारी रिश्वत मांग रहा है
मोहल्ले के बस स्टैंड पर छोटे बच्चों से जबरन भीख मंगवाने वाला गिरोह सक्रिय है,Child Safety,मोहल्ले के बस स्टैंड पर छोटे बच्चों से जबरन भीख मंगवाने वाला गिरोह सक्रिय है
Anganwadi center 3 hafte se band pada hai worker gayab hai,Education,anganwadi center 3 hafte se band pada hai worker gayab hai
खेतों में कीटनाशक छिड़कने और कबाड़ बीनने के खतरनाक काम में छोटे बच्चों को लगाया गया है,Child Safety,खेतों में कीटनाशक छिड़कने और कबाड़ बीनने के खतरनाक काम में छोटे बच्चों को लगाया गया है
"DBT Account Seeding Issue Resolved Through CPGRAMS A beneficiary reported an issue with Aadhaar-linked DBT transactions due to an inactive HDFC Bank account being seeded in the NPCI database since 29/10/2021. The complainant requested de-seeding of the inactive HDFC account and the seeding of an active Canara Bank account to ensure future DBT payments are credited correctly. Upon filing a grievance on the CPGRAMS Portal, the matter was resolved within 12 days. The concerned authorities confirmed successful linkage of the Canara Bank account with Aadhaar for DBT purposes, ensuring proper credit of future payments.",Welfare,dbt account seeding issue resolved through cpgrams a beneficiary reported an issue with aadhaar linked dbt transactions due to an inactive hdfc bank account being seeded in the npci database since 29 10 2021 the complainant requested de seeding of the inactive hdfc account and the seeding of an active canara bank account to ensure future dbt payments are credited correctly upon filing a grievance on the cpgrams portal the matter was resolved within 12 days the concerned authorities confirmed successful linkage of the canara bank account with aadhaar for dbt purposes ensuring proper credit of future payments
Free syllabus books not distributed to school students for past few months in टोले,Education,free syllabus books not distributed to school students for past few months in टोले
locality में किसान सम्मान निधि की किस्त खाते में नहीं पहुंची है जबकि केवाईसी हो चुका है,Welfare,locality में किसान सम्मान निधि की किस्त खाते में नहीं पहुंची है जबकि केवाईसी हो चुका है
Physical disability financial assistance terminated without medical review,Welfare,physical disability financial assistance terminated without medical review
"TA/DA Payment Released After Delay in Evaluation Duty Reimbursement A school teacher from Shillong, who served as an examiner for CBSE Class XII under the Guwahati Regional Office, faced delays in receiving his TA/DA reimbursement for evaluation duty. Despite multiple follow-ups, the dues remained unpaid. Seeking redressal, the examiner filed a grievance on the CPGRAMS Portal. Within a month, the grievance was acknowledged and resolved, and the TA/DA payment was successfully processed.",Education,ta da payment released after delay in evaluation duty reimbursement a school teacher from shillong who served as an examiner for cbse class xii under the guwahati regional office faced delays in receiving his ta da reimbursement for evaluation duty despite multiple follow ups the dues remained unpaid seeking redressal the examiner filed a grievance on the cpgrams portal within a month the grievance was acknowledged and resolved and the ta da payment was successfully processed
"Delay in Driver’s License Endorsement Approva A citizen experienced an undue delay in obtaining approval for an additional endorsement on his Driver’s License, despite having successfully cleared the required driving skill test. Even after waiting for more than a month, there was no update or progress on the application, causing concern and inconvenience. To seek redressal, he lodged a grievance on the CPGRAMS Portal. Following the escalation, the concerned authorities reviewed the matter, processed the pending request, and approved the application. The grievance was accordingly resolved to the satisfaction of the complainant.",Civic Neglect,delay in driver s license endorsement approva a citizen experienced an undue delay in obtaining approval for an additional endorsement on his driver s license despite having successfully cleared the required driving skill test even after waiting for more than a month there was no update or progress on the application causing concern and inconvenience to seek redressal he lodged a grievance on the cpgrams portal following the escalation the concerned authorities reviewed the matter processed the pending request and approved the application the grievance was accordingly resolved to the satisfaction of the complainant
"Settlement of pending Provident Fund claim Smt. Pankhuri Sinha resubmitted her PF withdrawal claim after her initial submission was rejected due to discrepancies in the exit date and a mismatch in her father's name in EPFO records. In her resubmission, the complainant furnished additional documents to reconcile pertaining issues. Consequently, the PF claim amounting to ₹5,30,664/- was settled and shall be credited to her bank account in due course. The grievance was successfully resolved within a month, ensuring the complainant's satisfaction.",Welfare,settlement of pending provident fund claim smt pankhuri sinha resubmitted her pf withdrawal claim after her initial submission was rejected due to discrepancies in the exit date and a mismatch in her father s name in epfo records in her resubmission the complainant furnished additional documents to reconcile pertaining issues consequently the pf claim amounting to 5 30 664 was settled and shall be credited to her bank account in due course the grievance was successfully resolved within a month ensuring the complainant s satisfaction
low water pressure very low water pressure in bandra water barely comes to the first floor,Civic Neglect,low water pressure very low water pressure in bandra water barely comes to the first floor
Corrupt principal extorting money from poor parents during new admissions,Education,corrupt principal extorting money from poor parents during new admissions
टोले के बस स्टैंड पर छोटे बच्चों से जबरन भीख मंगवाने वाला गिरोह सक्रिय है,Child Safety,टोले के बस स्टैंड पर छोटे बच्चों से जबरन भीख मंगवाने वाला गिरोह सक्रिय है
Housing scheme beneficiary extortion by corrupt local administrative staff,Welfare,housing scheme beneficiary extortion by corrupt local administrative staff
पंचायत में कबाड़ गोदाम पर नाबालिग बच्चों से खतरनाक कांच और केमिकल का काम कराया जा रहा है,Child Safety,पंचायत में कबाड़ गोदाम पर नाबालिग बच्चों से खतरनाक कांच और केमिकल का काम कराया जा रहा है
drainage construction incomplete drainage construction in malleshwaram started 2 months ago but left incomplete causing flooding,Civic Neglect,drainage construction incomplete drainage construction in malleshwaram started 2 months ago but left incomplete causing flooding
अनाथ बच्चे को उसके रिश्तेदार द्वारा कमरे में बंद करके बुरी तरह पीटा जाता है और भूखा रखा जाता है,Child Safety,अनाथ बच्चे को उसके रिश्तेदार द्वारा कमरे में बंद करके बुरी तरह पीटा जाता है और भूखा रखा जाता है
टोले में एक संदिग्ध दलाल गरीब परिवार के बच्चों को बहला फुसला कर बाहर ले जाने के चक्कर में है,Child Safety,टोले में एक संदिग्ध दलाल गरीब परिवार के बच्चों को बहला फुसला कर बाहर ले जाने के चक्कर में है
"LPG Subsidy Credited After Aadhaar- NPCI Linkage Issue Resolved A consumer holding an HP Gas LPG connection faced non-receipt of LPG subsidy for several months. The LPG distributor cited an Aadhaar linkage issue with NPCI, while the bank confirmed correct linkage. Seeking clarity and resolution, a grievance was filed on the CPGRAMS Portal. Upon verification by the concerned authorities, the linkage issue was addressed, and the pending subsidy was successfully credited to the registered account.",Welfare,lpg subsidy credited after aadhaar npci linkage issue resolved a consumer holding an hp gas lpg connection faced non receipt of lpg subsidy for several months the lpg distributor cited an aadhaar linkage issue with npci while the bank confirmed correct linkage seeking clarity and resolution a grievance was filed on the cpgrams portal upon verification by the concerned authorities the linkage issue was addressed and the pending subsidy was successfully credited to the registered account
टोले में गरीब मजदूरों को जॉब कार्ड देने से पंचायत रोजगार सेवक साफ इनकार कर रहा है,Welfare,टोले में गरीब मजदूरों को जॉब कार्ड देने से पंचायत रोजगार सेवक साफ इनकार कर रहा है
ward से दो छोटे बच्चे for months लापता हैं और मानव तस्करी का गंभीर अंदेशा है,Child Safety,ward से दो छोटे बच्चे for months लापता हैं और मानव तस्करी का गंभीर अंदेशा है
Minor child trafficking syndicate operating near rural border bus stand targeting migrant minors,Child Safety,minor child trafficking syndicate operating near rural border bus stand targeting migrant minors
ward में राशन डीलर हर कार्डधारी से दो किलो अनाज की कटौती करता है और पर्ची नहीं देता,Welfare,ward में राशन डीलर हर कार्डधारी से दो किलो अनाज की कटौती करता है और पर्ची नहीं देता
Severe domestic physical violence and cruelty reported against orphan child in कस्बे,Child Safety,severe domestic physical violence and cruelty reported against orphan child in कस्बे
Anganwadi center locked and infant nutrition grains stolen by supervisor in मोहल्ले,Education,anganwadi center locked and infant nutrition grains stolen by supervisor in मोहल्ले
Urgent police action needed to stop illegal child marriage of 13-year-old girl in village,Child Safety,urgent police action needed to stop illegal child marriage of 13 year old girl in village
कस्बे के आंगनवाड़ी केंद्र पर बच्चों को सूखा राशन और पोषाहार नहीं मिल रहा है,Education,कस्बे के आंगनवाड़ी केंद्र पर बच्चों को सूखा राशन और पोषाहार नहीं मिल रहा है
पंचायत के सरकारी स्कूल में बच्चों को निःशुल्क किताबें कई दिनों से नहीं बांटी गई हैं,Education,पंचायत के सरकारी स्कूल में बच्चों को निःशुल्क किताबें कई दिनों से नहीं बांटी गई हैं
panchayat के प्राथमिक विद्यालय का हैंडपंप खराब है और बच्चों को पीने का पानी नहीं मिलता,Education,panchayat के प्राथमिक विद्यालय का हैंडपंप खराब है और बच्चों को पीने का पानी नहीं मिलता
open drain dangerous open drain on ecr near goregaon is very dangerous children might fall in,Civic Neglect,open drain dangerous open drain on ecr near goregaon is very dangerous children might fall in
ro plant not working community ro plant in gachibowli is not working parts need replacement,Civic Neglect,ro plant not working community ro plant in gachibowli is not working parts need replacement
Anganwadi center locked and infant nutrition grains stolen by supervisor in पंचायत,Education,anganwadi center locked and infant nutrition grains stolen by supervisor in पंचायत
ward के सरकारी स्कूल में कई दिनों से शिक्षक अनुपस्थित रहते हैं और पढ़ाई ठप पड़ी है,Education,ward के सरकारी स्कूल में कई दिनों से शिक्षक अनुपस्थित रहते हैं और पढ़ाई ठप पड़ी है
Widow welfare pension application pending without clearance at block development office in ward,Welfare,widow welfare pension application pending without clearance at block development office in ward
प्राथमिक विद्यालय में शिक्षक महीनों से नहीं आते और स्कूल पर अक्सर ताला लटका रहता है,Education,प्राथमिक विद्यालय में शिक्षक महीनों से नहीं आते और स्कूल पर अक्सर ताला लटका रहता है
Urgent police action needed to stop illegal child marriage of 13-year-old girl in मोहल्ले,Child Safety,urgent police action needed to stop illegal child marriage of 13 year old girl in मोहल्ले
no waste segregation ward office in indiranagar is not enforcing waste segregation everything is mixed,Civic Neglect,no waste segregation ward office in indiranagar is not enforcing waste segregation everything is mixed
village के आंगनवाड़ी केंद्र पर बच्चों को सूखा राशन और पोषाहार नहीं मिल रहा है,Education,village के आंगनवाड़ी केंद्र पर बच्चों को सूखा राशन और पोषाहार नहीं मिल रहा है
High school physics and chemistry laboratory equipment non existent,Education,high school physics and chemistry laboratory equipment non existent
गांव में कबाड़ गोदाम पर नाबालिग बच्चों से खतरनाक कांच और केमिकल का काम कराया जा रहा है,Child Safety,गांव में कबाड़ गोदाम पर नाबालिग बच्चों से खतरनाक कांच और केमिकल का काम कराया जा रहा है
dustbin overflowing the community dustbin near railway crossing is overflowing stray dogs are spreading garbage,Civic Neglect,dustbin overflowing the community dustbin near railway crossing is overflowing stray dogs are spreading garbage
Bhatthe par 10 saal ke bache se eent uthwaya ja raha hai din bhar,Child Safety,bhatthe par 10 saal ke bache se eent uthwaya ja raha hai din bhar
Organized child begging syndicate exploiting kidnapped children near railway station in कस्बे,Child Safety,organized child begging syndicate exploiting kidnapped children near railway station in कस्बे
locality में दिव्यांग पेंशन की मासिक सहायता राशि for months बंद कर दी गई है,Welfare,locality में दिव्यांग पेंशन की मासिक सहायता राशि for months बंद कर दी गई है
"Missing minor child report from टोले, suspected human trafficking racket active",Child Safety,missing minor child report from टोले suspected human trafficking racket active
locality में प्रधानमंत्री आवास योजना की किस्त जारी करने के नाम पर कर्मचारी रिश्वत मांग रहा है,Welfare,locality में प्रधानमंत्री आवास योजना की किस्त जारी करने के नाम पर कर्मचारी रिश्वत मांग रहा है
"Electric power transformer burnt out, no electricity in locality दो हफ्तों से",Civic Neglect,electric power transformer burnt out no electricity in locality दो हफ्तों से
village से दो छोटे बच्चे पिछले तीन महीने से लापता हैं और मानव तस्करी का गंभीर अंदेशा है,Child Safety,village से दो छोटे बच्चे पिछले तीन महीने से लापता हैं और मानव तस्करी का गंभीर अंदेशा है
Chhoti ladki ko bechne ki koshish ki ja rahi hai gaon ke bahar,Child Safety,chhoti ladki ko bechne ki koshish ki ja rahi hai gaon ke bahar
tanker water not clean corporation tanker providing dirty water to gachibowli found insects in it,Civic Neglect,tanker water not clean corporation tanker providing dirty water to gachibowli found insects in it
पंचायत में गरीब मजदूरों को जॉब कार्ड देने से पंचायत रोजगार सेवक साफ इनकार कर रहा है,Welfare,पंचायत में गरीब मजदूरों को जॉब कार्ड देने से पंचायत रोजगार सेवक साफ इनकार कर रहा है
locality से दो छोटे बच्चे since last week लापता हैं और मानव तस्करी का गंभीर अंदेशा है,Child Safety,locality से दो छोटे बच्चे since last week लापता हैं और मानव तस्करी का गंभीर अंदेशा है
बस्ती में गरीब मजदूरों को जॉब कार्ड देने से पंचायत रोजगार सेवक साफ इनकार कर रहा है,Welfare,बस्ती में गरीब मजदूरों को जॉब कार्ड देने से पंचायत रोजगार सेवक साफ इनकार कर रहा है
Minor boy forced into unpaid bonded labor in automobile workshop in ward,Child Safety,minor boy forced into unpaid bonded labor in automobile workshop in ward
Legally allotted homestead land title patta forcefully encroached by landlords in गांव,Welfare,legally allotted homestead land title patta forcefully encroached by landlords in गांव
village के बुजुर्गों की वृद्धावस्था पेंशन कई दिनों से बैंक खाते में नहीं आई है,Welfare,village के बुजुर्गों की वृद्धावस्था पेंशन कई दिनों से बैंक खाते में नहीं आई है
बस्ती के स्कूल में प्रधानाध्यापक टीसी और दाखिले के नाम पर जबरन अवैध वसूली कर रहे हैं,Education,बस्ती के स्कूल में प्रधानाध्यापक टीसी और दाखिले के नाम पर जबरन अवैध वसूली कर रहे हैं
Direct benefit transfer installment of agricultural income support failed in बस्ती,Welfare,direct benefit transfer installment of agricultural income support failed in बस्ती
गांव के बुजुर्गों की वृद्धावस्था पेंशन कई दिनों से बैंक खाते में नहीं आई है,Welfare,गांव के बुजुर्गों की वृद्धावस्था पेंशन कई दिनों से बैंक खाते में नहीं आई है
footpath dirty footpath near church is covered in dirt and spit marks please clean,Civic Neglect,footpath dirty footpath near church is covered in dirt and spit marks please clean
बस्ती के बस स्टैंड पर छोटे बच्चों से जबरन भीख मंगवाने वाला गिरोह सक्रिय है,Child Safety,बस्ती के बस स्टैंड पर छोटे बच्चों से जबरन भीख मंगवाने वाला गिरोह सक्रिय है
"Electric power transformer burnt out, no electricity in बस्ती since last week",Civic Neglect,electric power transformer burnt out no electricity in बस्ती since last week
Urgent police action needed to stop illegal child marriage of 13-year-old girl in कस्बे,Child Safety,urgent police action needed to stop illegal child marriage of 13 year old girl in कस्बे
वार्ड में दिव्यांग पेंशन की मासिक सहायता राशि लंबे समय से बंद कर दी गई है,Welfare,वार्ड में दिव्यांग पेंशन की मासिक सहायता राशि लंबे समय से बंद कर दी गई है
"Grievance Regarding Partial Refund and Delay in Certificate Return from Sri Ramakrishna Institute of Technology A student had taken admission to Sri Ramakrishna Institute of Technology in Coimbatore but later withdrew due to the long travel distance from home. Despite having paid ₹1,05,000 during admission, only ₹86,000 was refunded, and there was an inordinate delay in returning the original certificates. Facing difficulty in obtaining both the balance refund and documents, a grievance was lodged on the CPGRAMS portal. Following the intervention of concerned authorities, the matter was resolved, and the institute returned the original certificates and refunded the remaining amount, ensuring full redressal of the grievance.",Education,grievance regarding partial refund and delay in certificate return from sri ramakrishna institute of technology a student had taken admission to sri ramakrishna institute of technology in coimbatore but later withdrew due to the long travel distance from home despite having paid 1 05 000 during admission only 86 000 was refunded and there was an inordinate delay in returning the original certificates facing difficulty in obtaining both the balance refund and documents a grievance was lodged on the cpgrams portal following the intervention of concerned authorities the matter was resolved and the institute returned the original certificates and refunded the remaining amount ensuring full redressal of the grievance
Flooded road and waterlogging due to blocked storm drainage in कस्बे,Civic Neglect,flooded road and waterlogging due to blocked storm drainage in कस्बे
bio medical waste bio medical waste found near fire station in velachery very dangerous for public health,Civic Neglect,bio medical waste bio medical waste found near fire station in velachery very dangerous for public health
MGNREGA wage payments overdue for poor manual laborers दो हफ्तों से in village,Welfare,mgnrega wage payments overdue for poor manual laborers दो हफ्तों से in village
potholes everywhere multiple potholes on omr near kothrud commuters are suffering daily,Civic Neglect,potholes everywhere multiple potholes on omr near kothrud commuters are suffering daily
"Government rural clinic locked without doctor, basic first aid unavailable",Civic Neglect,government rural clinic locked without doctor basic first aid unavailable
"Inconsistent Power Supply in Bhikam Colony, Faridabad, Haryana A resident of Bhikam Colony, Faridabad, Haryana, faced continuous power disruptions due to a fault in the electricity supply, where only one phase was functioning while the other remained inactive. This led to nightly power outages for six consecutive days, severely affecting the routine and comfort of residents in the area. Despite the persistence of the issue, no corrective action was initially taken. Seeking timely intervention, a grievance was lodged on the CPGRAMS portal. In response, the area in-charge Junior Engineer (JE) conducted a site inspection, identified the technical fault, and resolved the issue by replacing the transformer supply cable and repairing the LT fuse. The consumer was informed of the resolution, and the grievance was successfully closed.",Civic Neglect,inconsistent power supply in bhikam colony faridabad haryana a resident of bhikam colony faridabad haryana faced continuous power disruptions due to a fault in the electricity supply where only one phase was functioning while the other remained inactive this led to nightly power outages for six consecutive days severely affecting the routine and comfort of residents in the area despite the persistence of the issue no corrective action was initially taken seeking timely intervention a grievance was lodged on the cpgrams portal in response the area in charge junior engineer je conducted a site inspection identified the technical fault and resolved the issue by replacing the transformer supply cable and repairing the lt fuse the consumer was informed of the resolution and the grievance was successfully closed
ward में मोटर गैराज में छोटे बच्चों को बंधक बनाकर रात दिन काम करवाया जाता है,Child Safety,ward में मोटर गैराज में छोटे बच्चों को बंधक बनाकर रात दिन काम करवाया जाता है
Dysfunctional drinking water handpump inside government school compound in गांव,Education,dysfunctional drinking water handpump inside government school compound in गांव
मोहल्ले में राशन डीलर हर कार्डधारी से दो किलो अनाज की कटौती करता है और पर्ची नहीं देता,Welfare,मोहल्ले में राशन डीलर हर कार्डधारी से दो किलो अनाज की कटौती करता है और पर्ची नहीं देता
panchayat की नाबालिग स्कूली छात्रा को आते-जाते समय शोहदे छेड़ते हैं और अपहरण की धमकी देते हैं,Child Safety,panchayat की नाबालिग स्कूली छात्रा को आते जाते समय शोहदे छेड़ते हैं और अपहरण की धमकी देते हैं
public toilet dirty public toilet near water tank is extremely dirty nobody is cleaning it,Civic Neglect,public toilet dirty public toilet near water tank is extremely dirty nobody is cleaning it
road not repaired road in bandra has not been repaired since last year multiple complaints ignored,Civic Neglect,road not repaired road in bandra has not been repaired since last year multiple complaints ignored
"Electric power transformer burnt out, no electricity in पंचायत लंबे समय से",Civic Neglect,electric power transformer burnt out no electricity in पंचायत लंबे समय से
Main connecting asphalt road in पंचायत severely damaged with deep potholes पिछले तीन महीने से,Civic Neglect,main connecting asphalt road in पंचायत severely damaged with deep potholes पिछले तीन महीने से
uneven road surface the road surface near metro station is very uneven and bumpy two wheelers are skidding,Civic Neglect,uneven road surface the road surface near metro station is very uneven and bumpy two wheelers are skidding
Ration dealer forcing biometric thumbprint on POS machine and refusing foodgrain delivery,Welfare,ration dealer forcing biometric thumbprint on pos machine and refusing foodgrain delivery
मोहल्ले में सार्वजनिक चापाकल और नल जल योजना का पानी since last week बंद पड़ा है,Civic Neglect,मोहल्ले में सार्वजनिक चापाकल और नल जल योजना का पानी since last week बंद पड़ा है
बस्ती के हाई स्कूल में विज्ञान और गणित के मास्टर की भारी कमी है,Education,बस्ती के हाई स्कूल में विज्ञान और गणित के मास्टर की भारी कमी है
Dhabe par chhota bachha bartan dho raha hai aur maalik usko maarta hai,Child Safety,dhabe par chhota bachha bartan dho raha hai aur maalik usko maarta hai
Commercial exploitation of street children forced into coordinated daytime begging,Child Safety,commercial exploitation of street children forced into coordinated daytime begging
lighting in underpass underpass near sbi atm has no lighting very scary to walk through,Civic Neglect,lighting in underpass underpass near sbi atm has no lighting very scary to walk through
कबाड़ की दुकान पर छोटे बच्चे शीशा और जंग लगा लोहा बीनने का खतरनाक काम कर रहे हैं,Child Safety,कबाड़ की दुकान पर छोटे बच्चे शीशा और जंग लगा लोहा बीनने का खतरनाक काम कर रहे हैं
ward के सरकारी स्कूल में बच्चों को निःशुल्क किताबें since last week नहीं बांटी गई हैं,Education,ward के सरकारी स्कूल में बच्चों को निःशुल्क किताबें since last week नहीं बांटी गई हैं
अस्पताल की एम्बुलेंस सेवा फोन करने पर नहीं आती और समय पर मरीज को इलाज नहीं मिलता,Civic Neglect,अस्पताल की एम्बुलेंस सेवा फोन करने पर नहीं आती और समय पर मरीज को इलाज नहीं मिलता
"Medical Insurance Claim Settled After Delay Beyond IRDAI Timeline A citizen from Ahmedabad faced an inordinate delay in the settlement of a medical insurance claim amounting to ₹2,44,157 for a cardiac stent procedure. Although the claim was submitted to Reliance General Insurance in early March 2024, it was not processed within the 30-day timeline prescribed by IRDAI, resulting in a delay of over 60 days. With no resolution through standard channels, the citizen eventually filed a grievance on the CPGRAMS portal. Following this, the insurance company reviewed the case and settled the full claim amount within 8 days. The grievance was thus resolved to the satisfaction of the complainant.",Welfare,medical insurance claim settled after delay beyond irdai timeline a citizen from ahmedabad faced an inordinate delay in the settlement of a medical insurance claim amounting to 2 44 157 for a cardiac stent procedure although the claim was submitted to reliance general insurance in early march 2024 it was not processed within the 30 day timeline prescribed by irdai resulting in a delay of over 60 days with no resolution through standard channels the citizen eventually filed a grievance on the cpgrams portal following this the insurance company reviewed the case and settled the full claim amount within 8 days the grievance was thus resolved to the satisfaction of the complainant
wedding garbage marriage hall near metro station dumping all waste on the road not using bins,Civic Neglect,wedding garbage marriage hall near metro station dumping all waste on the road not using bins
कस्बे में एक संदिग्ध दलाल गरीब परिवार के बच्चों को बहला फुसला कर बाहर ले जाने के चक्कर में है,Child Safety,कस्बे में एक संदिग्ध दलाल गरीब परिवार के बच्चों को बहला फुसला कर बाहर ले जाने के चक्कर में है
Urgent police action needed to stop illegal child marriage of 13-year-old girl in locality,Child Safety,urgent police action needed to stop illegal child marriage of 13 year old girl in locality
manhole cover missing manhole cover missing near railway crossing a bike rider fell into it yesterday,Civic Neglect,manhole cover missing manhole cover missing near railway crossing a bike rider fell into it yesterday
Disability support allowance withheld दो हफ्तों से causing extreme hardship in टोले,Welfare,disability support allowance withheld दो हफ्तों से causing extreme hardship in टोले
Headmaster rishwat maang raha hai TC aur mark sheet ke liye,Education,headmaster rishwat maang raha hai tc aur mark sheet ke liye
public toilet dirty public toilet near sbi atm is extremely dirty nobody is cleaning it,Civic Neglect,public toilet dirty public toilet near sbi atm is extremely dirty nobody is cleaning it
Scholarship and free uniform grants delayed for scheduled caste students in मोहल्ले,Education,scholarship and free uniform grants delayed for scheduled caste students in मोहल्ले
Free syllabus books not distributed to school students पिछले तीन महीने से in panchayat,Education,free syllabus books not distributed to school students पिछले तीन महीने से in panchayat
गांव के स्कूल की छत बरसात में टपकती है और दीवार में दरारें आ गई हैं,Education,गांव के स्कूल की छत बरसात में टपकती है और दीवार में दरारें आ गई हैं
Vridha pension pichhle 8 mahine se account me nahi aayi hai,Welfare,vridha pension pichhle 8 mahine se account me nahi aayi hai
Government school in टोले has severe teacher absenteeism for months affecting education,Education,government school in टोले has severe teacher absenteeism for months affecting education
"Hospital me doctor aur dawai nahi hai, marij pareshan hain",Civic Neglect,hospital me doctor aur dawai nahi hai marij pareshan hain
बस्ती के प्राथमिक विद्यालय में मिड डे मील का खाना बहुत घटिया और बदबूदार दिया जा रहा है,Education,बस्ती के प्राथमिक विद्यालय में मिड डे मील का खाना बहुत घटिया और बदबूदार दिया जा रहा है
Legally allotted homestead land title patta forcefully encroached by landlords in village,Welfare,legally allotted homestead land title patta forcefully encroached by landlords in village
वार्ड के बुजुर्गों की वृद्धावस्था पेंशन कई दिनों से बैंक खाते में नहीं आई है,Welfare,वार्ड के बुजुर्गों की वृद्धावस्था पेंशन कई दिनों से बैंक खाते में नहीं आई है
Minor child labor case workshop me chhota bachha kaam kar raha hai,Child Safety,minor child labor case workshop me chhota bachha kaam kar raha hai
"Failed ATM Deposit Credited After CPGRAMS Grievance A citizen from Balaghat, Madhya Pradesh, reported that ₹1 lakh was not credited to their SBI account due to a timeout error during a transaction at the Malajkhand Cash Deposit Machine. Despite multiple successful deposits on the same day, one transaction failed and remained unresolved. Upon filing a grievance on the CPGRAMS Portal, the bank investigated the matter. Following the review by the concerned authorities, the uncredited amount was successfully deposited into the citizen’s account, and the resolution was also communicated via phone call.",Welfare,failed atm deposit credited after cpgrams grievance a citizen from balaghat madhya pradesh reported that 1 lakh was not credited to their sbi account due to a timeout error during a transaction at the malajkhand cash deposit machine despite multiple successful deposits on the same day one transaction failed and remained unresolved upon filing a grievance on the cpgrams portal the bank investigated the matter following the review by the concerned authorities the uncredited amount was successfully deposited into the citizen s account and the resolution was also communicated via phone call
uneven road surface the road surface near corporation office is very uneven and bumpy two wheelers are skidding,Civic Neglect,uneven road surface the road surface near corporation office is very uneven and bumpy two wheelers are skidding
जॉब कार्ड मांगने पर पंचायत रोजगार सेवक मना कर देता है और पैसे की मांग करता है,Welfare,जॉब कार्ड मांगने पर पंचायत रोजगार सेवक मना कर देता है और पैसे की मांग करता है
construction debris on road road near flyover is blocked with construction debris no one is clearing it,Civic Neglect,construction debris on road road near flyover is blocked with construction debris no one is clearing it
मोहल्ले के स्कूल की छत बरसात में टपकती है और दीवार में दरारें आ गई हैं,Education,मोहल्ले के स्कूल की छत बरसात में टपकती है और दीवार में दरारें आ गई हैं
garbage smell unbearable the garbage dump near market square is producing unbearable smell cannot open windows,Civic Neglect,garbage smell unbearable the garbage dump near market square is producing unbearable smell cannot open windows
Scholarship and free uniform grants delayed for scheduled caste students in पंचायत,Education,scholarship and free uniform grants delayed for scheduled caste students in पंचायत
Corrupt housing scheme coordinator demanding illegal gratification for PM Awas grant in गांव,Welfare,corrupt housing scheme coordinator demanding illegal gratification for pm awas grant in गांव
Organized child begging syndicate exploiting kidnapped children near railway station in village,Child Safety,organized child begging syndicate exploiting kidnapped children near railway station in village
कस्बे के प्राथमिक विद्यालय का हैंडपंप खराब है और बच्चों को पीने का पानी नहीं मिलता,Education,कस्बे के प्राथमिक विद्यालय का हैंडपंप खराब है और बच्चों को पीने का पानी नहीं मिलता
शिक्षिका स्कूल में पढ़ाने की जगह स्वेटर बुनती हैं और बच्चों पर ध्यान नहीं देतीं,Education,शिक्षिका स्कूल में पढ़ाने की जगह स्वेटर बुनती हैं और बच्चों पर ध्यान नहीं देतीं
बस्ती में किसान सम्मान निधि की किस्त खाते में नहीं पहुंची है जबकि केवाईसी हो चुका है,Welfare,बस्ती में किसान सम्मान निधि की किस्त खाते में नहीं पहुंची है जबकि केवाईसी हो चुका है
Anganwadi center locked and infant nutrition grains stolen by supervisor in locality,Education,anganwadi center locked and infant nutrition grains stolen by supervisor in locality
road subsidence road near porur is sinking gradually foundation seems weak,Civic Neglect,road subsidence road near porur is sinking gradually foundation seems weak
टोले से दो छोटे बच्चे पिछले तीन महीने से लापता हैं और मानव तस्करी का गंभीर अंदेशा है,Child Safety,टोले से दो छोटे बच्चे पिछले तीन महीने से लापता हैं और मानव तस्करी का गंभीर अंदेशा है
पंचायत के हाई स्कूल में विज्ञान और गणित के मास्टर की भारी कमी है,Education,पंचायत के हाई स्कूल में विज्ञान और गणित के मास्टर की भारी कमी है
टोले के कन्या मध्य विद्यालय में छात्राओं के लिए कोई सुरक्षित शौचालय और पानी नहीं है,Education,टोले के कन्या मध्य विद्यालय में छात्राओं के लिए कोई सुरक्षित शौचालय और पानी नहीं है
Bijli ka taar zameen par latak raha hai current ka khatra hai,Civic Neglect,bijli ka taar zameen par latak raha hai current ka khatra hai
स्कूल की बाउंड्री वाल टूटी होने से आवारा कुत्ते और सुअर स्कूल परिसर और कक्षा में घुस आते हैं,Education,स्कूल की बाउंड्री वाल टूटी होने से आवारा कुत्ते और सुअर स्कूल परिसर और कक्षा में घुस आते हैं
Brick kiln operator unlawfully withholding wages and school access for child laborers,Child Safety,brick kiln operator unlawfully withholding wages and school access for child laborers
शराब की अवैध भट्टी पर छोटे बच्चों से काम करवाया जा रहा है और डराया धमकाया जाता है,Child Safety,शराब की अवैध भट्टी पर छोटे बच्चों से काम करवाया जा रहा है और डराया धमकाया जाता है
panchayat में बेसहारा महिला की विधवा पेंशन का आवेदन पत्र ब्लॉक ऑफिस में दबा रखा है,Welfare,panchayat में बेसहारा महिला की विधवा पेंशन का आवेदन पत्र ब्लॉक ऑफिस में दबा रखा है
गांव के कन्या मध्य विद्यालय में छात्राओं के लिए कोई सुरक्षित शौचालय और पानी नहीं है,Education,गांव के कन्या मध्य विद्यालय में छात्राओं के लिए कोई सुरक्षित शौचालय और पानी नहीं है
Government school in village has severe teacher absenteeism पिछले तीन महीने से affecting education,Education,government school in village has severe teacher absenteeism पिछले तीन महीने से affecting education
encroachment on drain drain near market square in porur is encroached water flow is blocked,Civic Neglect,encroachment on drain drain near market square in porur is encroached water flow is blocked
Direct benefit transfer installment of agricultural income support failed in ward,Welfare,direct benefit transfer installment of agricultural income support failed in ward
"Missing female child aged 8 missing from village weekly market, suspected kidnapping",Child Safety,missing female child aged 8 missing from village weekly market suspected kidnapping
complaint not addressed filed complaint for streetlight repair in borivali 2 weeks ago no action taken,Civic Neglect,complaint not addressed filed complaint for streetlight repair in borivali 2 weeks ago no action taken
Transformer blast ho gaya tha pichhle 8 din se bijli nahi aayi basti me,Civic Neglect,transformer blast ho gaya tha pichhle 8 din se bijli nahi aayi basti me
MNREGA ki mazdoori ka paisa 3 mahine se pending pada hai,Welfare,mnrega ki mazdoori ka paisa 3 mahine se pending pada hai
Headmaster demanding cash bribe to issue school leaving transfer certificate,Education,headmaster demanding cash bribe to issue school leaving transfer certificate
Disability support allowance withheld since last week causing extreme hardship in कस्बे,Welfare,disability support allowance withheld since last week causing extreme hardship in कस्बे
Main connecting asphalt road in गांव severely damaged with deep potholes कई दिनों से,Civic Neglect,main connecting asphalt road in गांव severely damaged with deep potholes कई दिनों से
PDS ration quota dealer illegally deducting foodgrains and overcharging poor families in village,Welfare,pds ration quota dealer illegally deducting foodgrains and overcharging poor families in village
Sanitation scheme reimbursement denied after approved latrine construction,Welfare,sanitation scheme reimbursement denied after approved latrine construction
कस्बे के प्राथमिक विद्यालय में मिड डे मील का खाना बहुत घटिया और बदबूदार दिया जा रहा है,Education,कस्बे के प्राथमिक विद्यालय में मिड डे मील का खाना बहुत घटिया और बदबूदार दिया जा रहा है
village में किसान सम्मान निधि की किस्त खाते में नहीं पहुंची है जबकि केवाईसी हो चुका है,Welfare,village में किसान सम्मान निधि की किस्त खाते में नहीं पहुंची है जबकि केवाईसी हो चुका है
ward में गरीब मजदूरों को जॉब कार्ड देने से पंचायत रोजगार सेवक साफ इनकार कर रहा है,Welfare,ward में गरीब मजदूरों को जॉब कार्ड देने से पंचायत रोजगार सेवक साफ इनकार कर रहा है
Anganwadi center locked and infant nutrition grains stolen by supervisor in बस्ती,Education,anganwadi center locked and infant nutrition grains stolen by supervisor in बस्ती
बस्ती के स्कूल की छत बरसात में टपकती है और दीवार में दरारें आ गई हैं,Education,बस्ती के स्कूल की छत बरसात में टपकती है और दीवार में दरारें आ गई हैं
Old age social security pension pending disbursement for senior citizens for past few months in locality,Welfare,old age social security pension pending disbursement for senior citizens for past few months in locality
MGNREGA wage payments overdue for poor manual laborers कई दिनों से in locality,Welfare,mgnrega wage payments overdue for poor manual laborers कई दिनों से in locality
Open sewage drainage overflowing directly onto public street in कस्बे,Civic Neglect,open sewage drainage overflowing directly onto public street in कस्बे
Organized human trafficking racket attempting to smuggle adolescent village boys across state,Child Safety,organized human trafficking racket attempting to smuggle adolescent village boys across state
Midday meal food poison risk due to unhygienic rotten food served in पंचायत primary school,Education,midday meal food poison risk due to unhygienic rotten food served in पंचायत primary school
कस्बे में सड़क किनारे कचरे का भारी अंबार लगा है और सफाई कर्मचारी नहीं आते,Civic Neglect,कस्बे में सड़क किनारे कचरे का भारी अंबार लगा है और सफाई कर्मचारी नहीं आते
locality के सरकारी स्कूल में for past few months शिक्षक अनुपस्थित रहते हैं और पढ़ाई ठप पड़ी है,Education,locality के सरकारी स्कूल में for past few months शिक्षक अनुपस्थित रहते हैं और पढ़ाई ठप पड़ी है
Divyang pension band ho gayi hai koi sunwai nahi ho rahi,Welfare,divyang pension band ho gayi hai koi sunwai nahi ho rahi
Bachha gayab hai do din se gaon se trafficking ka shaq hai police nahi sun rahi,Child Safety,bachha gayab hai do din se gaon se trafficking ka shaq hai police nahi sun rahi
desilting not done desilting of drains in vashi before monsoon was not done now flooding,Civic Neglect,desilting not done desilting of drains in vashi before monsoon was not done now flooding
Severe domestic physical battery and unlawful confinement of orphan child by guardian,Child Safety,severe domestic physical battery and unlawful confinement of orphan child by guardian
Wrongful cancellation of BPL ration cards belonging to landless poor families in locality,Welfare,wrongful cancellation of bpl ration cards belonging to landless poor families in locality
dead animal not removed dead animal lying on hosur road near dadar since 2 days nobody is removing it,Civic Neglect,dead animal not removed dead animal lying on hosur road near dadar since 2 days nobody is removing it
ro plant not working community ro plant in velachery is not working parts need replacement,Civic Neglect,ro plant not working community ro plant in velachery is not working parts need replacement
Mid day meal me kharab khana milta hai bachho ko pet dard hota hai,Education,mid day meal me kharab khana milta hai bachho ko pet dard hota hai
dead animal not removed dead animal lying on bannerghatta road near porur since 2 days nobody is removing it,Civic Neglect,dead animal not removed dead animal lying on bannerghatta road near porur since 2 days nobody is removing it
Refusal to issue or renew MGNREGA employment job card to rural jobseekers in ward,Welfare,refusal to issue or renew mgnrega employment job card to rural jobseekers in ward
water bill dispute water bill for porur house shows 5000 liters we barely use 1000 meter issue,Civic Neglect,water bill dispute water bill for porur house shows 5000 liters we barely use 1000 meter issue
Individual household toilet construction subsidy pending disbursement to eligible beneficiary,Welfare,individual household toilet construction subsidy pending disbursement to eligible beneficiary
panchayat के ढाबे और होटल पर 11 साल के बच्चे से 14 घंटे झूठे बर्तन धुलवाए जा रहे हैं और मारते हैं,Child Safety,panchayat के ढाबे और होटल पर 11 साल के बच्चे से 14 घंटे झूठे बर्तन धुलवाए जा रहे हैं और मारते हैं
पंचायत के ईंट भट्ठे पर नाबालिग मासूम बच्चों से जबरन बंधुआ मजदूरी कराई जा रही है,Child Safety,पंचायत के ईंट भट्ठे पर नाबालिग मासूम बच्चों से जबरन बंधुआ मजदूरी कराई जा रही है
पंचायत में सरकार द्वारा आवंटित बासगीत पर्चा वाली जमीन पर भू-माफियाओं ने अवैध कब्जा कर लिया है,Welfare,पंचायत में सरकार द्वारा आवंटित बासगीत पर्चा वाली जमीन पर भू माफियाओं ने अवैध कब्जा कर लिया है
गरीब मुसहर बस्ती के भूमिहीन परिवारों का नाम राशन कार्ड की सूची से जानबूझकर काट दिया गया है,Welfare,गरीब मुसहर बस्ती के भूमिहीन परिवारों का नाम राशन कार्ड की सूची से जानबूझकर काट दिया गया है
Aadhaar biometric mismatch locking rural senior citizens out of pension withdrawal,Welfare,aadhaar biometric mismatch locking rural senior citizens out of pension withdrawal
no road marking no road markings or lane dividers on omr very confusing for drivers,Civic Neglect,no road marking no road markings or lane dividers on omr very confusing for drivers
"Insurance Claim Approved After Grievance During Yatra Season A citizen faced delayed settlement of an insurance claim related to the death of a pony during the Pahalgam Yatra season. Despite having submitted all required documents under the relevant proposal and tag number, the claim had not been settled. As a last resort, they filed a complaint on the CPGRAMS portal. Following the grievance, the concerned authorities confirmed that the claim file had been received and the competent authority approved a settlement of ₹48,000. The amount was scheduled for disbursal within 10 working days, and the grievance was accordingly resolved.",Welfare,insurance claim approved after grievance during yatra season a citizen faced delayed settlement of an insurance claim related to the death of a pony during the pahalgam yatra season despite having submitted all required documents under the relevant proposal and tag number the claim had not been settled as a last resort they filed a complaint on the cpgrams portal following the grievance the concerned authorities confirmed that the claim file had been received and the competent authority approved a settlement of 48 000 the amount was scheduled for disbursal within 10 working days and the grievance was accordingly resolved
गांव की मुख्य पक्की सड़क पिछले चार साल से टूट चुकी है और जगह जगह बड़े बड़े गड्ढे हो गए हैं,Civic Neglect,गांव की मुख्य पक्की सड़क पिछले चार साल से टूट चुकी है और जगह जगह बड़े बड़े गड्ढे हो गए हैं
rainwater harvesting pit blocked rwh pit in sector 45 is blocked and overflowing needs cleaning,Civic Neglect,rainwater harvesting pit blocked rwh pit in sector 45 is blocked and overflowing needs cleaning
village में नाली का गंदा बदबूदार पानी सड़क पर बह रहा है और निकासी बंद है,Civic Neglect,village में नाली का गंदा बदबूदार पानी सड़क पर बह रहा है और निकासी बंद है
ward में एक संदिग्ध दलाल गरीब परिवार के बच्चों को बहला फुसला कर बाहर ले जाने के चक्कर में है,Child Safety,ward में एक संदिग्ध दलाल गरीब परिवार के बच्चों को बहला फुसला कर बाहर ले जाने के चक्कर में है
Minor children forced into street begging network controlled by local cartel,Child Safety,minor children forced into street begging network controlled by local cartel
panchayat में मनरेगा के तहत तालाब खुदाई का काम किया लेकिन मजदूरी का भुगतान नहीं हुआ,Welfare,panchayat में मनरेगा के तहत तालाब खुदाई का काम किया लेकिन मजदूरी का भुगतान नहीं हुआ
locality का बिजली ट्रांसफार्मर जल गया है और पूरी बस्ती में अंधेरा छाया हुआ है,Civic Neglect,locality का बिजली ट्रांसफार्मर जल गया है और पूरी बस्ती में अंधेरा छाया हुआ है
Old age social security pension pending disbursement for senior citizens दो हफ्तों से in वार्ड,Welfare,old age social security pension pending disbursement for senior citizens दो हफ्तों से in वार्ड
"Urgent Repair of Handpumps in Janardanpur Village, Jharkhand In Janardanpur village, Jharkhand, two handpumps near the Lakshmi Temple remained dysfunctional for several months, causing severe hardship during an ongoing water crisis intensified by the summer heat. Despite repeated appeals by villagers to the Gram Panchayat head and the local Jal Sahiya, no action was taken to address the issue. To seek resolution, a grievance was lodged on the CPGRAMS portal requesting immediate repair of the handpumps. In response, the concerned authorities reviewed the matter and confirmed through an official report that both handpumps were repaired within 8 days of the grievance being filed, providing significant relief to the village residents.",Welfare,urgent repair of handpumps in janardanpur village jharkhand in janardanpur village jharkhand two handpumps near the lakshmi temple remained dysfunctional for several months causing severe hardship during an ongoing water crisis intensified by the summer heat despite repeated appeals by villagers to the gram panchayat head and the local jal sahiya no action was taken to address the issue to seek resolution a grievance was lodged on the cpgrams portal requesting immediate repair of the handpumps in response the concerned authorities reviewed the matter and confirmed through an official report that both handpumps were repaired within 8 days of the grievance being filed providing significant relief to the village residents
ward का संपर्क पुलिया टूट चुका है और आवाजाही पूरी तरह ठप हो गई है,Civic Neglect,ward का संपर्क पुलिया टूट चुका है और आवाजाही पूरी तरह ठप हो गई है
School girl facing stalking and abduction threats by local anti-social elements in पंचायत,Child Safety,school girl facing stalking and abduction threats by local anti social elements in पंचायत
Hazardous scrap collection and toxic waste handling involving small children in बस्ती,Child Safety,hazardous scrap collection and toxic waste handling involving small children in बस्ती
मोहल्ले के सरकारी स्कूल में since last week शिक्षक अनुपस्थित रहते हैं और पढ़ाई ठप पड़ी है,Education,मोहल्ले के सरकारी स्कूल में since last week शिक्षक अनुपस्थित रहते हैं और पढ़ाई ठप पड़ी है
बस्ती से दो छोटे बच्चे for months लापता हैं और मानव तस्करी का गंभीर अंदेशा है,Child Safety,बस्ती से दो छोटे बच्चे for months लापता हैं और मानव तस्करी का गंभीर अंदेशा है
PDS ration quota dealer illegally deducting foodgrains and overcharging poor families in कस्बे,Welfare,pds ration quota dealer illegally deducting foodgrains and overcharging poor families in कस्बे
बिजली का पोल झुक गया है और मुख्य रास्ते पर कभी भी गिर सकता है,Civic Neglect,बिजली का पोल झुक गया है और मुख्य रास्ते पर कभी भी गिर सकता है
sewage line blocked sewage line in vashi is blocked waste water is flowing on the street,Civic Neglect,sewage line blocked sewage line in vashi is blocked waste water is flowing on the street
locality के स्कूल में प्रधानाध्यापक टीसी और दाखिले के नाम पर जबरन अवैध वसूली कर रहे हैं,Education,locality के स्कूल में प्रधानाध्यापक टीसी और दाखिले के नाम पर जबरन अवैध वसूली कर रहे हैं
Unsafe dilapidated school boundary allowing unauthorized strangers inside school,Education,unsafe dilapidated school boundary allowing unauthorized strangers inside school
Corrupt housing scheme coordinator demanding illegal gratification for PM Awas grant in वार्ड,Welfare,corrupt housing scheme coordinator demanding illegal gratification for pm awas grant in वार्ड
गरीबी रेखा बीपीएल सर्वे में वास्तविक गरीब परिवारों को छोड़ दिया गया और अमीरों को जोड़ लिया,Welfare,गरीबी रेखा बीपीएल सर्वे में वास्तविक गरीब परिवारों को छोड़ दिया गया और अमीरों को जोड़ लिया
"हाई स्कूल में गणित और विज्ञान के शिक्षक का पद खाली है, पढ़ाई पूरी तरह ठप पड़ी है",Education,हाई स्कूल में गणित और विज्ञान के शिक्षक का पद खाली है पढ़ाई पूरी तरह ठप पड़ी है
ward में बेसहारा महिला की विधवा पेंशन का आवेदन पत्र ब्लॉक ऑफिस में दबा रखा है,Welfare,ward में बेसहारा महिला की विधवा पेंशन का आवेदन पत्र ब्लॉक ऑफिस में दबा रखा है
राशन की दुकान पर पीओएस मशीन में फिंगरप्रिंट लगवा लेते हैं लेकिन अनाज अगले महीने देने को कहते हैं,Welfare,राशन की दुकान पर पीओएस मशीन में फिंगरप्रिंट लगवा लेते हैं लेकिन अनाज अगले महीने देने को कहते हैं
Illegal child labor and exploitation of minors detected at local brick kiln in गांव,Child Safety,illegal child labor and exploitation of minors detected at local brick kiln in गांव
Urgent intervention requested to stop child marriage of 14 year old minor girl in village,Child Safety,urgent intervention requested to stop child marriage of 14 year old minor girl in village
कस्बे के कन्या मध्य विद्यालय में छात्राओं के लिए कोई सुरक्षित शौचालय और पानी नहीं है,Education,कस्बे के कन्या मध्य विद्यालय में छात्राओं के लिए कोई सुरक्षित शौचालय और पानी नहीं है
Refusal to issue or renew MGNREGA employment job card to rural jobseekers in बस्ती,Welfare,refusal to issue or renew mgnrega employment job card to rural jobseekers in बस्ती
rainwater harvesting pit blocked rwh pit in adyar is blocked and overflowing needs cleaning,Civic Neglect,rainwater harvesting pit blocked rwh pit in adyar is blocked and overflowing needs cleaning
Substandard quality meal with stones and contaminated water served in school,Education,substandard quality meal with stones and contaminated water served in school
hand pump rusted hand pump near hospital gate is rusted and not giving water repair needed,Civic Neglect,hand pump rusted hand pump near hospital gate is rusted and not giving water repair needed
Midday meal food poison risk due to unhygienic rotten food served in कस्बे primary school,Education,midday meal food poison risk due to unhygienic rotten food served in कस्बे primary school
गांव में मनरेगा के तहत तालाब खुदाई का काम किया लेकिन मजदूरी का भुगतान नहीं हुआ,Welfare,गांव में मनरेगा के तहत तालाब खुदाई का काम किया लेकिन मजदूरी का भुगतान नहीं हुआ
पंचायत के बस स्टैंड पर छोटे बच्चों से जबरन भीख मंगवाने वाला गिरोह सक्रिय है,Child Safety,पंचायत के बस स्टैंड पर छोटे बच्चों से जबरन भीख मंगवाने वाला गिरोह सक्रिय है
locality से दो छोटे बच्चे for months लापता हैं और मानव तस्करी का गंभीर अंदेशा है,Child Safety,locality से दो छोटे बच्चे for months लापता हैं और मानव तस्करी का गंभीर अंदेशा है
गांव में अनजान तस्कर गिरोह घूम रहा है जो गरीब परिवार के बच्चों को अच्छी नौकरी का झांसा दे रहा है,Child Safety,गांव में अनजान तस्कर गिरोह घूम रहा है जो गरीब परिवार के बच्चों को अच्छी नौकरी का झांसा दे रहा है
Panchayat high school in panchayat running without basic science laboratory and math teachers,Education,panchayat high school in panchayat running without basic science laboratory and math teachers
Minor boy forced into unpaid bonded labor in automobile workshop in टोले,Child Safety,minor boy forced into unpaid bonded labor in automobile workshop in टोले
पंचायत के विद्यालय में छात्रवृत्ति और पोशाक की सरकारी सहायता राशि अभी तक नहीं दी गई,Education,पंचायत के विद्यालय में छात्रवृत्ति और पोशाक की सरकारी सहायता राशि अभी तक नहीं दी गई
Free syllabus books not distributed to school students कई दिनों से in वार्ड,Education,free syllabus books not distributed to school students कई दिनों से in वार्ड
lake polluted lake near bank branch in andheri is highly polluted foam forming on surface,Civic Neglect,lake polluted lake near bank branch in andheri is highly polluted foam forming on surface
village के महादलित परिवारों का राशन कार्ड सूची से जानबूझकर नाम विलोपित कर दिया गया है,Welfare,village के महादलित परिवारों का राशन कार्ड सूची से जानबूझकर नाम विलोपित कर दिया गया है
Dysfunctional drinking water handpump inside government school compound in locality,Education,dysfunctional drinking water handpump inside government school compound in locality
Legally allotted homestead land title patta forcefully encroached by landlords in टोले,Welfare,legally allotted homestead land title patta forcefully encroached by landlords in टोले
मिड डे मील योजना में रसोइया को कई महीनों से मानदेय नहीं मिला है और खाना बनना बंद है,Education,मिड डे मील योजना में रसोइया को कई महीनों से मानदेय नहीं मिला है और खाना बनना बंद है
पंचायत का संपर्क पुलिया टूट चुका है और आवाजाही पूरी तरह ठप हो गई है,Civic Neglect,पंचायत का संपर्क पुलिया टूट चुका है और आवाजाही पूरी तरह ठप हो गई है
Underage 11 year old boy employed in hazardous metal welding and toxic chemical workshop,Child Safety,underage 11 year old boy employed in hazardous metal welding and toxic chemical workshop
Complete lack of functional toilets for girl students in ward government secondary school,Education,complete lack of functional toilets for girl students in ward government secondary school
पंचायत में सड़क किनारे कचरे का भारी अंबार लगा है और सफाई कर्मचारी नहीं आते,Civic Neglect,पंचायत में सड़क किनारे कचरे का भारी अंबार लगा है और सफाई कर्मचारी नहीं आते
"Refund Issued After Delay in Electric Scooter Booking Cancellation A consumer who had mistakenly paid ₹1,16,180 while booking an Ola Electric Scooter faced difficulty in securing a refund, even after receiving confirmation of a successful cancellation and refund initiation. With no refund credited despite repeated follow-ups, a grievance was lodged on the CPGRAMS Portal with the Department of Consumer Affairs. Following this, the matter was promptly reviewed, and the refund was successfully processed within just four days of filing the grievance, bringing the issue to a close.",Civic Neglect,refund issued after delay in electric scooter booking cancellation a consumer who had mistakenly paid 1 16 180 while booking an ola electric scooter faced difficulty in securing a refund even after receiving confirmation of a successful cancellation and refund initiation with no refund credited despite repeated follow ups a grievance was lodged on the cpgrams portal with the department of consumer affairs following this the matter was promptly reviewed and the refund was successfully processed within just four days of filing the grievance bringing the issue to a close
Ration card list se naam kaat diya gaya bina kisi karan ke,Welfare,ration card list se naam kaat diya gaya bina kisi karan ke
ward में कबाड़ गोदाम पर नाबालिग बच्चों से खतरनाक कांच और केमिकल का काम कराया जा रहा है,Child Safety,ward में कबाड़ गोदाम पर नाबालिग बच्चों से खतरनाक कांच और केमिकल का काम कराया जा रहा है
Girls toilet nahi hai school me ladkiyan school chhod rahi hain,Education,girls toilet nahi hai school me ladkiyan school chhod rahi hain
religious site messy surroundings of the mosque near fire station messy devotees complaining,Civic Neglect,religious site messy surroundings of the mosque near fire station messy devotees complaining
Old age social security pension pending disbursement for senior citizens कई दिनों से in पंचायत,Welfare,old age social security pension pending disbursement for senior citizens कई दिनों से in पंचायत
Flooded road and waterlogging due to blocked storm drainage in panchayat,Civic Neglect,flooded road and waterlogging due to blocked storm drainage in panchayat
Dysfunctional drinking water handpump inside government school compound in वार्ड,Education,dysfunctional drinking water handpump inside government school compound in वार्ड
Government middle school lacks safe potable drinking water facility for children,Education,government middle school lacks safe potable drinking water facility for children
asphalt crumbling the asphalt on 100 feet road near police station is crumbling bikes are slipping,Civic Neglect,asphalt crumbling the asphalt on 100 feet road near police station is crumbling bikes are slipping
Suspected child traffickers attempting to smuggle adolescent village minors from panchayat,Child Safety,suspected child traffickers attempting to smuggle adolescent village minors from panchayat
drain mosquitoes blocked drain near railway crossing breeding thousands of mosquitoes dengue risk,Civic Neglect,drain mosquitoes blocked drain near railway crossing breeding thousands of mosquitoes dengue risk
streetlight pole fallen streetlight pole near corporation office has fallen down wires are exposed,Civic Neglect,streetlight pole fallen streetlight pole near corporation office has fallen down wires are exposed
कस्बे के ढाबे और होटल पर 11 साल के बच्चे से 14 घंटे झूठे बर्तन धुलवाए जा रहे हैं और मारते हैं,Child Safety,कस्बे के ढाबे और होटल पर 11 साल के बच्चे से 14 घंटे झूठे बर्तन धुलवाए जा रहे हैं और मारते हैं
village के सरकारी स्कूल में बच्चों को निःशुल्क किताबें लंबे समय से नहीं बांटी गई हैं,Education,village के सरकारी स्कूल में बच्चों को निःशुल्क किताबें लंबे समय से नहीं बांटी गई हैं
कस्बे के सरकारी स्कूल में बच्चों को निःशुल्क किताबें कई दिनों से नहीं बांटी गई हैं,Education,कस्बे के सरकारी स्कूल में बच्चों को निःशुल्क किताबें कई दिनों से नहीं बांटी गई हैं
fountain broken filthy public fountain near water tank is broken and the stagnant water is filthy,Civic Neglect,fountain broken filthy public fountain near water tank is broken and the stagnant water is filthy
locality में कबाड़ गोदाम पर नाबालिग बच्चों से खतरनाक कांच और केमिकल का काम कराया जा रहा है,Child Safety,locality में कबाड़ गोदाम पर नाबालिग बच्चों से खतरनाक कांच और केमिकल का काम कराया जा रहा है
टोले में कबाड़ गोदाम पर नाबालिग बच्चों से खतरनाक कांच और केमिकल का काम कराया जा रहा है,Child Safety,टोले में कबाड़ गोदाम पर नाबालिग बच्चों से खतरनाक कांच और केमिकल का काम कराया जा रहा है
मोहल्ले से दो छोटे बच्चे for months लापता हैं और मानव तस्करी का गंभीर अंदेशा है,Child Safety,मोहल्ले से दो छोटे बच्चे for months लापता हैं और मानव तस्करी का गंभीर अंदेशा है
विधवा पेंशन का आवेदन पत्र ब्लॉक में जमा किए एक साल हो गया लेकिन अभी तक स्वीकृति नहीं मिली,Welfare,विधवा पेंशन का आवेदन पत्र ब्लॉक में जमा किए एक साल हो गया लेकिन अभी तक स्वीकृति नहीं मिली
आंगनवाड़ी केंद्र में पोषाहार का वितरण नियमित नहीं होता और सहायिका हमेशा गायब रहती है,Education,आंगनवाड़ी केंद्र में पोषाहार का वितरण नियमित नहीं होता और सहायिका हमेशा गायब रहती है
School girl facing stalking and abduction threats by local anti-social elements in बस्ती,Child Safety,school girl facing stalking and abduction threats by local anti social elements in बस्ती
contaminated water the water supply in kukatpally is yellowish and smells bad not safe for drinking,Civic Neglect,contaminated water the water supply in kukatpally is yellowish and smells bad not safe for drinking
"Boundary wall absent, stray cattle disrupting village school environment",Education,boundary wall absent stray cattle disrupting village school environment
Organized child begging syndicate exploiting kidnapped children near railway station in मोहल्ले,Child Safety,organized child begging syndicate exploiting kidnapped children near railway station in मोहल्ले
बस्ती में मनरेगा के तहत तालाब खुदाई का काम किया लेकिन मजदूरी का भुगतान नहीं हुआ,Welfare,बस्ती में मनरेगा के तहत तालाब खुदाई का काम किया लेकिन मजदूरी का भुगतान नहीं हुआ
गांव में राशन डीलर हर कार्डधारी से दो किलो अनाज की कटौती करता है और पर्ची नहीं देता,Welfare,गांव में राशन डीलर हर कार्डधारी से दो किलो अनाज की कटौती करता है और पर्ची नहीं देता
School ceiling plaster collapsing directly inside classroom during active classes,Education,school ceiling plaster collapsing directly inside classroom during active classes
Principal demanding cash bribes for school transfer certificate and report card in कस्बे,Education,principal demanding cash bribes for school transfer certificate and report card in कस्बे
Widow welfare pension application pending without clearance at block development office in locality,Welfare,widow welfare pension application pending without clearance at block development office in locality
garbage on footpath garbage bags left on footpath near petrol pump pedestrians can t walk,Civic Neglect,garbage on footpath garbage bags left on footpath near petrol pump pedestrians can t walk
Minor boy forced into unpaid bonded labor in automobile workshop in locality,Child Safety,minor boy forced into unpaid bonded labor in automobile workshop in locality
Organized child begging syndicate exploiting kidnapped children near railway station in गांव,Child Safety,organized child begging syndicate exploiting kidnapped children near railway station in गांव
Brick kiln contractor forcing migrant families' minor children to perform bonded hard labor,Child Safety,brick kiln contractor forcing migrant families minor children to perform bonded hard labor
PDS ration quota dealer illegally deducting foodgrains and overcharging poor families in मोहल्ले,Welfare,pds ration quota dealer illegally deducting foodgrains and overcharging poor families in मोहल्ले
panchayat के सरकारी स्कूल में बच्चों को निःशुल्क किताबें दो हफ्तों से नहीं बांटी गई हैं,Education,panchayat के सरकारी स्कूल में बच्चों को निःशुल्क किताबें दो हफ्तों से नहीं बांटी गई हैं
जाति के आधार पर बच्चों के साथ मिड डे मील की पंक्ति में भेदभाव किया जाता है,Education,जाति के आधार पर बच्चों के साथ मिड डे मील की पंक्ति में भेदभाव किया जाता है
Corrupt housing scheme coordinator demanding illegal gratification for PM Awas grant in मोहल्ले,Welfare,corrupt housing scheme coordinator demanding illegal gratification for pm awas grant in मोहल्ले
वार्ड के प्राथमिक विद्यालय में मिड डे मील का खाना बहुत घटिया और बदबूदार दिया जा रहा है,Education,वार्ड के प्राथमिक विद्यालय में मिड डे मील का खाना बहुत घटिया और बदबूदार दिया जा रहा है
"Resolution of Pay Fixation Error and Arrears Disbursement Under 7th Pay Commission An employee raised a grievance regarding incorrect pay fixation and long-pending arrears under the 7th Pay Commission, which had not been addressed despite repeated attempts through departmental channels. The delay in rectifying the pay structure and disbursing the entitled arrears caused significant financial uncertainty. Seeking redressal, the employee lodged a grievance on the CPGRAMS portal. In response, the concerned authorities thoroughly reviewed the case, verified the calculations, and took corrective action. As a result, the first installment of ₹6,08,848 was processed, followed by a second installment of ₹1,95,209. A total amount of ₹8,04,057 was disbursed, and it was confirmed that no arrears remain pending. The grievance was fully resolved to the satisfaction of the complainant.",Education,resolution of pay fixation error and arrears disbursement under 7th pay commission an employee raised a grievance regarding incorrect pay fixation and long pending arrears under the 7th pay commission which had not been addressed despite repeated attempts through departmental channels the delay in rectifying the pay structure and disbursing the entitled arrears caused significant financial uncertainty seeking redressal the employee lodged a grievance on the cpgrams portal in response the concerned authorities thoroughly reviewed the case verified the calculations and took corrective action as a result the first installment of 6 08 848 was processed followed by a second installment of 1 95 209 a total amount of 8 04 057 was disbursed and it was confirmed that no arrears remain pending the grievance was fully resolved to the satisfaction of the complainant
"Non-Payment of Final Settlement by Former Employer A former employee faced non-payment of her final month's salary amounting to ₹40,000 after leaving her previous organization, Veye Pvt. Ltd. Despite multiple follow-ups through emails and phone calls, the employer refused to clear her dues. She also highlighted that several other employees had encountered similar issues. Seeking resolution, she submitted a grievance along with her relieving letter through the CPGRAMS Portal. Following intervention, the matter was taken up by the concerned authorities, and the pending settlement amount was processed, resolving the grievance satisfactorily.",Welfare,non payment of final settlement by former employer a former employee faced non payment of her final month s salary amounting to 40 000 after leaving her previous organization veye pvt ltd despite multiple follow ups through emails and phone calls the employer refused to clear her dues she also highlighted that several other employees had encountered similar issues seeking resolution she submitted a grievance along with her relieving letter through the cpgrams portal following intervention the matter was taken up by the concerned authorities and the pending settlement amount was processed resolving the grievance satisfactorily
speed breaker too high speed breaker near police station in borivali is too high vehicles are getting stuck,Civic Neglect,speed breaker too high speed breaker near police station in borivali is too high vehicles are getting stuck
village के कन्या मध्य विद्यालय में छात्राओं के लिए कोई सुरक्षित शौचालय और पानी नहीं है,Education,village के कन्या मध्य विद्यालय में छात्राओं के लिए कोई सुरक्षित शौचालय और पानी नहीं है
Dangerous dilapidated school roof leaking heavily during rain in बस्ती primary classes,Education,dangerous dilapidated school roof leaking heavily during rain in बस्ती primary classes
MGNREGA wage payments overdue for poor manual laborers since last week in ward,Welfare,mgnrega wage payments overdue for poor manual laborers since last week in ward
Supplementary nutrition food grains siphoned off by anganwadi supervisor,Education,supplementary nutrition food grains siphoned off by anganwadi supervisor
Dangling high tension electric wires touching rooftops in पंचायत,Civic Neglect,dangling high tension electric wires touching rooftops in पंचायत
panchayat के बस स्टैंड पर छोटे बच्चों से जबरन भीख मंगवाने वाला गिरोह सक्रिय है,Child Safety,panchayat के बस स्टैंड पर छोटे बच्चों से जबरन भीख मंगवाने वाला गिरोह सक्रिय है
Commercial roadside dhaba employing underage child laborers under abusive conditions in मोहल्ले,Child Safety,commercial roadside dhaba employing underage child laborers under abusive conditions in मोहल्ले
school area dirty area around the school in powai is dirty children playing in filth,Civic Neglect,school area dirty area around the school in powai is dirty children playing in filth
led light not bright new led streetlights in goregaon are not bright enough cannot see the road,Civic Neglect,led light not bright new led streetlights in goregaon are not bright enough cannot see the road
पंचायत में किसान सम्मान निधि की किस्त खाते में नहीं पहुंची है जबकि केवाईसी हो चुका है,Welfare,पंचायत में किसान सम्मान निधि की किस्त खाते में नहीं पहुंची है जबकि केवाईसी हो चुका है
Corrupt housing scheme coordinator demanding illegal gratification for PM Awas grant in locality,Welfare,corrupt housing scheme coordinator demanding illegal gratification for pm awas grant in locality
no water connection applied for water connection in malad 6 months ago still not provided,Civic Neglect,no water connection applied for water connection in malad 6 months ago still not provided
प्रधानमंत्री आवास योजना की पहली किस्त जारी करने के लिए ब्लॉक कर्मचारी 25000 रुपये घूस मांग रहा है,Welfare,प्रधानमंत्री आवास योजना की पहली किस्त जारी करने के लिए ब्लॉक कर्मचारी 25000 रुपये घूस मांग रहा है
बस्ती में कबाड़ गोदाम पर नाबालिग बच्चों से खतरनाक कांच और केमिकल का काम कराया जा रहा है,Child Safety,बस्ती में कबाड़ गोदाम पर नाबालिग बच्चों से खतरनाक कांच और केमिकल का काम कराया जा रहा है
village में गरीब मजदूरों को जॉब कार्ड देने से पंचायत रोजगार सेवक साफ इनकार कर रहा है,Welfare,village में गरीब मजदूरों को जॉब कार्ड देने से पंचायत रोजगार सेवक साफ इनकार कर रहा है
टोले की नाबालिग स्कूली छात्रा को आते-जाते समय शोहदे छेड़ते हैं और अपहरण की धमकी देते हैं,Child Safety,टोले की नाबालिग स्कूली छात्रा को आते जाते समय शोहदे छेड़ते हैं और अपहरण की धमकी देते हैं
panchayat की स्ट्रीट लाइट खराब होने से रात के समय रास्ते में भारी अंधेरा रहता है,Civic Neglect,panchayat की स्ट्रीट लाइट खराब होने से रात के समय रास्ते में भारी अंधेरा रहता है
Dangerous dilapidated school roof leaking heavily during rain in village primary classes,Education,dangerous dilapidated school roof leaking heavily during rain in village primary classes
पंचायत में राशन डीलर हर कार्डधारी से दो किलो अनाज की कटौती करता है और पर्ची नहीं देता,Welfare,पंचायत में राशन डीलर हर कार्डधारी से दो किलो अनाज की कटौती करता है और पर्ची नहीं देता
गांव में दिव्यांग पेंशन की मासिक सहायता राशि since last week बंद कर दी गई है,Welfare,गांव में दिव्यांग पेंशन की मासिक सहायता राशि since last week बंद कर दी गई है
Organized child begging syndicate exploiting kidnapped children near railway station in टोले,Child Safety,organized child begging syndicate exploiting kidnapped children near railway station in टोले
broken road divider road divider on mount road is broken and causing accidents please fix urgently,Civic Neglect,broken road divider road divider on mount road is broken and causing accidents please fix urgently
वार्ड नंबर पांच में नाली का निर्माण अधूरा पड़ा है और गंदा पानी गली में जमा हो रहा है,Civic Neglect,वार्ड नंबर पांच में नाली का निर्माण अधूरा पड़ा है और गंदा पानी गली में जमा हो रहा है
Brutal physical assault and forced labor of child domestic helper in landlord home,Child Safety,brutal physical assault and forced labor of child domestic helper in landlord home
Station par bachho ko behla fusla kar train me baitha raha hai anjaan aadmi,Child Safety,station par bachho ko behla fusla kar train me baitha raha hai anjaan aadmi
Broken canal bridge disconnecting village transportation link in वार्ड,Civic Neglect,broken canal bridge disconnecting village transportation link in वार्ड
गांव में दिव्यांग पेंशन की मासिक सहायता राशि पिछले तीन महीने से बंद कर दी गई है,Welfare,गांव में दिव्यांग पेंशन की मासिक सहायता राशि पिछले तीन महीने से बंद कर दी गई है
"Grievance Regarding Non-Receipt of Driving License Card Despite Long Delay A citizen reported that despite applying for a driving license and paying the required fees, the license card had not been received, and the application had been pending for over two years. Multiple attempts to contact the RTA office did not yield any satisfactory response. Seeking resolution, a grievance was filed on the CPGRAMS portal. The issue was addressed, and the driving license card was printed and posted on March 14, 2024, resolving the grievance within 2 days of its submission.",Civic Neglect,grievance regarding non receipt of driving license card despite long delay a citizen reported that despite applying for a driving license and paying the required fees the license card had not been received and the application had been pending for over two years multiple attempts to contact the rta office did not yield any satisfactory response seeking resolution a grievance was filed on the cpgrams portal the issue was addressed and the driving license card was printed and posted on march 14 2024 resolving the grievance within 2 days of its submission
Farmers income support scheme direct benefit transfer installment failed repeatedly,Welfare,farmers income support scheme direct benefit transfer installment failed repeatedly
locality में 14 साल की नाबालिग बच्ची का गैरकानूनी बाल विवाह कराया जा रहा है तुरंत रोकें,Child Safety,locality में 14 साल की नाबालिग बच्ची का गैरकानूनी बाल विवाह कराया जा रहा है तुरंत रोकें
PDS ration quota dealer illegally deducting foodgrains and overcharging poor families in टोले,Welfare,pds ration quota dealer illegally deducting foodgrains and overcharging poor families in टोले
Principal demanding cash bribes for school transfer certificate and report card in पंचायत,Education,principal demanding cash bribes for school transfer certificate and report card in पंचायत
टोले के स्कूल में प्रधानाध्यापक टीसी और दाखिले के नाम पर जबरन अवैध वसूली कर रहे हैं,Education,टोले के स्कूल में प्रधानाध्यापक टीसी और दाखिले के नाम पर जबरन अवैध वसूली कर रहे हैं
कस्बे में 14 साल की नाबालिग बच्ची का गैरकानूनी बाल विवाह कराया जा रहा है तुरंत रोकें,Child Safety,कस्बे में 14 साल की नाबालिग बच्ची का गैरकानूनी बाल विवाह कराया जा रहा है तुरंत रोकें
open drain dangerous open drain on mg road near ameerpet is very dangerous children might fall in,Civic Neglect,open drain dangerous open drain on mg road near ameerpet is very dangerous children might fall in
गांव के सरकारी स्कूल में बच्चों को निःशुल्क किताबें पिछले तीन महीने से नहीं बांटी गई हैं,Education,गांव के सरकारी स्कूल में बच्चों को निःशुल्क किताबें पिछले तीन महीने से नहीं बांटी गई हैं
overhead tank overflow overhead tank in malad overflows every day automatic valve not working,Civic Neglect,overhead tank overflow overhead tank in malad overflows every day automatic valve not working
Free syllabus books not distributed to school students since last week in locality,Education,free syllabus books not distributed to school students since last week in locality
कस्बे के विद्यालय में छात्रवृत्ति और पोशाक की सरकारी सहायता राशि अभी तक नहीं दी गई,Education,कस्बे के विद्यालय में छात्रवृत्ति और पोशाक की सरकारी सहायता राशि अभी तक नहीं दी गई
village के प्राथमिक विद्यालय में मिड डे मील का खाना बहुत घटिया और बदबूदार दिया जा रहा है,Education,village के प्राथमिक विद्यालय में मिड डे मील का खाना बहुत घटिया और बदबूदार दिया जा रहा है
garbage vehicle broken the garbage collection vehicle for madhapur is broken no replacement provided,Civic Neglect,garbage vehicle broken the garbage collection vehicle for madhapur is broken no replacement provided
बस्ती में बारिश होते ही सड़क पर दो फीट जलभराव हो जाता है और आवागमन रुक जाता है,Civic Neglect,बस्ती में बारिश होते ही सड़क पर दो फीट जलभराव हो जाता है और आवागमन रुक जाता है
Severe domestic physical violence and cruelty reported against orphan child in ward,Child Safety,severe domestic physical violence and cruelty reported against orphan child in ward
Dangerous dilapidated school roof leaking heavily during rain in वार्ड primary classes,Education,dangerous dilapidated school roof leaking heavily during rain in वार्ड primary classes
गांव के सरकारी स्कूल में बच्चों को निःशुल्क किताबें since last week नहीं बांटी गई हैं,Education,गांव के सरकारी स्कूल में बच्चों को निःशुल्क किताबें since last week नहीं बांटी गई हैं
Severe domestic physical violence and cruelty reported against orphan child in बस्ती,Child Safety,severe domestic physical violence and cruelty reported against orphan child in बस्ती
road cave in part of the road in btm layout has caved in near the drainage very dangerous,Civic Neglect,road cave in part of the road in btm layout has caved in near the drainage very dangerous
Old age pension disbursement pending for over six consecutive months in bank,Welfare,old age pension disbursement pending for over six consecutive months in bank
Unpaid manual labor wages under national rural employment guarantee scheme,Welfare,unpaid manual labor wages under national rural employment guarantee scheme
Drinking water tube well broken inside school compound since last summer,Education,drinking water tube well broken inside school compound since last summer
Free syllabus books not distributed to school students for past few months in कस्बे,Education,free syllabus books not distributed to school students for past few months in कस्बे
सड़क पर बहते गंदे पानी की वजह से डेंगू और मलेरिया के मरीज लगातार बढ़ रहे हैं,Civic Neglect,सड़क पर बहते गंदे पानी की वजह से डेंगू और मलेरिया के मरीज लगातार बढ़ रहे हैं
Wrongful cancellation of BPL ration cards belonging to landless poor families in बस्ती,Welfare,wrongful cancellation of bpl ration cards belonging to landless poor families in बस्ती
Flooded road and waterlogging due to blocked storm drainage in बस्ती,Civic Neglect,flooded road and waterlogging due to blocked storm drainage in बस्ती
road cave in part of the road in indiranagar has caved in near the drainage very dangerous,Civic Neglect,road cave in part of the road in indiranagar has caved in near the drainage very dangerous
Open sewage drainage overflowing directly onto public street in मोहल्ले,Civic Neglect,open sewage drainage overflowing directly onto public street in मोहल्ले
मोहल्ले के विद्यालय में छात्रवृत्ति और पोशाक की सरकारी सहायता राशि अभी तक नहीं दी गई,Education,मोहल्ले के विद्यालय में छात्रवृत्ति और पोशाक की सरकारी सहायता राशि अभी तक नहीं दी गई
village के सरकारी स्कूल में बच्चों को निःशुल्क किताबें since last week नहीं बांटी गई हैं,Education,village के सरकारी स्कूल में बच्चों को निःशुल्क किताबें since last week नहीं बांटी गई हैं
Minor boy forced into unpaid bonded labor in automobile workshop in बस्ती,Child Safety,minor boy forced into unpaid bonded labor in automobile workshop in बस्ती
Direct benefit transfer installment of agricultural income support failed in वार्ड,Welfare,direct benefit transfer installment of agricultural income support failed in वार्ड
"Loan Limit Activation Issue on Investment Platform Resolved After CPGRAMS Grievance A citizen from Balasore, Odisha, faced an issue where a Loan Against Mutual Funds (LAMF) approved by DSP Finance did not reflect on a popular investment platform, preventing access to the loan limit. Despite multiple complaints and emails to the platform’s support team, the issue remained unresolved. Seeking redressal, the citizen filed a grievance on the CPGRAMS Portal. The matter was escalated to DSP Finance, which clarified that the delay was due to a pending lien marking confirmation that hindered system update. Following coordination between the financier and the platform, the issue was resolved. The citizen was able to submit and receive a withdrawal request of ₹3,64,613, and the grievance was successfully closed.",Welfare,loan limit activation issue on investment platform resolved after cpgrams grievance a citizen from balasore odisha faced an issue where a loan against mutual funds lamf approved by dsp finance did not reflect on a popular investment platform preventing access to the loan limit despite multiple complaints and emails to the platform s support team the issue remained unresolved seeking redressal the citizen filed a grievance on the cpgrams portal the matter was escalated to dsp finance which clarified that the delay was due to a pending lien marking confirmation that hindered system update following coordination between the financier and the platform the issue was resolved the citizen was able to submit and receive a withdrawal request of 3 64 613 and the grievance was successfully closed
छात्रवृत्ति पोशाक और साइकिल का पैसा अभी तक बच्चों के बैंक खाते में नहीं पहुंचा है,Education,छात्रवृत्ति पोशाक और साइकिल का पैसा अभी तक बच्चों के बैंक खाते में नहीं पहुंचा है
"Missing minor child report from मोहल्ले, suspected human trafficking racket active",Child Safety,missing minor child report from मोहल्ले suspected human trafficking racket active
Flooded road and waterlogging due to blocked storm drainage in पंचायत,Civic Neglect,flooded road and waterlogging due to blocked storm drainage in पंचायत
drainage water stagnant stagnant drainage water near post office causing mosquito breeding,Civic Neglect,drainage water stagnant stagnant drainage water near post office causing mosquito breeding
Disability welfare pension discontinued abruptly without any prior intimation or reason,Welfare,disability welfare pension discontinued abruptly without any prior intimation or reason
Wrongful cancellation of BPL ration cards belonging to landless poor families in ward,Welfare,wrongful cancellation of bpl ration cards belonging to landless poor families in ward
Bicycle allowance for girl students withheld for over two academic sessions,Education,bicycle allowance for girl students withheld for over two academic sessions
मोहल्ले में प्रधानमंत्री आवास योजना की किस्त जारी करने के नाम पर कर्मचारी रिश्वत मांग रहा है,Welfare,मोहल्ले में प्रधानमंत्री आवास योजना की किस्त जारी करने के नाम पर कर्मचारी रिश्वत मांग रहा है
मोहल्ले के स्कूल में प्रधानाध्यापक टीसी और दाखिले के नाम पर जबरन अवैध वसूली कर रहे हैं,Education,मोहल्ले के स्कूल में प्रधानाध्यापक टीसी और दाखिले के नाम पर जबरन अवैध वसूली कर रहे हैं
no road marking no road markings or lane dividers on highway 48 very confusing for drivers,Civic Neglect,no road marking no road markings or lane dividers on highway 48 very confusing for drivers
Corrupt housing scheme coordinator demanding illegal gratification for PM Awas grant in बस्ती,Welfare,corrupt housing scheme coordinator demanding illegal gratification for pm awas grant in बस्ती
पंचायत में बारिश होते ही सड़क पर दो फीट जलभराव हो जाता है और आवागमन रुक जाता है,Civic Neglect,पंचायत में बारिश होते ही सड़क पर दो फीट जलभराव हो जाता है और आवागमन रुक जाता है
Government school in कस्बे has severe teacher absenteeism लंबे समय से affecting education,Education,government school in कस्बे has severe teacher absenteeism लंबे समय से affecting education
MGNREGA wage payment overdue for 90 days after completion of village pond work,Welfare,mgnrega wage payment overdue for 90 days after completion of village pond work
road cave in part of the road in jp nagar has caved in near the drainage very dangerous,Civic Neglect,road cave in part of the road in jp nagar has caved in near the drainage very dangerous
Refusal to issue or renew MGNREGA employment job card to rural jobseekers in village,Welfare,refusal to issue or renew mgnrega employment job card to rural jobseekers in village
ward के सरकारी स्कूल में बच्चों को निःशुल्क किताबें लंबे समय से नहीं बांटी गई हैं,Education,ward के सरकारी स्कूल में बच्चों को निःशुल्क किताबें लंबे समय से नहीं बांटी गई हैं
Classroom flooded with rainwater due to damaged roof in primary school,Education,classroom flooded with rainwater due to damaged roof in primary school
borewell not working community borewell in goregaon is not working since last week no repair done,Civic Neglect,borewell not working community borewell in goregaon is not working since last week no repair done
new streetlight needed no streetlight in t nagar sector women and elderly feel unsafe at night,Civic Neglect,new streetlight needed no streetlight in t nagar sector women and elderly feel unsafe at night
"Delay in Payment of Post-Matric Scholarship by Government of Jharkhand A student faced a delay in receiving her post-matric scholarship from the Government of Jharkhand. Although she was initially informed that the amount would be credited within a week, more than a month passed without the funds being transferred to her account. Frustrated by the inaction, she filed a grievance on the CPGRAMS portal seeking resolution. Following the intervention of the concerned authorities, the matter was reviewed and the pending scholarship amount of ₹6,300 was credited to her account within 10 days of filing the grievance, successfully resolving the issue.",Education,delay in payment of post matric scholarship by government of jharkhand a student faced a delay in receiving her post matric scholarship from the government of jharkhand although she was initially informed that the amount would be credited within a week more than a month passed without the funds being transferred to her account frustrated by the inaction she filed a grievance on the cpgrams portal seeking resolution following the intervention of the concerned authorities the matter was reviewed and the pending scholarship amount of 6 300 was credited to her account within 10 days of filing the grievance successfully resolving the issue
"Correction of Examination Result at Amar Singh College, Srinagar A student of Amar Singh College, Srinagar, faced a discrepancy in her examination result, which incorrectly showed zero marks despite her successful completion of the exam. She made several efforts to get the error corrected, including reaching out to the Controller of Examinations and the Examination Coordinator, submitting her attendance sheet, and receiving repeated assurances of resolution. However, despite multiple follow-ups, the issue remained unresolved, causing significant academic distress. Seeking redressal, she filed a grievance on the CPGRAMS portal. The concerned authorities reviewed the matter, verified her records, and subsequently declared the corrected result, thereby resolving the grievance.",Education,correction of examination result at amar singh college srinagar a student of amar singh college srinagar faced a discrepancy in her examination result which incorrectly showed zero marks despite her successful completion of the exam she made several efforts to get the error corrected including reaching out to the controller of examinations and the examination coordinator submitting her attendance sheet and receiving repeated assurances of resolution however despite multiple follow ups the issue remained unresolved causing significant academic distress seeking redressal she filed a grievance on the cpgrams portal the concerned authorities reviewed the matter verified her records and subsequently declared the corrected result thereby resolving the grievance
PDS ration dealer illegally deducting 2 to 3 kg foodgrains per ration card,Welfare,pds ration dealer illegally deducting 2 to 3 kg foodgrains per ration card
बस्ती में राशन डीलर हर कार्डधारी से दो किलो अनाज की कटौती करता है और पर्ची नहीं देता,Welfare,बस्ती में राशन डीलर हर कार्डधारी से दो किलो अनाज की कटौती करता है और पर्ची नहीं देता
Disability support allowance withheld for past few months causing extreme hardship in panchayat,Welfare,disability support allowance withheld for past few months causing extreme hardship in panchayat
ward के महादलित परिवारों का राशन कार्ड सूची से जानबूझकर नाम विलोपित कर दिया गया है,Welfare,ward के महादलित परिवारों का राशन कार्ड सूची से जानबूझकर नाम विलोपित कर दिया गया है
Severe domestic physical violence and cruelty reported against orphan child in मोहल्ले,Child Safety,severe domestic physical violence and cruelty reported against orphan child in मोहल्ले
"Electric power transformer burnt out, no electricity in वार्ड कई दिनों से",Civic Neglect,electric power transformer burnt out no electricity in वार्ड कई दिनों से
dumpyard fire fire at the garbage dump near koramangala smoke is affecting entire neighborhood,Civic Neglect,dumpyard fire fire at the garbage dump near koramangala smoke is affecting entire neighborhood
बाढ़ राहत सहायता और फसल क्षतिपूर्ति का मुआवजा असली पीड़ितों को न देकर चहेतों को दिया गया,Welfare,बाढ़ राहत सहायता और फसल क्षतिपूर्ति का मुआवजा असली पीड़ितों को न देकर चहेतों को दिया गया
रेलवे स्टेशन पर एक व्यक्ति तीन छोटे बच्चों को बहला फुसला कर दूसरे राज्य ले जाने की फिराक में है,Child Safety,रेलवे स्टेशन पर एक व्यक्ति तीन छोटे बच्चों को बहला फुसला कर दूसरे राज्य ले जाने की फिराक में है
वार्ड में राशन डीलर हर कार्डधारी से दो किलो अनाज की कटौती करता है और पर्ची नहीं देता,Welfare,वार्ड में राशन डीलर हर कार्डधारी से दो किलो अनाज की कटौती करता है और पर्ची नहीं देता
composting pit overflowing community composting pit in ameerpet is overflowing and attracting flies,Civic Neglect,composting pit overflowing community composting pit in ameerpet is overflowing and attracting flies
मोहल्ले में बारिश होते ही सड़क पर दो फीट जलभराव हो जाता है और आवागमन रुक जाता है,Civic Neglect,मोहल्ले में बारिश होते ही सड़क पर दो फीट जलभराव हो जाता है और आवागमन रुक जाता है
ward के स्कूल की छत बरसात में टपकती है और दीवार में दरारें आ गई हैं,Education,ward के स्कूल की छत बरसात में टपकती है और दीवार में दरारें आ गई हैं
पंचायत में एक संदिग्ध दलाल गरीब परिवार के बच्चों को बहला फुसला कर बाहर ले जाने के चक्कर में है,Child Safety,पंचायत में एक संदिग्ध दलाल गरीब परिवार के बच्चों को बहला फुसला कर बाहर ले जाने के चक्कर में है
panchayat के महादलित परिवारों का राशन कार्ड सूची से जानबूझकर नाम विलोपित कर दिया गया है,Welfare,panchayat के महादलित परिवारों का राशन कार्ड सूची से जानबूझकर नाम विलोपित कर दिया गया है
Disability support allowance withheld दो हफ्तों से causing extreme hardship in वार्ड,Welfare,disability support allowance withheld दो हफ्तों से causing extreme hardship in वार्ड
कपड़े सिलने की अंधेरी फैक्ट्री में 10-12 साल के कई बच्चे बंधक बनाकर रखे गए हैं,Child Safety,कपड़े सिलने की अंधेरी फैक्ट्री में 10 12 साल के कई बच्चे बंधक बनाकर रखे गए हैं
Disability support allowance withheld for months causing extreme hardship in गांव,Welfare,disability support allowance withheld for months causing extreme hardship in गांव
चौराहे के चाय नाश्ता और ढाबे पर नाबालिग बच्चे से 14 घंटे बर्तन धुलवाए जा रहे हैं और मारते हैं,Child Safety,चौराहे के चाय नाश्ता और ढाबे पर नाबालिग बच्चे से 14 घंटे बर्तन धुलवाए जा रहे हैं और मारते हैं
"OROP-2 Arrears Credited After Departmental Review A retired serviceman faced delays in receiving his OROP-2 arrears despite being eligible. With no progress despite previous attempts, he lodged a grievance on the CPGRAMS Portal. In response, the Department of Ex-Servicemen Welfare updated the necessary records and conducted a thorough review of the case. Following this intervention by the concerned authorities, the arrears amounting to ₹1,89,786 were successfully processed and credited to his bank account. The grievance was resolved to the satisfaction of the pensioner, with confirmation of the fund transfer communicated thereafter.",Welfare,orop 2 arrears credited after departmental review a retired serviceman faced delays in receiving his orop 2 arrears despite being eligible with no progress despite previous attempts he lodged a grievance on the cpgrams portal in response the department of ex servicemen welfare updated the necessary records and conducted a thorough review of the case following this intervention by the concerned authorities the arrears amounting to 1 89 786 were successfully processed and credited to his bank account the grievance was resolved to the satisfaction of the pensioner with confirmation of the fund transfer communicated thereafter
playground dirty children s playground in vashi near underpass is dirty glass pieces found,Civic Neglect,playground dirty children s playground in vashi near underpass is dirty glass pieces found
"Missing minor child report from locality, suspected human trafficking racket active",Child Safety,missing minor child report from locality suspected human trafficking racket active
drainage construction incomplete drainage construction in sector 22 started 2 months ago but left incomplete causing flooding,Civic Neglect,drainage construction incomplete drainage construction in sector 22 started 2 months ago but left incomplete causing flooding
ईंट पकाने वाले चिमनी भट्ठे पर बच्चों के हाथ जल रहे हैं फिर भी जबरन काम कराया जा रहा है,Child Safety,ईंट पकाने वाले चिमनी भट्ठे पर बच्चों के हाथ जल रहे हैं फिर भी जबरन काम कराया जा रहा है
Drinking water supply contaminated with leaking sewage pipeline in locality,Civic Neglect,drinking water supply contaminated with leaking sewage pipeline in locality
Suspected child traffickers attempting to smuggle adolescent village minors from पंचायत,Child Safety,suspected child traffickers attempting to smuggle adolescent village minors from पंचायत
पंचायत में पीने के पानी की मुख्य पाइपलाइन फट गई है और गंदा पानी नलों में आ रहा है,Civic Neglect,पंचायत में पीने के पानी की मुख्य पाइपलाइन फट गई है और गंदा पानी नलों में आ रहा है
pipeline crossing drainage water pipeline crosses over open drainage near park entrance contamination risk,Civic Neglect,pipeline crossing drainage water pipeline crosses over open drainage near park entrance contamination risk
"PMSBY Insurance Claim Settled After CPGRAMS Escalation A nominee under the Pradhan Mantri Suraksha Bima Yojana (PMSBY) faced delays in receiving the insurance claim amount following the unfortunate demise of her husband in a road accident in August 2024. Although the claim was submitted through the bank in early September, no response was received for several weeks despite multiple follow-ups. Seeking redressal, the nominee filed a grievance on the CPGRAMS Portal. Following intervention, the concerned authorities reviewed the matter and United India Insurance Company (UIIC) credited the entitled amount of ₹2,00,000 to the beneficiary's bank account, successfully resolving the issue.",Welfare,pmsby insurance claim settled after cpgrams escalation a nominee under the pradhan mantri suraksha bima yojana pmsby faced delays in receiving the insurance claim amount following the unfortunate demise of her husband in a road accident in august 2024 although the claim was submitted through the bank in early september no response was received for several weeks despite multiple follow ups seeking redressal the nominee filed a grievance on the cpgrams portal following intervention the concerned authorities reviewed the matter and united india insurance company uiic credited the entitled amount of 2 00 000 to the beneficiary s bank account successfully resolving the issue
गांव के प्राथमिक स्वास्थ्य केंद्र और अस्पताल में कोई डॉक्टर नहीं बैठता और ताला लगा रहता है,Civic Neglect,गांव के प्राथमिक स्वास्थ्य केंद्र और अस्पताल में कोई डॉक्टर नहीं बैठता और ताला लगा रहता है
Illegal child labor and exploitation of minors detected at local brick kiln in पंचायत,Child Safety,illegal child labor and exploitation of minors detected at local brick kiln in पंचायत
Suspected child traffickers attempting to smuggle adolescent village minors from village,Child Safety,suspected child traffickers attempting to smuggle adolescent village minors from village
बस्ती के बुजुर्गों की वृद्धावस्था पेंशन लंबे समय से बैंक खाते में नहीं आई है,Welfare,बस्ती के बुजुर्गों की वृद्धावस्था पेंशन लंबे समय से बैंक खाते में नहीं आई है
Government school in गांव has severe teacher absenteeism पिछले तीन महीने से affecting education,Education,government school in गांव has severe teacher absenteeism पिछले तीन महीने से affecting education
ward में किसान सम्मान निधि की किस्त खाते में नहीं पहुंची है जबकि केवाईसी हो चुका है,Welfare,ward में किसान सम्मान निधि की किस्त खाते में नहीं पहुंची है जबकि केवाईसी हो चुका है
Free textbook and uniform subsidy money not credited to scheduled caste students,Education,free textbook and uniform subsidy money not credited to scheduled caste students
"Second Loan Disbursed Under PM SVANidhi After Grievance A street vendor benefitting from the PM SVANidhi Yojana faced difficulties when her application for a second loan of ₹20,000 was rejected due to a “DISABLE” status erroneously marked by another bank, despite having successfully repaid her first loan and holding a valid No Objection Certificate. Repeated attempts to resolve the matter locally yielded no result. Turning to the CPGRAMS Portal, she filed a grievance seeking intervention. Following the review, it was confirmed that her second loan had been successfully disbursed by the same bank that had issued her first loan. The issue was fully resolved within just eight days.",Civic Neglect,second loan disbursed under pm svanidhi after grievance a street vendor benefitting from the pm svanidhi yojana faced difficulties when her application for a second loan of 20 000 was rejected due to a disable status erroneously marked by another bank despite having successfully repaid her first loan and holding a valid no objection certificate repeated attempts to resolve the matter locally yielded no result turning to the cpgrams portal she filed a grievance seeking intervention following the review it was confirmed that her second loan had been successfully disbursed by the same bank that had issued her first loan the issue was fully resolved within just eight days
वार्ड में मोटर गैराज में छोटे बच्चों को बंधक बनाकर रात दिन काम करवाया जाता है,Child Safety,वार्ड में मोटर गैराज में छोटे बच्चों को बंधक बनाकर रात दिन काम करवाया जाता है
Employment guarantee job card renewal denied by panchayat assistant without unofficial commission,Welfare,employment guarantee job card renewal denied by panchayat assistant without unofficial commission
Midday meal food poison risk due to unhygienic rotten food served in बस्ती primary school,Education,midday meal food poison risk due to unhygienic rotten food served in बस्ती primary school
Primary school teacher arrives late daily and signs attendance register falsely,Education,primary school teacher arrives late daily and signs attendance register falsely
public area stinking area around metro station stinks due to poor cleanliness visitors are complaining,Civic Neglect,public area stinking area around metro station stinks due to poor cleanliness visitors are complaining
कस्बे की नाबालिग स्कूली छात्रा को आते-जाते समय शोहदे छेड़ते हैं और अपहरण की धमकी देते हैं,Child Safety,कस्बे की नाबालिग स्कूली छात्रा को आते जाते समय शोहदे छेड़ते हैं और अपहरण की धमकी देते हैं
टोले के विद्यालय में छात्रवृत्ति और पोशाक की सरकारी सहायता राशि अभी तक नहीं दी गई,Education,टोले के विद्यालय में छात्रवृत्ति और पोशाक की सरकारी सहायता राशि अभी तक नहीं दी गई
सरकार से मिले बासगीत जमीन के पर्चे पर स्थानीय दबंगों ने जबरन कब्जा कर रखा है और मारते हैं,Welfare,सरकार से मिले बासगीत जमीन के पर्चे पर स्थानीय दबंगों ने जबरन कब्जा कर रखा है और मारते हैं
locality के बस स्टैंड पर छोटे बच्चों से जबरन भीख मंगवाने वाला गिरोह सक्रिय है,Child Safety,locality के बस स्टैंड पर छोटे बच्चों से जबरन भीख मंगवाने वाला गिरोह सक्रिय है
Commercial roadside dhaba employing underage child laborers under abusive conditions in ward,Child Safety,commercial roadside dhaba employing underage child laborers under abusive conditions in ward
Organized child begging syndicate exploiting kidnapped children near railway station in बस्ती,Child Safety,organized child begging syndicate exploiting kidnapped children near railway station in बस्ती
ward की स्ट्रीट लाइट खराब होने से रात के समय रास्ते में भारी अंधेरा रहता है,Civic Neglect,ward की स्ट्रीट लाइट खराब होने से रात के समय रास्ते में भारी अंधेरा रहता है
Organized child begging syndicate exploiting kidnapped children near railway station in locality,Child Safety,organized child begging syndicate exploiting kidnapped children near railway station in locality
वार्ड में कबाड़ गोदाम पर नाबालिग बच्चों से खतरनाक कांच और केमिकल का काम कराया जा रहा है,Child Safety,वार्ड में कबाड़ गोदाम पर नाबालिग बच्चों से खतरनाक कांच और केमिकल का काम कराया जा रहा है
टोले में बेसहारा महिला की विधवा पेंशन का आवेदन पत्र ब्लॉक ऑफिस में दबा रखा है,Welfare,टोले में बेसहारा महिला की विधवा पेंशन का आवेदन पत्र ब्लॉक ऑफिस में दबा रखा है
panchayat में एक संदिग्ध दलाल गरीब परिवार के बच्चों को बहला फुसला कर बाहर ले जाने के चक्कर में है,Child Safety,panchayat में एक संदिग्ध दलाल गरीब परिवार के बच्चों को बहला फुसला कर बाहर ले जाने के चक्कर में है
Illegal child labor and exploitation of minors detected at local brick kiln in टोले,Child Safety,illegal child labor and exploitation of minors detected at local brick kiln in टोले
Illegal child labor and exploitation of minors detected at local brick kiln in village,Child Safety,illegal child labor and exploitation of minors detected at local brick kiln in village
Public drinking water handpump dry and defunct causing water crisis in वार्ड,Civic Neglect,public drinking water handpump dry and defunct causing water crisis in वार्ड
Illegal child labor and exploitation of minors detected at local brick kiln in ward,Child Safety,illegal child labor and exploitation of minors detected at local brick kiln in ward
कस्बे का संपर्क पुलिया टूट चुका है और आवाजाही पूरी तरह ठप हो गई है,Civic Neglect,कस्बे का संपर्क पुलिया टूट चुका है और आवाजाही पूरी तरह ठप हो गई है
कस्बे के बुजुर्गों की वृद्धावस्था पेंशन for months बैंक खाते में नहीं आई है,Welfare,कस्बे के बुजुर्गों की वृद्धावस्था पेंशन for months बैंक खाते में नहीं आई है
Disability support allowance withheld दो हफ्तों से causing extreme hardship in कस्बे,Welfare,disability support allowance withheld दो हफ्तों से causing extreme hardship in कस्बे
Suspected child traffickers attempting to smuggle adolescent village minors from बस्ती,Child Safety,suspected child traffickers attempting to smuggle adolescent village minors from बस्ती
dumpyard fire fire at the garbage dump near t nagar smoke is affecting entire neighborhood,Civic Neglect,dumpyard fire fire at the garbage dump near t nagar smoke is affecting entire neighborhood
Anganwadi center locked and infant nutrition grains stolen by supervisor in कस्बे,Education,anganwadi center locked and infant nutrition grains stolen by supervisor in कस्बे
बस्ती में 14 साल की नाबालिग बच्ची का गैरकानूनी बाल विवाह कराया जा रहा है तुरंत रोकें,Child Safety,बस्ती में 14 साल की नाबालिग बच्ची का गैरकानूनी बाल विवाह कराया जा रहा है तुरंत रोकें
overflow during monsoon drainage system in rajajinagar overflows every monsoon no permanent solution,Civic Neglect,overflow during monsoon drainage system in rajajinagar overflows every monsoon no permanent solution
"NFSC Fellowship Account Linking Approved After Escalation A Ph.D. scholar at Bidhan Chandra Krishi Viswavidyalaya faced repeated rejections while trying to link his account for the National Fellowship for Scheduled Castes (NFSC) under the UGC NET December session. Despite completing all required steps on the Canara Bank Scholarship Portal, the application was held up due to subject classification issues, causing uncertainty and delay in fellowship disbursement. Seeking resolution, the scholar filed a grievance on the CPGRAMS Portal. After review, the concerned authorities approved the account linking based on a formal clarification provided by the university registrar, enabling the scholar to access his NFSC fellowship.",Welfare,nfsc fellowship account linking approved after escalation a ph d scholar at bidhan chandra krishi viswavidyalaya faced repeated rejections while trying to link his account for the national fellowship for scheduled castes nfsc under the ugc net december session despite completing all required steps on the canara bank scholarship portal the application was held up due to subject classification issues causing uncertainty and delay in fellowship disbursement seeking resolution the scholar filed a grievance on the cpgrams portal after review the concerned authorities approved the account linking based on a formal clarification provided by the university registrar enabling the scholar to access his nfsc fellowship
राशन डीलर हर राशन कार्ड पर दो किलो अनाज काट लेता है और अंगूठा लगवा कर भगा देता है,Welfare,राशन डीलर हर राशन कार्ड पर दो किलो अनाज काट लेता है और अंगूठा लगवा कर भगा देता है
marketplace after hours marketplace near traffic signal a mess after business hours no cleanup crew,Civic Neglect,marketplace after hours marketplace near traffic signal a mess after business hours no cleanup crew
streetlight not working streetlight near sbi atm in vashi is not working since a week,Civic Neglect,streetlight not working streetlight near sbi atm in vashi is not working since a week
गांव में सार्वजनिक चापाकल और नल जल योजना का पानी since last week बंद पड़ा है,Civic Neglect,गांव में सार्वजनिक चापाकल और नल जल योजना का पानी since last week बंद पड़ा है
Block housing assistant demanding 20000 rupees bribe to release PM Awas subsidy installment,Welfare,block housing assistant demanding 20000 rupees bribe to release pm awas subsidy installment
"Missing minor child report from panchayat, suspected human trafficking racket active",Child Safety,missing minor child report from panchayat suspected human trafficking racket active
Scholarship aur dress ka paisa nahi aaya bank account me,Education,scholarship aur dress ka paisa nahi aaya bank account me
village के बस स्टैंड पर छोटे बच्चों से जबरन भीख मंगवाने वाला गिरोह सक्रिय है,Child Safety,village के बस स्टैंड पर छोटे बच्चों से जबरन भीख मंगवाने वाला गिरोह सक्रिय है
कस्बे से दो छोटे बच्चे since last week लापता हैं और मानव तस्करी का गंभीर अंदेशा है,Child Safety,कस्बे से दो छोटे बच्चे since last week लापता हैं और मानव तस्करी का गंभीर अंदेशा है
sewer water mixing sewer water mixing with drinking water pipeline in malleshwaram people are falling sick,Civic Neglect,sewer water mixing sewer water mixing with drinking water pipeline in malleshwaram people are falling sick
Minor boy forced into unpaid bonded labor in automobile workshop in वार्ड,Child Safety,minor boy forced into unpaid bonded labor in automobile workshop in वार्ड
streetlight cable stolen streetlight cables near market square have been stolen lights not working,Civic Neglect,streetlight cable stolen streetlight cables near market square have been stolen lights not working
"Pending Widow Pension Payment A widow from Chandauli district, Uttar Pradesh, who was listed in the pension beneficiary list for the financial year, did not receive the entitled widow pension amount in her bank account. Concerned about the delay, she filed a grievance on the CPGRAMS Portal requesting the immediate disbursal of her pension. The matter was taken up by the concerned authorities, and the District Probation Officer of Chandauli, Women Welfare Department, examined the issue. It was confirmed that ₹3,000 had been successfully transferred to her bank account and the same was also communicated to her via a phone call. The grievance was resolved satisfactorily, ensuring timely financial support to the beneficiary.",Welfare,pending widow pension payment a widow from chandauli district uttar pradesh who was listed in the pension beneficiary list for the financial year did not receive the entitled widow pension amount in her bank account concerned about the delay she filed a grievance on the cpgrams portal requesting the immediate disbursal of her pension the matter was taken up by the concerned authorities and the district probation officer of chandauli women welfare department examined the issue it was confirmed that 3 000 had been successfully transferred to her bank account and the same was also communicated to her via a phone call the grievance was resolved satisfactorily ensuring timely financial support to the beneficiary
Principal demanding cash bribes for school transfer certificate and report card in गांव,Education,principal demanding cash bribes for school transfer certificate and report card in गांव
Complete lack of functional toilets for girl students in पंचायत government secondary school,Education,complete lack of functional toilets for girl students in पंचायत government secondary school
Commercial roadside dhaba employing underage child laborers under abusive conditions in locality,Child Safety,commercial roadside dhaba employing underage child laborers under abusive conditions in locality
PDS ration quota dealer illegally deducting foodgrains and overcharging poor families in गांव,Welfare,pds ration quota dealer illegally deducting foodgrains and overcharging poor families in गांव
panchayat में राशन डीलर हर कार्डधारी से दो किलो अनाज की कटौती करता है और पर्ची नहीं देता,Welfare,panchayat में राशन डीलर हर कार्डधारी से दो किलो अनाज की कटौती करता है और पर्ची नहीं देता
सरकारी स्कूल में अभी तक किताबें नहीं बांटी गई हैं और वार्षिक परीक्षा का समय नजदीक आ गया है,Education,सरकारी स्कूल में अभी तक किताबें नहीं बांटी गई हैं और वार्षिक परीक्षा का समय नजदीक आ गया है
प्रधानाध्यापक ट्रांसफर सर्टिफिकेट और मार्कशीट देने के नाम पर 500 रुपये रिश्वत मांग रहे हैं,Education,प्रधानाध्यापक ट्रांसफर सर्टिफिकेट और मार्कशीट देने के नाम पर 500 रुपये रिश्वत मांग रहे हैं
"Delay in PM Fasal Bima Yojana Claim Settlement A farmer from Sillakudi (South) village, Perambalur district, faced delays in receiving his crop insurance claim under the Pradhan Mantri Fasal Bima Yojana (PMFBY) for the 2023–24 season. Despite completing the application process and following up with customer care, his claim remained unresolved for a considerable period. Seeking redressal, he lodged a grievance on the CPGRAMS portal requesting approval and disbursal of the claim amount. Upon review by the concerned authorities, it was confirmed that the crop insurance claim amounting to ₹37,712 had been successfully credited to his Canara Bank account, thereby resolving the grievance.",Welfare,delay in pm fasal bima yojana claim settlement a farmer from sillakudi south village perambalur district faced delays in receiving his crop insurance claim under the pradhan mantri fasal bima yojana pmfby for the 2023 24 season despite completing the application process and following up with customer care his claim remained unresolved for a considerable period seeking redressal he lodged a grievance on the cpgrams portal requesting approval and disbursal of the claim amount upon review by the concerned authorities it was confirmed that the crop insurance claim amounting to 37 712 had been successfully credited to his canara bank account thereby resolving the grievance
garbage not collected garbage has not been collected from hsr layout since 3 days bags are piling up,Civic Neglect,garbage not collected garbage has not been collected from hsr layout since 3 days bags are piling up
village के ढाबे और होटल पर 11 साल के बच्चे से 14 घंटे झूठे बर्तन धुलवाए जा रहे हैं और मारते हैं,Child Safety,village के ढाबे और होटल पर 11 साल के बच्चे से 14 घंटे झूठे बर्तन धुलवाए जा रहे हैं और मारते हैं
Suspected child traffickers attempting to smuggle adolescent village minors from मोहल्ले,Child Safety,suspected child traffickers attempting to smuggle adolescent village minors from मोहल्ले
Refusal to issue or renew MGNREGA employment job card to rural jobseekers in locality,Welfare,refusal to issue or renew mgnrega employment job card to rural jobseekers in locality
"Delay in Disbursement Under Minimata Mahtari Jatan Yojana A registered labor beneficiary of the Chhattisgarh Bhawan and Other Construction Workers Welfare Board faced delays in receiving benefits under the Minimata Mahtari Jatan Yojana due to documentation issues. Despite submitting the application, no progress was made in processing the claim. Seeking resolution, a grievance was lodged on the CPGRAMS portal. Upon review, the concerned authorities addressed the issue, verified the documents, and processed the claim. The scheme amount of ₹20,000 was subsequently disbursed to the beneficiary’s State Bank of India account, and the grievance was successfully resolved.",Welfare,delay in disbursement under minimata mahtari jatan yojana a registered labor beneficiary of the chhattisgarh bhawan and other construction workers welfare board faced delays in receiving benefits under the minimata mahtari jatan yojana due to documentation issues despite submitting the application no progress was made in processing the claim seeking resolution a grievance was lodged on the cpgrams portal upon review the concerned authorities addressed the issue verified the documents and processed the claim the scheme amount of 20 000 was subsequently disbursed to the beneficiary s state bank of india account and the grievance was successfully resolved
waste pickers harassed waste pickers in thane are being harassed they provide essential service,Civic Neglect,waste pickers harassed waste pickers in thane are being harassed they provide essential service
Non functioning street lighting on village approach road encouraging criminal activities,Civic Neglect,non functioning street lighting on village approach road encouraging criminal activities
कस्बे में मनरेगा के तहत तालाब खुदाई का काम किया लेकिन मजदूरी का भुगतान नहीं हुआ,Welfare,कस्बे में मनरेगा के तहत तालाब खुदाई का काम किया लेकिन मजदूरी का भुगतान नहीं हुआ
Hazardous pesticide application by young boys under 14 in agricultural fields,Child Safety,hazardous pesticide application by young boys under 14 in agricultural fields
Child trafficking agent spotted transporting three undocumented minor girls,Child Safety,child trafficking agent spotted transporting three undocumented minor girls
Dangerous dilapidated school roof leaking heavily during rain in गांव primary classes,Education,dangerous dilapidated school roof leaking heavily during rain in गांव primary classes
"Disbursement of Family Pension Arrears After CPGRAMS Grievance A family pensioner faced non-receipt of arrears following the death of her husband, an Army retiree. While she was receiving the regular family pension, the arrear amount of ₹73,634 remained unpaid despite multiple follow-ups. Seeking resolution, she filed a grievance on the CPGRAMS portal. The concerned authorities reviewed the case and after verification and receipt of the required documents from the relevant DPDO, the pending arrears were processed and credited to her bank account, successfully resolving the issue.",Welfare,disbursement of family pension arrears after cpgrams grievance a family pensioner faced non receipt of arrears following the death of her husband an army retiree while she was receiving the regular family pension the arrear amount of 73 634 remained unpaid despite multiple follow ups seeking resolution she filed a grievance on the cpgrams portal the concerned authorities reviewed the case and after verification and receipt of the required documents from the relevant dpdo the pending arrears were processed and credited to her bank account successfully resolving the issue
वार्ड के स्कूल की छत बरसात में टपकती है और दीवार में दरारें आ गई हैं,Education,वार्ड के स्कूल की छत बरसात में टपकती है और दीवार में दरारें आ गई हैं
Streetlights on village access road non functional for long period in टोले,Civic Neglect,streetlights on village access road non functional for long period in टोले
sweeping not done road sweeping not done in porur since a week leaves and dust everywhere,Civic Neglect,sweeping not done road sweeping not done in porur since a week leaves and dust everywhere
village में कबाड़ गोदाम पर नाबालिग बच्चों से खतरनाक कांच और केमिकल का काम कराया जा रहा है,Child Safety,village में कबाड़ गोदाम पर नाबालिग बच्चों से खतरनाक कांच और केमिकल का काम कराया जा रहा है
road junction dangerous the junction at ecr and hsr layout main road has no signals accidents daily,Civic Neglect,road junction dangerous the junction at ecr and hsr layout main road has no signals accidents daily
"Missing minor child report from कस्बे, suspected human trafficking racket active",Child Safety,missing minor child report from कस्बे suspected human trafficking racket active
Drinking water supply contaminated with leaking sewage pipeline in बस्ती,Civic Neglect,drinking water supply contaminated with leaking sewage pipeline in बस्ती
"मिड डे मील में सड़ा हुआ चावल और कीड़े वाला खाना बच्चों को परोसा गया, कई बच्चे बीमार हो गए",Education,मिड डे मील में सड़ा हुआ चावल और कीड़े वाला खाना बच्चों को परोसा गया कई बच्चे बीमार हो गए
Government school in पंचायत has severe teacher absenteeism पिछले तीन महीने से affecting education,Education,government school in पंचायत has severe teacher absenteeism पिछले तीन महीने से affecting education
Direct benefit transfer installment of agricultural income support failed in panchayat,Welfare,direct benefit transfer installment of agricultural income support failed in panchayat
rusty pipeline water pipeline in bandra is very old and rusty water comes brown colored,Civic Neglect,rusty pipeline water pipeline in bandra is very old and rusty water comes brown colored
वार्ड में नाली का गंदा बदबूदार पानी सड़क पर बह रहा है और निकासी बंद है,Civic Neglect,वार्ड में नाली का गंदा बदबूदार पानी सड़क पर बह रहा है और निकासी बंद है
Midday meal food poison risk due to unhygienic rotten food served in मोहल्ले primary school,Education,midday meal food poison risk due to unhygienic rotten food served in मोहल्ले primary school
"Correction of PM-Kisan Samman Nidhi Beneficiary Account Details A beneficiary reported that the PM-Kisan Samman Nidhi funds intended for her were being erroneously deposited into another person’s account. Concerned about the misdirected payments and financial loss, a grievance was filed on the CPGRAMS portal seeking immediate intervention. The concerned authorities promptly reviewed the complaint, conducted a thorough verification of the beneficiary details, and identified the discrepancy. After taking corrective measures, the account details were updated, and the funds were successfully transferred to the rightful account. The grievance was resolved, and the beneficiary expressed satisfaction with the swift action taken.",Welfare,correction of pm kisan samman nidhi beneficiary account details a beneficiary reported that the pm kisan samman nidhi funds intended for her were being erroneously deposited into another person s account concerned about the misdirected payments and financial loss a grievance was filed on the cpgrams portal seeking immediate intervention the concerned authorities promptly reviewed the complaint conducted a thorough verification of the beneficiary details and identified the discrepancy after taking corrective measures the account details were updated and the funds were successfully transferred to the rightful account the grievance was resolved and the beneficiary expressed satisfaction with the swift action taken
Anganwadi center locked and infant nutrition grains stolen by supervisor in गांव,Education,anganwadi center locked and infant nutrition grains stolen by supervisor in गांव
टोले में किसान सम्मान निधि की किस्त खाते में नहीं पहुंची है जबकि केवाईसी हो चुका है,Welfare,टोले में किसान सम्मान निधि की किस्त खाते में नहीं पहुंची है जबकि केवाईसी हो चुका है
Illegal child labor and exploitation of minors detected at local brick kiln in मोहल्ले,Child Safety,illegal child labor and exploitation of minors detected at local brick kiln in मोहल्ले
temple area dirty area around the temple near post office is very dirty flowers and waste everywhere,Civic Neglect,temple area dirty area around the temple near post office is very dirty flowers and waste everywhere
"वृद्धावस्था पेंशन पिछले आठ महीने से बैंक खाते में नहीं आई है, बुजुर्ग दाने दाने को मोहताज हैं",Welfare,वृद्धावस्था पेंशन पिछले आठ महीने से बैंक खाते में नहीं आई है बुजुर्ग दाने दाने को मोहताज हैं
village की नाबालिग स्कूली छात्रा को आते-जाते समय शोहदे छेड़ते हैं और अपहरण की धमकी देते हैं,Child Safety,village की नाबालिग स्कूली छात्रा को आते जाते समय शोहदे छेड़ते हैं और अपहरण की धमकी देते हैं
Illegal child labor and exploitation of minors detected at local brick kiln in locality,Child Safety,illegal child labor and exploitation of minors detected at local brick kiln in locality
टोले के ईंट भट्ठे पर नाबालिग मासूम बच्चों से जबरन बंधुआ मजदूरी कराई जा रही है,Child Safety,टोले के ईंट भट्ठे पर नाबालिग मासूम बच्चों से जबरन बंधुआ मजदूरी कराई जा रही है
Principal demanding cash bribes for school transfer certificate and report card in टोले,Education,principal demanding cash bribes for school transfer certificate and report card in टोले
गांव की 14 वर्षीय छात्रा को स्कूल आते जाते समय कुछ युवक रास्ते में छेड़ते हैं और अपहरण की धमकी देते हैं,Child Safety,गांव की 14 वर्षीय छात्रा को स्कूल आते जाते समय कुछ युवक रास्ते में छेड़ते हैं और अपहरण की धमकी देते हैं
होटल के बर्तन धोने के काम में 12 साल के मासूम को बंधुआ मजदूर बना रखा है,Child Safety,होटल के बर्तन धोने के काम में 12 साल के मासूम को बंधुआ मजदूर बना रखा है
टोले में 14 साल की नाबालिग बच्ची का गैरकानूनी बाल विवाह कराया जा रहा है तुरंत रोकें,Child Safety,टोले में 14 साल की नाबालिग बच्ची का गैरकानूनी बाल विवाह कराया जा रहा है तुरंत रोकें
panchayat में अनाथ बच्चे पर उसके संरक्षक द्वारा जानलेवा शारीरिक प्रताड़ना और अत्याचार किया जा रहा है,Child Safety,panchayat में अनाथ बच्चे पर उसके संरक्षक द्वारा जानलेवा शारीरिक प्रताड़ना और अत्याचार किया जा रहा है
Free syllabus books not distributed to school students पिछले तीन महीने से in बस्ती,Education,free syllabus books not distributed to school students पिछले तीन महीने से in बस्ती
Suspected child traffickers attempting to smuggle adolescent village minors from गांव,Child Safety,suspected child traffickers attempting to smuggle adolescent village minors from गांव
Direct benefit transfer installment of agricultural income support failed in locality,Welfare,direct benefit transfer installment of agricultural income support failed in locality
panchayat के कन्या मध्य विद्यालय में छात्राओं के लिए कोई सुरक्षित शौचालय और पानी नहीं है,Education,panchayat के कन्या मध्य विद्यालय में छात्राओं के लिए कोई सुरक्षित शौचालय और पानी नहीं है
गांव की नाबालिग स्कूली छात्रा को आते-जाते समय शोहदे छेड़ते हैं और अपहरण की धमकी देते हैं,Child Safety,गांव की नाबालिग स्कूली छात्रा को आते जाते समय शोहदे छेड़ते हैं और अपहरण की धमकी देते हैं
पंचायत में प्रधानमंत्री आवास योजना की किस्त जारी करने के नाम पर कर्मचारी रिश्वत मांग रहा है,Welfare,पंचायत में प्रधानमंत्री आवास योजना की किस्त जारी करने के नाम पर कर्मचारी रिश्वत मांग रहा है
ward में मनरेगा के तहत तालाब खुदाई का काम किया लेकिन मजदूरी का भुगतान नहीं हुआ,Welfare,ward में मनरेगा के तहत तालाब खुदाई का काम किया लेकिन मजदूरी का भुगतान नहीं हुआ
"Mosquito Control Measures Implemented A severe mosquito infestation in Krishna Nagar Housing Society, Pune, caused by open drains and stagnant water sources, was leading to serious inconvenience and potential health risks for residents. The citizen sought immediate intervention, requesting fogging and drainage clean- up. A grievance was lodged on the CPGRAMS Portal to escalate the matter. In response, the concerned authorities inspected the site and undertook the necessary vector control measures. The open drains were cleaned, and fogging operations were conducted to eliminate breeding grounds. The grievance was accordingly resolved.",Civic Neglect,mosquito control measures implemented a severe mosquito infestation in krishna nagar housing society pune caused by open drains and stagnant water sources was leading to serious inconvenience and potential health risks for residents the citizen sought immediate intervention requesting fogging and drainage clean up a grievance was lodged on the cpgrams portal to escalate the matter in response the concerned authorities inspected the site and undertook the necessary vector control measures the open drains were cleaned and fogging operations were conducted to eliminate breeding grounds the grievance was accordingly resolved
School handpump kharab hai bache pyaase rehte hain din bhar,Education,school handpump kharab hai bache pyaase rehte hain din bhar
गाँव की एक नाबालिग लड़की को शादी के बहाने बाहर ले जाकर बेचने की आपराधिक साजिश चल रही है,Child Safety,गाँव की एक नाबालिग लड़की को शादी के बहाने बाहर ले जाकर बेचने की आपराधिक साजिश चल रही है
बस्ती की नाबालिग स्कूली छात्रा को आते-जाते समय शोहदे छेड़ते हैं और अपहरण की धमकी देते हैं,Child Safety,बस्ती की नाबालिग स्कूली छात्रा को आते जाते समय शोहदे छेड़ते हैं और अपहरण की धमकी देते हैं
ward के विद्यालय में छात्रवृत्ति और पोशाक की सरकारी सहायता राशि अभी तक नहीं दी गई,Education,ward के विद्यालय में छात्रवृत्ति और पोशाक की सरकारी सहायता राशि अभी तक नहीं दी गई
"Anganwadi center permanently locked, nutritional ration not distributed to infants",Education,anganwadi center permanently locked nutritional ration not distributed to infants
बस्ती में अनाथ बच्चे पर उसके संरक्षक द्वारा जानलेवा शारीरिक प्रताड़ना और अत्याचार किया जा रहा है,Child Safety,बस्ती में अनाथ बच्चे पर उसके संरक्षक द्वारा जानलेवा शारीरिक प्रताड़ना और अत्याचार किया जा रहा है
Dysfunctional drinking water handpump inside government school compound in पंचायत,Education,dysfunctional drinking water handpump inside government school compound in पंचायत
Subsidized grain quota siphoned off into black market by fair price shop dealer,Welfare,subsidized grain quota siphoned off into black market by fair price shop dealer
Minor boy forced into unpaid bonded labor in automobile workshop in कस्बे,Child Safety,minor boy forced into unpaid bonded labor in automobile workshop in कस्बे
Government school in बस्ती has severe teacher absenteeism कई दिनों से affecting education,Education,government school in बस्ती has severe teacher absenteeism कई दिनों से affecting education
village के हाई स्कूल में विज्ञान और गणित के मास्टर की भारी कमी है,Education,village के हाई स्कूल में विज्ञान और गणित के मास्टर की भारी कमी है
School girl facing stalking and abduction threats by local anti-social elements in कस्बे,Child Safety,school girl facing stalking and abduction threats by local anti social elements in कस्बे
panchayat के सरकारी स्कूल में बच्चों को निःशुल्क किताबें for months नहीं बांटी गई हैं,Education,panchayat के सरकारी स्कूल में बच्चों को निःशुल्क किताबें for months नहीं बांटी गई हैं
ward के स्कूल में प्रधानाध्यापक टीसी और दाखिले के नाम पर जबरन अवैध वसूली कर रहे हैं,Education,ward के स्कूल में प्रधानाध्यापक टीसी और दाखिले के नाम पर जबरन अवैध वसूली कर रहे हैं
Anganwadi center locked and infant nutrition grains stolen by supervisor in टोले,Education,anganwadi center locked and infant nutrition grains stolen by supervisor in टोले
Principal demanding cash bribes for school transfer certificate and report card in बस्ती,Education,principal demanding cash bribes for school transfer certificate and report card in बस्ती
Commercial roadside dhaba employing underage child laborers under abusive conditions in पंचायत,Child Safety,commercial roadside dhaba employing underage child laborers under abusive conditions in पंचायत
Illegal child labor and exploitation of minors detected at local brick kiln in कस्बे,Child Safety,illegal child labor and exploitation of minors detected at local brick kiln in कस्बे
वार्ड में सरकार द्वारा आवंटित बासगीत पर्चा वाली जमीन पर भू-माफियाओं ने अवैध कब्जा कर लिया है,Welfare,वार्ड में सरकार द्वारा आवंटित बासगीत पर्चा वाली जमीन पर भू माफियाओं ने अवैध कब्जा कर लिया है
Kitabein nahi mili hain sarkari school me exam aane wale hain,Education,kitabein nahi mili hain sarkari school me exam aane wale hain
panchayat में दिव्यांग पेंशन की मासिक सहायता राशि दो हफ्तों से बंद कर दी गई है,Welfare,panchayat में दिव्यांग पेंशन की मासिक सहायता राशि दो हफ्तों से बंद कर दी गई है
बस्ती से दो छोटे बच्चे दो हफ्तों से लापता हैं और मानव तस्करी का गंभीर अंदेशा है,Child Safety,बस्ती से दो छोटे बच्चे दो हफ्तों से लापता हैं और मानव तस्करी का गंभीर अंदेशा है
"Missing minor child report from बस्ती, suspected human trafficking racket active",Child Safety,missing minor child report from बस्ती suspected human trafficking racket active
Commercial roadside dhaba employing underage child laborers under abusive conditions in village,Child Safety,commercial roadside dhaba employing underage child laborers under abusive conditions in village
School girl facing stalking and abduction threats by local anti-social elements in locality,Child Safety,school girl facing stalking and abduction threats by local anti social elements in locality
Minor boy forced into unpaid bonded labor in automobile workshop in panchayat,Child Safety,minor boy forced into unpaid bonded labor in automobile workshop in panchayat
"मोहल्ले से दो दिन पहले गायब हुआ 9 साल का बच्चा अभी तक नहीं मिला, मानव तस्करी की आशंका है",Child Safety,मोहल्ले से दो दिन पहले गायब हुआ 9 साल का बच्चा अभी तक नहीं मिला मानव तस्करी की आशंका है
Ghar me bache ko bandh kar peeta jata hai physical abuse case,Child Safety,ghar me bache ko bandh kar peeta jata hai physical abuse case
मोहल्ले के ढाबे और होटल पर 11 साल के बच्चे से 14 घंटे झूठे बर्तन धुलवाए जा रहे हैं और मारते हैं,Child Safety,मोहल्ले के ढाबे और होटल पर 11 साल के बच्चे से 14 घंटे झूठे बर्तन धुलवाए जा रहे हैं और मारते हैं
Corrupt housing scheme coordinator demanding illegal gratification for PM Awas grant in टोले,Welfare,corrupt housing scheme coordinator demanding illegal gratification for pm awas grant in टोले
वार्ड के बुजुर्गों की वृद्धावस्था पेंशन for past few months बैंक खाते में नहीं आई है,Welfare,वार्ड के बुजुर्गों की वृद्धावस्था पेंशन for past few months बैंक खाते में नहीं आई है
marketplace after hours marketplace near park entrance a mess after business hours no cleanup crew,Civic Neglect,marketplace after hours marketplace near park entrance a mess after business hours no cleanup crew
Government school in पंचायत has severe teacher absenteeism कई दिनों से affecting education,Education,government school in पंचायत has severe teacher absenteeism कई दिनों से affecting education
Flooded road and waterlogging due to blocked storm drainage in टोले,Civic Neglect,flooded road and waterlogging due to blocked storm drainage in टोले
Refusal to issue or renew MGNREGA employment job card to rural jobseekers in कस्बे,Welfare,refusal to issue or renew mgnrega employment job card to rural jobseekers in कस्बे
service road bad condition service road in sector 45 is worse than the village road please resurface,Civic Neglect,service road bad condition service road in sector 45 is worse than the village road please resurface
"PMJJBY Claim Settled After CPGRAMS Intervention A beneficiary under the Pradhan Mantri Jeevan Jyoti Bima Yojana (PMJJBY) had not received the insured claim amount despite completing all formalities. After repeated follow-ups and confirmation from the bank that the required documents were in order, the nominee filed a grievance on the CPGRAMS portal seeking resolution. Upon intervention, the concerned authorities reviewed the case and confirmed that the claim had been duly processed. The insured amount of ₹2,00,000 was subsequently credited to the nominee’s account. The beneficiary was duly informed, and the grievance was closed to their satisfaction.",Welfare,pmjjby claim settled after cpgrams intervention a beneficiary under the pradhan mantri jeevan jyoti bima yojana pmjjby had not received the insured claim amount despite completing all formalities after repeated follow ups and confirmation from the bank that the required documents were in order the nominee filed a grievance on the cpgrams portal seeking resolution upon intervention the concerned authorities reviewed the case and confirmed that the claim had been duly processed the insured amount of 2 00 000 was subsequently credited to the nominee s account the beneficiary was duly informed and the grievance was closed to their satisfaction
Dangling high tension electric wires touching rooftops in वार्ड,Civic Neglect,dangling high tension electric wires touching rooftops in वार्ड
Adolescent minor girl forced out of middle school to undergo illegal underage marriage,Child Safety,adolescent minor girl forced out of middle school to undergo illegal underage marriage
पटाखा फैक्ट्री में नाबालिग बच्चों से विस्फोटक सामग्री भरवाई जा रही है जो जानलेवा है,Child Safety,पटाखा फैक्ट्री में नाबालिग बच्चों से विस्फोटक सामग्री भरवाई जा रही है जो जानलेवा है
गांव में 14 साल की नाबालिग बच्ची का गैरकानूनी बाल विवाह कराया जा रहा है तुरंत रोकें,Child Safety,गांव में 14 साल की नाबालिग बच्ची का गैरकानूनी बाल विवाह कराया जा रहा है तुरंत रोकें
वार्ड में अनाथ बच्चे पर उसके संरक्षक द्वारा जानलेवा शारीरिक प्रताड़ना और अत्याचार किया जा रहा है,Child Safety,वार्ड में अनाथ बच्चे पर उसके संरक्षक द्वारा जानलेवा शारीरिक प्रताड़ना और अत्याचार किया जा रहा है
drain blocked the drain near community hall in hsr layout is completely blocked water is overflowing on road,Civic Neglect,drain blocked the drain near community hall in hsr layout is completely blocked water is overflowing on road
MGNREGA wage payments overdue for poor manual laborers since last week in वार्ड,Welfare,mgnrega wage payments overdue for poor manual laborers since last week in वार्ड
Dysfunctional drinking water handpump inside government school compound in टोले,Education,dysfunctional drinking water handpump inside government school compound in टोले
MGNREGA wage payments overdue for poor manual laborers since last week in टोले,Welfare,mgnrega wage payments overdue for poor manual laborers since last week in टोले
मोहल्ले में गरीब मजदूरों को जॉब कार्ड देने से पंचायत रोजगार सेवक साफ इनकार कर रहा है,Welfare,मोहल्ले में गरीब मजदूरों को जॉब कार्ड देने से पंचायत रोजगार सेवक साफ इनकार कर रहा है
Wrongful cancellation of BPL ration cards belonging to landless poor families in village,Welfare,wrongful cancellation of bpl ration cards belonging to landless poor families in village
Chowk par bachho se bheekh mangwaya ja raha hai racket chal raha hai,Child Safety,chowk par bachho se bheekh mangwaya ja raha hai racket chal raha hai
ward के सरकारी स्कूल में since last week शिक्षक अनुपस्थित रहते हैं और पढ़ाई ठप पड़ी है,Education,ward के सरकारी स्कूल में since last week शिक्षक अनुपस्थित रहते हैं और पढ़ाई ठप पड़ी है
वार्ड के आंगनवाड़ी केंद्र पर बच्चों को सूखा राशन और पोषाहार नहीं मिल रहा है,Education,वार्ड के आंगनवाड़ी केंद्र पर बच्चों को सूखा राशन और पोषाहार नहीं मिल रहा है
locality के हाई स्कूल में विज्ञान और गणित के मास्टर की भारी कमी है,Education,locality के हाई स्कूल में विज्ञान और गणित के मास्टर की भारी कमी है
ward की नाबालिग स्कूली छात्रा को आते-जाते समय शोहदे छेड़ते हैं और अपहरण की धमकी देते हैं,Child Safety,ward की नाबालिग स्कूली छात्रा को आते जाते समय शोहदे छेड़ते हैं और अपहरण की धमकी देते हैं
ward के प्राथमिक विद्यालय में मिड डे मील का खाना बहुत घटिया और बदबूदार दिया जा रहा है,Education,ward के प्राथमिक विद्यालय में मिड डे मील का खाना बहुत घटिया और बदबूदार दिया जा रहा है
kachra not picked up kachra truck is not coming to our lane in airoli very unhygienic conditions,Civic Neglect,kachra not picked up kachra truck is not coming to our lane in airoli very unhygienic conditions
village में अनाथ बच्चे पर उसके संरक्षक द्वारा जानलेवा शारीरिक प्रताड़ना और अत्याचार किया जा रहा है,Child Safety,village में अनाथ बच्चे पर उसके संरक्षक द्वारा जानलेवा शारीरिक प्रताड़ना और अत्याचार किया जा रहा है
Commercial roadside dhaba employing underage child laborers under abusive conditions in panchayat,Child Safety,commercial roadside dhaba employing underage child laborers under abusive conditions in panchayat
village में मोटर गैराज में छोटे बच्चों को बंधक बनाकर रात दिन काम करवाया जाता है,Child Safety,village में मोटर गैराज में छोटे बच्चों को बंधक बनाकर रात दिन काम करवाया जाता है
"Non-receipt of PM-KISAN Instalment A citizen reported non-receipt of the 16th and 17th instalments under the PM-Kisan Samman Nidhi Yojana, despite having completed all the required formalities, including land record verification, Aadhaar-bank account seeding, and e-KYC. Concerned about the delay in receiving the Direct Benefit Transfer (DBT), he filed a grievance on the CPGRAMS portal requesting immediate disbursal of the pending instalments. Upon examination of the records, the concerned authorities from the Government of Rajasthan clarified that all payments had already been processed successfully, and no instalments were pending as per their official records. The grievance was accordingly closed.",Welfare,non receipt of pm kisan instalment a citizen reported non receipt of the 16th and 17th instalments under the pm kisan samman nidhi yojana despite having completed all the required formalities including land record verification aadhaar bank account seeding and e kyc concerned about the delay in receiving the direct benefit transfer dbt he filed a grievance on the cpgrams portal requesting immediate disbursal of the pending instalments upon examination of the records the concerned authorities from the government of rajasthan clarified that all payments had already been processed successfully and no instalments were pending as per their official records the grievance was accordingly closed
canal debris debris in the canal near bank branch blocking water flow during heavy rains,Civic Neglect,canal debris debris in the canal near bank branch blocking water flow during heavy rains
वार्ड में दिव्यांग पेंशन की मासिक सहायता राशि कई दिनों से बंद कर दी गई है,Welfare,वार्ड में दिव्यांग पेंशन की मासिक सहायता राशि कई दिनों से बंद कर दी गई है
शौचालय निर्माण की 12000 रुपये प्रोत्साहन राशि का भुगतान अभी तक नहीं किया गया है,Welfare,शौचालय निर्माण की 12000 रुपये प्रोत्साहन राशि का भुगतान अभी तक नहीं किया गया है
Corrupt housing scheme coordinator demanding illegal gratification for PM Awas grant in कस्बे,Welfare,corrupt housing scheme coordinator demanding illegal gratification for pm awas grant in कस्बे
colony lights out streetlights in kothrud colony have not been working for a month total darkness,Civic Neglect,colony lights out streetlights in kothrud colony have not been working for a month total darkness
road not tarred the road in besant nagar sector has not been tarred for 5 years dust everywhere,Civic Neglect,road not tarred the road in besant nagar sector has not been tarred for 5 years dust everywhere
Sarkari school ki chhat girne wali hai marammat karwayi jaye,Education,sarkari school ki chhat girne wali hai marammat karwayi jaye
potholes everywhere multiple potholes on link road near porur commuters are suffering daily,Civic Neglect,potholes everywhere multiple potholes on link road near porur commuters are suffering daily
low hanging wire streetlight wire hanging low near bank branch trucks are hitting it,Civic Neglect,low hanging wire streetlight wire hanging low near bank branch trucks are hitting it
Organized child begging syndicate exploiting kidnapped children near railway station in panchayat,Child Safety,organized child begging syndicate exploiting kidnapped children near railway station in panchayat
Free syllabus books not distributed to school students for past few months in village,Education,free syllabus books not distributed to school students for past few months in village
"Delayed LIC Claim Settled After CPGRAMS Intervention A citizen from New Delhi faced delay in settlement of a life insurance claim from LIC following the death of his mother. Despite submitting the claim in the last week of April 2024, there was no resolution for an extended period. After exhausting regular channels, they lodged a grievance on the CPGRAMS portal. The matter was promptly taken up by the concerned authorities, and the claim amounts for four policies—₹4,51,649, ₹8,46,000, ₹7,01,500, and ₹7,89,000—were released within four days, bringing closure to the case.",Welfare,delayed lic claim settled after cpgrams intervention a citizen from new delhi faced delay in settlement of a life insurance claim from lic following the death of his mother despite submitting the claim in the last week of april 2024 there was no resolution for an extended period after exhausting regular channels they lodged a grievance on the cpgrams portal the matter was promptly taken up by the concerned authorities and the claim amounts for four policies 4 51 649 8 46 000 7 01 500 and 7 89 000 were released within four days bringing closure to the case
Dangerous dilapidated school roof leaking heavily during rain in locality primary classes,Education,dangerous dilapidated school roof leaking heavily during rain in locality primary classes
पंचायत के सरकारी स्कूल में since last week शिक्षक अनुपस्थित रहते हैं और पढ़ाई ठप पड़ी है,Education,पंचायत के सरकारी स्कूल में since last week शिक्षक अनुपस्थित रहते हैं और पढ़ाई ठप पड़ी है
MGNREGA wage payments overdue for poor manual laborers since last week in मोहल्ले,Welfare,mgnrega wage payments overdue for poor manual laborers since last week in मोहल्ले
मोटरसाइकिल गैराज में 11 साल का बच्चा काम कर रहा है और मालिक गंभीर शारीरिक यातना देता है,Child Safety,मोटरसाइकिल गैराज में 11 साल का बच्चा काम कर रहा है और मालिक गंभीर शारीरिक यातना देता है
Principal demanding cash bribes for school transfer certificate and report card in ward,Education,principal demanding cash bribes for school transfer certificate and report card in ward
Old age social security pension pending disbursement for senior citizens लंबे समय से in village,Welfare,old age social security pension pending disbursement for senior citizens लंबे समय से in village
पेंशन बैंक खाते से आधार लिंक होने के बाद भी सीएसपी केंद्र पर पैसा नहीं निकल रहा है,Welfare,पेंशन बैंक खाते से आधार लिंक होने के बाद भी सीएसपी केंद्र पर पैसा नहीं निकल रहा है
drainage water stagnant stagnant drainage water near temple causing mosquito breeding,Civic Neglect,drainage water stagnant stagnant drainage water near temple causing mosquito breeding
complaint not addressed filed complaint for streetlight repair in porur 2 weeks ago no action taken,Civic Neglect,complaint not addressed filed complaint for streetlight repair in porur 2 weeks ago no action taken
Wrongful exclusion of below poverty line families from national food security act list,Welfare,wrongful exclusion of below poverty line families from national food security act list
Physical cruelty and starvation of vulnerable orphaned minor in rural village,Child Safety,physical cruelty and starvation of vulnerable orphaned minor in rural village
"बाढ़ के समय टूटा हुआ पुलिया और संपर्क मार्ग अभी तक नहीं बनाया गया है, आवागमन बंद है",Civic Neglect,बाढ़ के समय टूटा हुआ पुलिया और संपर्क मार्ग अभी तक नहीं बनाया गया है आवागमन बंद है
Severe domestic physical violence and cruelty reported against orphan child in panchayat,Child Safety,severe domestic physical violence and cruelty reported against orphan child in panchayat
Corrupt housing scheme coordinator demanding illegal gratification for PM Awas grant in panchayat,Welfare,corrupt housing scheme coordinator demanding illegal gratification for pm awas grant in panchayat
defecation in open open defecation happening near church build public toilet there,Civic Neglect,defecation in open open defecation happening near church build public toilet there
"Public handpump defunct, dry borewell causing severe drinking water shortage",Civic Neglect,public handpump defunct dry borewell causing severe drinking water shortage
कस्बे का बिजली ट्रांसफार्मर जल गया है और पूरी बस्ती में अंधेरा छाया हुआ है,Civic Neglect,कस्बे का बिजली ट्रांसफार्मर जल गया है और पूरी बस्ती में अंधेरा छाया हुआ है
sewer water mixing sewer water mixing with drinking water pipeline in jubilee hills people are falling sick,Civic Neglect,sewer water mixing sewer water mixing with drinking water pipeline in jubilee hills people are falling sick
"Disability Pension Restored and Arrears Credited A retired Naib Subedar faced disruption in his Disability Pension after migrating to the SPARSH system in August 2023, with payments ceasing from September 2023 onward. Despite entitlement, no pension was credited for eight months, and arrears amounting to over ₹1.29 lakh remained unpaid. Seeking resolution, he filed a grievance on the CPGRAMS Portal. Following the intervention, the issue was resolved and a total arrear amount of ₹1,78,148 was credited to his bank account on 8 August 2024. He was advised to verify the credit by updating his bank passbook.",Welfare,disability pension restored and arrears credited a retired naib subedar faced disruption in his disability pension after migrating to the sparsh system in august 2023 with payments ceasing from september 2023 onward despite entitlement no pension was credited for eight months and arrears amounting to over 1 29 lakh remained unpaid seeking resolution he filed a grievance on the cpgrams portal following the intervention the issue was resolved and a total arrear amount of 1 78 148 was credited to his bank account on 8 august 2024 he was advised to verify the credit by updating his bank passbook
मोहल्ले के हाई स्कूल में विज्ञान और गणित के मास्टर की भारी कमी है,Education,मोहल्ले के हाई स्कूल में विज्ञान और गणित के मास्टर की भारी कमी है
Uncollected garbage heaps rotting openly near residential houses in मोहल्ले,Civic Neglect,uncollected garbage heaps rotting openly near residential houses in मोहल्ले
panchayat के हाई स्कूल में विज्ञान और गणित के मास्टर की भारी कमी है,Education,panchayat के हाई स्कूल में विज्ञान और गणित के मास्टर की भारी कमी है
dry waste not collected dry waste is not being collected separately in thane recycling is not happening,Civic Neglect,dry waste not collected dry waste is not being collected separately in thane recycling is not happening
Girl students missing school during periods due to absence of water and toilets,Education,girl students missing school during periods due to absence of water and toilets
Dangerous dilapidated school roof leaking heavily during rain in panchayat primary classes,Education,dangerous dilapidated school roof leaking heavily during rain in panchayat primary classes
Severe domestic physical violence and cruelty reported against orphan child in पंचायत,Child Safety,severe domestic physical violence and cruelty reported against orphan child in पंचायत
Panchayat high school in village running without basic science laboratory and math teachers,Education,panchayat high school in village running without basic science laboratory and math teachers
"Grievance Regarding Refund for Returned Items from a Store A citizen’s parents purchased items worth ₹2,900 from a local store for a family function, which was later cancelled due to a bereavement. When they attempted to return the items, the store initially agreed to refund ₹2,000 but kept delaying the payment despite multiple visits and phone calls. Even after warnings about possible police intervention, the refund was not issued. Frustrated by the continued evasion, the citizen lodged a grievance on the CPGRAMS Portal. Following escalation and persistent follow-up by the police department, the shop owner finally refunded the ₹2,000. The grievance was successfully resolved, and the citizen expressed appreciation for the support extended by CPGRAMS and the Puducherry Police Department",Welfare,grievance regarding refund for returned items from a store a citizen s parents purchased items worth 2 900 from a local store for a family function which was later cancelled due to a bereavement when they attempted to return the items the store initially agreed to refund 2 000 but kept delaying the payment despite multiple visits and phone calls even after warnings about possible police intervention the refund was not issued frustrated by the continued evasion the citizen lodged a grievance on the cpgrams portal following escalation and persistent follow up by the police department the shop owner finally refunded the 2 000 the grievance was successfully resolved and the citizen expressed appreciation for the support extended by cpgrams and the puducherry police department
Disability support allowance withheld पिछले तीन महीने से causing extreme hardship in बस्ती,Welfare,disability support allowance withheld पिछले तीन महीने से causing extreme hardship in बस्ती
School girl facing stalking and abduction threats by local anti-social elements in panchayat,Child Safety,school girl facing stalking and abduction threats by local anti social elements in panchayat
Midday meal food poison risk due to unhygienic rotten food served in locality primary school,Education,midday meal food poison risk due to unhygienic rotten food served in locality primary school
पंचायत के स्कूल की छत बरसात में टपकती है और दीवार में दरारें आ गई हैं,Education,पंचायत के स्कूल की छत बरसात में टपकती है और दीवार में दरारें आ गई हैं
मोहल्ले की मुख्य सड़क पूरी तरह टूट चुकी है और बड़े बड़े गड्ढे हो गए हैं since last week,Civic Neglect,मोहल्ले की मुख्य सड़क पूरी तरह टूट चुकी है और बड़े बड़े गड्ढे हो गए हैं since last week
Refusal to issue or renew MGNREGA employment job card to rural jobseekers in पंचायत,Welfare,refusal to issue or renew mgnrega employment job card to rural jobseekers in पंचायत
भूमिहीन दलित परिवार को आवंटित सरकारी जमीन से बेदखल करने की धमकी दी जा रही है,Welfare,भूमिहीन दलित परिवार को आवंटित सरकारी जमीन से बेदखल करने की धमकी दी जा रही है
Suspected child traffickers contacting destitute families offering fake city job advances,Child Safety,suspected child traffickers contacting destitute families offering fake city job advances
किसान सम्मान निधि की किस्त ई-केवाईसी कराने के बाद भी खाते में ट्रांसफर नहीं हो रही है,Welfare,किसान सम्मान निधि की किस्त ई केवाईसी कराने के बाद भी खाते में ट्रांसफर नहीं हो रही है
illegal water connection someone has taken illegal water connection near junction circle reducing our supply,Civic Neglect,illegal water connection someone has taken illegal water connection near junction circle reducing our supply
Widow welfare pension application pending without clearance at block development office in मोहल्ले,Welfare,widow welfare pension application pending without clearance at block development office in मोहल्ले
Dysfunctional drinking water handpump inside government school compound in panchayat,Education,dysfunctional drinking water handpump inside government school compound in panchayat
water tank leaking overhead water tank near mosque is leaking huge water wastage,Civic Neglect,water tank leaking overhead water tank near mosque is leaking huge water wastage
बस्ती के ईंट भट्ठे पर नाबालिग मासूम बच्चों से जबरन बंधुआ मजदूरी कराई जा रही है,Child Safety,बस्ती के ईंट भट्ठे पर नाबालिग मासूम बच्चों से जबरन बंधुआ मजदूरी कराई जा रही है
Wrongful cancellation of BPL ration cards belonging to landless poor families in कस्बे,Welfare,wrongful cancellation of bpl ration cards belonging to landless poor families in कस्बे
Village main road completely damaged with crater-like potholes dangerous for travel,Civic Neglect,village main road completely damaged with crater like potholes dangerous for travel
स्कूल परिसर में असामाजिक तत्व शाम को शराब पीते हैं और जुआ खेलते हैं,Education,स्कूल परिसर में असामाजिक तत्व शाम को शराब पीते हैं और जुआ खेलते हैं
मोहल्ले में कचरा उठाने वाली गाड़ी हफ्तों से नहीं आ रही है और गंदगी का ढेर लगा है,Civic Neglect,मोहल्ले में कचरा उठाने वाली गाड़ी हफ्तों से नहीं आ रही है और गंदगी का ढेर लगा है
village में प्रधानमंत्री आवास योजना की किस्त जारी करने के नाम पर कर्मचारी रिश्वत मांग रहा है,Welfare,village में प्रधानमंत्री आवास योजना की किस्त जारी करने के नाम पर कर्मचारी रिश्वत मांग रहा है
कस्बे में गरीब मजदूरों को जॉब कार्ड देने से पंचायत रोजगार सेवक साफ इनकार कर रहा है,Welfare,कस्बे में गरीब मजदूरों को जॉब कार्ड देने से पंचायत रोजगार सेवक साफ इनकार कर रहा है
village में मनरेगा के तहत तालाब खुदाई का काम किया लेकिन मजदूरी का भुगतान नहीं हुआ,Welfare,village में मनरेगा के तहत तालाब खुदाई का काम किया लेकिन मजदूरी का भुगतान नहीं हुआ
locality के प्राथमिक विद्यालय का हैंडपंप खराब है और बच्चों को पीने का पानी नहीं मिलता,Education,locality के प्राथमिक विद्यालय का हैंडपंप खराब है और बच्चों को पीने का पानी नहीं मिलता
pipeline crossing drainage water pipeline crosses over open drainage near water tank contamination risk,Civic Neglect,pipeline crossing drainage water pipeline crosses over open drainage near water tank contamination risk
Government school in गांव has severe teacher absenteeism कई दिनों से affecting education,Education,government school in गांव has severe teacher absenteeism कई दिनों से affecting education
MGNREGA wage payments overdue for poor manual laborers for months in मोहल्ले,Welfare,mgnrega wage payments overdue for poor manual laborers for months in मोहल्ले
कस्तूरबा गांधी बालिका विद्यालय में सुरक्षा का कोई पुख्ता इंतजाम नहीं है,Education,कस्तूरबा गांधी बालिका विद्यालय में सुरक्षा का कोई पुख्ता इंतजाम नहीं है
panchayat के विद्यालय में छात्रवृत्ति और पोशाक की सरकारी सहायता राशि अभी तक नहीं दी गई,Education,panchayat के विद्यालय में छात्रवृत्ति और पोशाक की सरकारी सहायता राशि अभी तक नहीं दी गई
no drainage system new layout in malad has no proper drainage system rainwater stands for days,Civic Neglect,no drainage system new layout in malad has no proper drainage system rainwater stands for days
"Delay in Disbursement of Education Loan Under Bihar Student Credit Card Scheme A citizen from Begusarai, Bihar, faced a prolonged delay in the disbursement of the remaining ₹2,00,000 from a sanctioned education loan of ₹4,00,000 under the Bihar Student Credit Card Scheme. Despite submitting all required documents, the pending amount was not released, leading to financial stress and penalties imposed by the educational institute. Multiple attempts to contact customer support yielded no response, and the application remained stagnant for weeks. Seeking resolution, a grievance was filed on the CPGRAMS portal. The matter was subsequently reviewed by the concerned authorities, and with appropriate intervention, the pending loan amount was successfully disbursed, therby resolving the grievance.",Education,delay in disbursement of education loan under bihar student credit card scheme a citizen from begusarai bihar faced a prolonged delay in the disbursement of the remaining 2 00 000 from a sanctioned education loan of 4 00 000 under the bihar student credit card scheme despite submitting all required documents the pending amount was not released leading to financial stress and penalties imposed by the educational institute multiple attempts to contact customer support yielded no response and the application remained stagnant for weeks seeking resolution a grievance was filed on the cpgrams portal the matter was subsequently reviewed by the concerned authorities and with appropriate intervention the pending loan amount was successfully disbursed therby resolving the grievance
गांव में मोटर गैराज में छोटे बच्चों को बंधक बनाकर रात दिन काम करवाया जाता है,Child Safety,गांव में मोटर गैराज में छोटे बच्चों को बंधक बनाकर रात दिन काम करवाया जाता है
locality के स्कूल की छत बरसात में टपकती है और दीवार में दरारें आ गई हैं,Education,locality के स्कूल की छत बरसात में टपकती है और दीवार में दरारें आ गई हैं
locality के कन्या मध्य विद्यालय में छात्राओं के लिए कोई सुरक्षित शौचालय और पानी नहीं है,Education,locality के कन्या मध्य विद्यालय में छात्राओं के लिए कोई सुरक्षित शौचालय और पानी नहीं है
Open sewage drainage overflowing directly onto public street in locality,Civic Neglect,open sewage drainage overflowing directly onto public street in locality
वार्ड की नाबालिग स्कूली छात्रा को आते-जाते समय शोहदे छेड़ते हैं और अपहरण की धमकी देते हैं,Child Safety,वार्ड की नाबालिग स्कूली छात्रा को आते जाते समय शोहदे छेड़ते हैं और अपहरण की धमकी देते हैं
ward के बस स्टैंड पर छोटे बच्चों से जबरन भीख मंगवाने वाला गिरोह सक्रिय है,Child Safety,ward के बस स्टैंड पर छोटे बच्चों से जबरन भीख मंगवाने वाला गिरोह सक्रिय है
"Gratuity Payment Released After CPGRAMS Intervention The widow of a retired Subedar faced hardship after her husband's demise, as the gratuity amount of over ₹10 lakh remained unpaid. Although the bank initiated her family pension and lifetime arrears, they declined to release gratuity, citing that the pension had not commenced before his passing. Needing urgent financial support for her daughter’s marriage, she filed a grievance on the CPGRAMS Portal. Following the intervention by the concerned authorities, the full gratuity amount was credited to her account within one month, successfully resolving the issue.",Welfare,gratuity payment released after cpgrams intervention the widow of a retired subedar faced hardship after her husband s demise as the gratuity amount of over 10 lakh remained unpaid although the bank initiated her family pension and lifetime arrears they declined to release gratuity citing that the pension had not commenced before his passing needing urgent financial support for her daughter s marriage she filed a grievance on the cpgrams portal following the intervention by the concerned authorities the full gratuity amount was credited to her account within one month successfully resolving the issue
Urgent police action needed to stop illegal child marriage of 13-year-old girl in वार्ड,Child Safety,urgent police action needed to stop illegal child marriage of 13 year old girl in वार्ड
मोहल्ले के महादलित परिवारों का राशन कार्ड सूची से जानबूझकर नाम विलोपित कर दिया गया है,Welfare,मोहल्ले के महादलित परिवारों का राशन कार्ड सूची से जानबूझकर नाम विलोपित कर दिया गया है
No separate sanitation toilet facility for girl students causing severe dropouts,Education,no separate sanitation toilet facility for girl students causing severe dropouts
Refusal to issue or renew MGNREGA employment job card to rural jobseekers in गांव,Welfare,refusal to issue or renew mgnrega employment job card to rural jobseekers in गांव
Corrupt housing scheme coordinator demanding illegal gratification for PM Awas grant in village,Welfare,corrupt housing scheme coordinator demanding illegal gratification for pm awas grant in village
टोले में मोटर गैराज में छोटे बच्चों को बंधक बनाकर रात दिन काम करवाया जाता है,Child Safety,टोले में मोटर गैराज में छोटे बच्चों को बंधक बनाकर रात दिन काम करवाया जाता है
Broken canal bridge disconnecting village transportation link in टोले,Civic Neglect,broken canal bridge disconnecting village transportation link in टोले
Organized child begging syndicate exploiting kidnapped children near railway station in पंचायत,Child Safety,organized child begging syndicate exploiting kidnapped children near railway station in पंचायत
"Request for Financial Assistance for Higher Education A student from Odisha, who had secured 87% in his Higher Secondary Examination and gained admission to BJB Autonomous College for Political Science (Honors), faced financial hardship due to his father's critical illness. Struggling to afford essential expenses such as hostel fees, food, and study materials, he sought financial assistance to continue his education. To address this challenge, a grievance was lodged on the CPGRAMS Portal highlighting his situation. Upon review, the matter was taken up by the concerned district administration, and a financial grant of ₹5,000 was sanctioned from the District Red Cross Fund, providing much-needed support for his academic journey.",Welfare,request for financial assistance for higher education a student from odisha who had secured 87 in his higher secondary examination and gained admission to bjb autonomous college for political science honors faced financial hardship due to his father s critical illness struggling to afford essential expenses such as hostel fees food and study materials he sought financial assistance to continue his education to address this challenge a grievance was lodged on the cpgrams portal highlighting his situation upon review the matter was taken up by the concerned district administration and a financial grant of 5 000 was sanctioned from the district red cross fund providing much needed support for his academic journey
Kabaad binne wale bachhe dangerous glass aur loha utha rahe hain,Child Safety,kabaad binne wale bachhe dangerous glass aur loha utha rahe hain
Awas yojana ki kist pass karne ke liye block babu rishwat maang raha hai,Welfare,awas yojana ki kist pass karne ke liye block babu rishwat maang raha hai
dumpyard fire fire at the garbage dump near porur smoke is affecting entire neighborhood,Civic Neglect,dumpyard fire fire at the garbage dump near porur smoke is affecting entire neighborhood
"PF Withdrawal Processed Swiftly After Grievance Escalation Faced with a personal emergency, a citizen urgently submitted a request to withdraw his Provident Fund savings and appealed for expedited processing. Despite the critical nature of his situation, the process saw delays. Seeking resolution, he filed a grievance on the CPGRAMS Portal. Following prompt action by the concerned authorities, it was confirmed that his Form 31 claim had been settled successfully, and an amount of ₹2,14,900 was credited to his account. The grievance was closed with the matter resolved.",Welfare,pf withdrawal processed swiftly after grievance escalation faced with a personal emergency a citizen urgently submitted a request to withdraw his provident fund savings and appealed for expedited processing despite the critical nature of his situation the process saw delays seeking resolution he filed a grievance on the cpgrams portal following prompt action by the concerned authorities it was confirmed that his form 31 claim had been settled successfully and an amount of 2 14 900 was credited to his account the grievance was closed with the matter resolved
MGNREGA wage payments overdue for poor manual laborers for past few months in टोले,Welfare,mgnrega wage payments overdue for poor manual laborers for past few months in टोले
Highway commercial dhaba employing minor children for nocturnal dishwashing under physical duress,Child Safety,highway commercial dhaba employing minor children for nocturnal dishwashing under physical duress
Principal demanding cash bribes for school transfer certificate and report card in panchayat,Education,principal demanding cash bribes for school transfer certificate and report card in panchayat
water tanker not coming requested water tanker for sector 45 4 days ago still not delivered,Civic Neglect,water tanker not coming requested water tanker for sector 45 4 days ago still not delivered
Complete lack of functional toilets for girl students in बस्ती government secondary school,Education,complete lack of functional toilets for girl students in बस्ती government secondary school
Elderly widow deprived of monthly social security allowance for eight months,Welfare,elderly widow deprived of monthly social security allowance for eight months
Uncollected garbage heaps rotting openly near residential houses in locality,Civic Neglect,uncollected garbage heaps rotting openly near residential houses in locality
"कक्षा की छत का प्लास्टर गिर रहा है और बरसात में पानी टपकता है, कभी भी बड़ा हादसा हो सकता है",Education,कक्षा की छत का प्लास्टर गिर रहा है और बरसात में पानी टपकता है कभी भी बड़ा हादसा हो सकता है
panchayat में सड़क किनारे कचरे का भारी अंबार लगा है और सफाई कर्मचारी नहीं आते,Civic Neglect,panchayat में सड़क किनारे कचरे का भारी अंबार लगा है और सफाई कर्मचारी नहीं आते
Principal demanding cash bribes for school transfer certificate and report card in वार्ड,Education,principal demanding cash bribes for school transfer certificate and report card in वार्ड
टोले में सरकार द्वारा आवंटित बासगीत पर्चा वाली जमीन पर भू-माफियाओं ने अवैध कब्जा कर लिया है,Welfare,टोले में सरकार द्वारा आवंटित बासगीत पर्चा वाली जमीन पर भू माफियाओं ने अवैध कब्जा कर लिया है
अंत्योदय अन्न योजना के तहत मिलने वाला 35 किलो अनाज डीलर पूरा नहीं देता और कालाबाजारी करता है,Welfare,अंत्योदय अन्न योजना के तहत मिलने वाला 35 किलो अनाज डीलर पूरा नहीं देता और कालाबाजारी करता है
स्कूल में ब्लैकबोर्ड टूटा हुआ है और बैठने के लिए बेंच या दरी तक नहीं है,Education,स्कूल में ब्लैकबोर्ड टूटा हुआ है और बैठने के लिए बेंच या दरी तक नहीं है
Illegal child labor and exploitation of minors detected at local brick kiln in panchayat,Child Safety,illegal child labor and exploitation of minors detected at local brick kiln in panchayat
"Assignment Entry Error Corrected, IGNOU Marksheet Issued Promptly Due to an error in the assignment status, where a subject code was mistakenly entered twice, a citizen experienced delays in receiving the final year marksheet from IGNOU. Despite following up with the Regional Centre and receiving multiple assurances, the issue remained unresolved for over two months, jeopardizing eligibility for Assistant Professor examinations. Seeking timely correction, a grievance was filed on the CPGRAMS Portal. Following the intervention by the concerned authorities, the Student Evaluation Division reviewed the case, corrected the assignment entry, and updated the Grade Card. The revised Grade Card was uploaded to the IGNOU website, resolving the issue within three weeks.",Education,assignment entry error corrected ignou marksheet issued promptly due to an error in the assignment status where a subject code was mistakenly entered twice a citizen experienced delays in receiving the final year marksheet from ignou despite following up with the regional centre and receiving multiple assurances the issue remained unresolved for over two months jeopardizing eligibility for assistant professor examinations seeking timely correction a grievance was filed on the cpgrams portal following the intervention by the concerned authorities the student evaluation division reviewed the case corrected the assignment entry and updated the grade card the revised grade card was uploaded to the ignou website resolving the issue within three weeks
मोहल्ले में 14 साल की नाबालिग बच्ची का गैरकानूनी बाल विवाह कराया जा रहा है तुरंत रोकें,Child Safety,मोहल्ले में 14 साल की नाबालिग बच्ची का गैरकानूनी बाल विवाह कराया जा रहा है तुरंत रोकें
sewage overflow sewage is overflowing on mount road in malleshwaram unbearable smell and health hazard,Civic Neglect,sewage overflow sewage is overflowing on mount road in malleshwaram unbearable smell and health hazard
Hazardous scrap collection and toxic waste handling involving small children in टोले,Child Safety,hazardous scrap collection and toxic waste handling involving small children in टोले
tanker water not clean corporation tanker providing dirty water to sector 45 found insects in it,Civic Neglect,tanker water not clean corporation tanker providing dirty water to sector 45 found insects in it
वार्ड के सरकारी स्कूल में for months शिक्षक अनुपस्थित रहते हैं और पढ़ाई ठप पड़ी है,Education,वार्ड के सरकारी स्कूल में for months शिक्षक अनुपस्थित रहते हैं और पढ़ाई ठप पड़ी है
streetlight cable stolen streetlight cables near mosque have been stolen lights not working,Civic Neglect,streetlight cable stolen streetlight cables near mosque have been stolen lights not working
MGNREGA wage payments overdue for poor manual laborers लंबे समय से in वार्ड,Welfare,mgnrega wage payments overdue for poor manual laborers लंबे समय से in वार्ड
Teacher bacho se jhaadu lagwate hain aur padhai nahi hoti,Education,teacher bacho se jhaadu lagwate hain aur padhai nahi hoti
"Delay in Disposal of Land Record Applications at Narayanpur Revenue Circle, Lakhimpur A citizen faced prolonged delays in the restoration of a name in the Jamabandi of scheduled land at the Narayanpur Revenue Circle, Lakhimpur district. Despite submitting multiple requests and follow-ups with the local revenue authorities, no action was taken on the pending land record applications, causing unnecessary hardship and uncertainty. Seeking timely redressal, the citizen lodged a grievance on the CPGRAMS portal. Upon review of the matter, the concerned authorities took necessary action, and the applicant’s name was duly restored in the land records as requested. The grievance was thus successfully resolved.",Education,delay in disposal of land record applications at narayanpur revenue circle lakhimpur a citizen faced prolonged delays in the restoration of a name in the jamabandi of scheduled land at the narayanpur revenue circle lakhimpur district despite submitting multiple requests and follow ups with the local revenue authorities no action was taken on the pending land record applications causing unnecessary hardship and uncertainty seeking timely redressal the citizen lodged a grievance on the cpgrams portal upon review of the matter the concerned authorities took necessary action and the applicant s name was duly restored in the land records as requested the grievance was thus successfully resolved
"Road Laid After Complaint on Poor PMGSY Road Quality A citizen raised concerns about the poor quality of a newly re-laid road under the Pradhan Mantri Gram Sadak Yojana, which had been constructed without tar or bitumen. The metal road posed daily challenges for commuters, especially schoolchildren and two-wheeler riders. Seeking resolution, the citizen filed a grievance on the CPGRAMS Portal. Within just 16 days, the Additional Collector and Project Director in Thoothukudi reviewed the matter and confirmed that strengthening work on the Kootampuli to Sirupadu stretch had been sanctioned. Bituminous concrete was laid on March 14, 2024, and the road was made safe and motorable.",Welfare,road laid after complaint on poor pmgsy road quality a citizen raised concerns about the poor quality of a newly re laid road under the pradhan mantri gram sadak yojana which had been constructed without tar or bitumen the metal road posed daily challenges for commuters especially schoolchildren and two wheeler riders seeking resolution the citizen filed a grievance on the cpgrams portal within just 16 days the additional collector and project director in thoothukudi reviewed the matter and confirmed that strengthening work on the kootampuli to sirupadu stretch had been sanctioned bituminous concrete was laid on march 14 2024 and the road was made safe and motorable
festival waste post festival waste from ganesh visarjan not cleared near metro station 3 days now,Civic Neglect,festival waste post festival waste from ganesh visarjan not cleared near metro station 3 days now
Police inaction regarding missing 10 year old boy from scheduled caste settlement,Child Safety,police inaction regarding missing 10 year old boy from scheduled caste settlement
illegal dumping ground someone is illegally dumping construction waste near church please investigate,Civic Neglect,illegal dumping ground someone is illegally dumping construction waste near church please investigate
Severe domestic physical violence and cruelty reported against orphan child in village,Child Safety,severe domestic physical violence and cruelty reported against orphan child in village
सड़क निर्माण का काम ठेकेदार अधूरा छोड़कर भाग गया है और रोड़ी पत्थर बिखरे पड़े हैं,Civic Neglect,सड़क निर्माण का काम ठेकेदार अधूरा छोड़कर भाग गया है और रोड़ी पत्थर बिखरे पड़े हैं
अस्पताल में कुत्ते और आवारा पशु घूमते हैं और कोई दवाई या पट्टी उपलब्ध नहीं है,Civic Neglect,अस्पताल में कुत्ते और आवारा पशु घूमते हैं और कोई दवाई या पट्टी उपलब्ध नहीं है
ward के प्राथमिक विद्यालय का हैंडपंप खराब है और बच्चों को पीने का पानी नहीं मिलता,Education,ward के प्राथमिक विद्यालय का हैंडपंप खराब है और बच्चों को पीने का पानी नहीं मिलता
जन वितरण प्रणाली की दुकान महीनों तक बंद रहती है और राशन की कालाबाजारी की जाती है,Welfare,जन वितरण प्रणाली की दुकान महीनों तक बंद रहती है और राशन की कालाबाजारी की जाती है
solar streetlight broken solar streetlight installed in indiranagar is not working battery issue maybe,Civic Neglect,solar streetlight broken solar streetlight installed in indiranagar is not working battery issue maybe
