title,description,text,category
Water tanker not coming,Requested water tanker for Sector 45 4 days ago. Still not delivered.,water tanker not coming requested water tanker for sector 45 4 days ago still not delivered,Water
Waste pickers harassed,Waste pickers in Thane are being harassed. They provide essential service.,waste pickers harassed waste pickers in thane are being harassed they provide essential service,Waste
Road junction dangerous,The junction at NH 44 and Ameerpet main road has no signals. Accidents daily.,road junction dangerous the junction at nh 44 and ameerpet main road has no signals accidents daily,Roads
Road subsidence,Road near Porur is sinking gradually. Foundation seems weak.,road subsidence road near porur is sinking gradually foundation seems weak,Roads
Complaint not addressed,Filed complaint for streetlight repair in Borivali 2 weeks ago. No action taken.,complaint not addressed filed complaint for streetlight repair in borivali 2 weeks ago no action taken,Streetlights
Election booth issue,Voter ID correction at Goregaon office is not being done. Multiple visits.,election booth issue voter id correction at goregaon office is not being done multiple visits,Other
Public area stinking,Area around metro station stinks due to poor cleanliness. Visitors are complaining.,public area stinking area around metro station stinks due to poor cleanliness visitors are complaining,Public Cleanliness
Illegal dumping ground,Someone is illegally dumping construction waste near church. Please investigate.,illegal dumping ground someone is illegally dumping construction waste near church please investigate,Waste
Water tank leaking,Overhead water tank near mosque is leaking. Huge water wastage.,water tank leaking overhead water tank near mosque is leaking huge water wastage,Water
Sewage line blocked,Sewage line in Vashi is blocked. Waste water is flowing on the street.,sewage line blocked sewage line in vashi is blocked waste water is flowing on the street,Drainage
RO plant not working,Community RO plant in Airoli is not working. Parts need replacement.,ro plant not working community ro plant in airoli is not working parts need replacement,Water
Construction site unsafe,Construction site near market square has no safety barricades. Open pit on road.,construction site unsafe construction site near market square has no safety barricades open pit on road,Public Safety
Lighting in underpass,Underpass near SBI ATM has no lighting. Very scary to walk through.,lighting in underpass underpass near sbi atm has no lighting very scary to walk through,Streetlights
Ration card problem,Ration card issue at HSR Layout. Wrong name printed on new card.,ration card problem ration card issue at hsr layout wrong name printed on new card,Other
Hand pump rusted,Hand pump near hospital gate is rusted and not giving water. Repair needed.,hand pump rusted hand pump near hospital gate is rusted and not giving water repair needed,Water
Road cave-in,Part of the road in BTM Layout has caved in near the drainage. Very dangerous.,road cave in part of the road in btm layout has caved in near the drainage very dangerous,Roads
Uneven road surface,The road surface near metro station is very uneven and bumpy. Two-wheelers are skidding.,uneven road surface the road surface near metro station is very uneven and bumpy two wheelers are skidding,Roads
Streetlight cable stolen,Streetlight cables near market square have been stolen. Lights not working.,streetlight cable stolen streetlight cables near market square have been stolen lights not working,Streetlights
Dumpyard fire,Fire at the garbage dump near T Nagar. Smoke is affecting entire neighborhood.,dumpyard fire fire at the garbage dump near t nagar smoke is affecting entire neighborhood,Waste
Open transformer,Transformer near petrol pump is open without any fencing. Children play near it.,open transformer transformer near petrol pump is open without any fencing children play near it,Public Safety
Unauthorized banner,Unauthorized political banners on Mount Road near church. Blocking visibility.,unauthorized banner unauthorized political banners on mount road near church blocking visibility,Other
Sewer water mixing,Sewer water mixing with drinking water pipeline in Malleshwaram. People are falling sick.,sewer water mixing sewer water mixing with drinking water pipeline in malleshwaram people are falling sick,Water
Election booth issue,Voter ID correction at Gachibowli office is not being done. Multiple visits.,election booth issue voter id correction at gachibowli office is not being done multiple visits,Other
Garbage on footpath,Garbage bags left on footpath near petrol pump. Pedestrians can't walk.,garbage on footpath garbage bags left on footpath near petrol pump pedestrians can t walk,Waste
Uneven road surface,The road surface near corporation office is very uneven and bumpy. Two-wheelers are skidding.,uneven road surface the road surface near corporation office is very uneven and bumpy two wheelers are skidding,Roads
Road accident prone,The stretch of Inner Ring Road near traffic signal is accident prone. Need speed breakers.,road accident prone the stretch of inner ring road near traffic signal is accident prone need speed breakers,Public Safety
Colony lights out,Streetlights in Kothrud colony have not been working for a month. Total darkness.,colony lights out streetlights in kothrud colony have not been working for a month total darkness,Streetlights
Encroachment complaint,Illegal encroachment of public land near gurudwara in Andheri.,encroachment complaint illegal encroachment of public land near gurudwara in andheri,Other
No pourakarmikas,Ward Hadapsar has no pourakarmikas. Streets are filthy for a week now.,no pourakarmikas ward hadapsar has no pourakarmikas streets are filthy for a week now,Waste
Drainage water stagnant,Stagnant drainage water near temple causing mosquito breeding.,drainage water stagnant stagnant drainage water near temple causing mosquito breeding,Drainage
Road cave-in,Part of the road in Indiranagar has caved in near the drainage. Very dangerous.,road cave in part of the road in indiranagar has caved in near the drainage very dangerous,Roads
Dry waste not collected,Dry waste is not being collected separately in Thane. Recycling is not happening.,dry waste not collected dry waste is not being collected separately in thane recycling is not happening,Waste
Junction light needed,No streetlight at the junction of Hosur Road and Thane road. Accidents happening.,junction light needed no streetlight at the junction of hosur road and thane road accidents happening,Streetlights
Mosquito fogging needed,Dengue cases rising in Anna Nagar. Need fogging operation near metro station.,mosquito fogging needed dengue cases rising in anna nagar need fogging operation near metro station,Other
Contaminated water,The water supply in Kukatpally is yellowish and smells bad. Not safe for drinking.,contaminated water the water supply in kukatpally is yellowish and smells bad not safe for drinking,Water
Snake spotted,Snakes frequently spotted near community hall in Gachibowli. Due to overgrown bushes.,snake spotted snakes frequently spotted near community hall in gachibowli due to overgrown bushes,Public Safety
Composting pit overflowing,Community composting pit in Ameerpet is overflowing and attracting flies.,composting pit overflowing community composting pit in ameerpet is overflowing and attracting flies,Waste
Nala overflowing,Nala near water tank is overflowing during rains. Houses are getting flooded.,nala overflowing nala near water tank is overflowing during rains houses are getting flooded,Drainage
Festival waste,Post-festival waste from Ganesh visarjan not cleared near metro station. 3 days now.,festival waste post festival waste from ganesh visarjan not cleared near metro station 3 days now,Waste
Road junction dangerous,The junction at ECR and HSR Layout main road has no signals. Accidents daily.,road junction dangerous the junction at ecr and hsr layout main road has no signals accidents daily,Roads
Manhole cover missing,Manhole cover missing near temple. A bike rider fell into it yesterday.,manhole cover missing manhole cover missing near temple a bike rider fell into it yesterday,Drainage
Encroachment on drain,Drain near market square in Porur is encroached. Water flow is blocked.,encroachment on drain drain near market square in porur is encroached water flow is blocked,Drainage
Mosquito fogging needed,Dengue cases rising in Andheri. Need fogging operation near main bus stop.,mosquito fogging needed dengue cases rising in andheri need fogging operation near main bus stop,Other
Broken road divider,Road divider on Mount Road is broken and causing accidents. Please fix urgently.,broken road divider road divider on mount road is broken and causing accidents please fix urgently,Roads
Mosquito fogging needed,Dengue cases rising in T Nagar. Need fogging operation near post office.,mosquito fogging needed dengue cases rising in t nagar need fogging operation near post office,Other
Road not repaired,Road in Bandra has not been repaired since last year. Multiple complaints ignored.,road not repaired road in bandra has not been repaired since last year multiple complaints ignored,Roads
Pipeline crossing drainage,Water pipeline crosses over open drainage near park entrance. Contamination risk.,pipeline crossing drainage water pipeline crosses over open drainage near park entrance contamination risk,Water
Potholes everywhere,Multiple potholes on Link Road near Porur. Commuters are suffering daily.,potholes everywhere multiple potholes on link road near porur commuters are suffering daily,Roads
RO plant not working,Community RO plant in Gachibowli is not working. Parts need replacement.,ro plant not working community ro plant in gachibowli is not working parts need replacement,Water
Chemical smell,Strong chemical smell coming from factory near Jubilee Hills. Health hazard for residents.,chemical smell strong chemical smell coming from factory near jubilee hills health hazard for residents,Public Safety
School area dirty,Area around the school in Powai is dirty. Children playing in filth.,school area dirty area around the school in powai is dirty children playing in filth,Public Cleanliness
Dilapidated structure,Old dilapidated structure near traffic signal may collapse during rains. Evacuate.,dilapidated structure old dilapidated structure near traffic signal may collapse during rains evacuate,Public Safety
Streetlight not working,Streetlight near SBI ATM in Vashi is not working since a week.,streetlight not working streetlight near sbi atm in vashi is not working since a week,Streetlights
Wedding garbage,Marriage hall near metro station dumping all waste on the road. Not using bins.,wedding garbage marriage hall near metro station dumping all waste on the road not using bins,Waste
Fountain broken filthy,Public fountain near water tank is broken and the stagnant water is filthy.,fountain broken filthy public fountain near water tank is broken and the stagnant water is filthy,Public Cleanliness
Public library closed,Public library near college gate in Thane has been closed for months.,public library closed public library near college gate in thane has been closed for months,Other
Waste pickers harassed,Waste pickers in Thane are being harassed. They provide essential service.,waste pickers harassed waste pickers in thane are being harassed they provide essential service,Waste
Water bill dispute,Water bill for Porur house shows 5000 liters. We barely use 1000. Meter issue.,water bill dispute water bill for porur house shows 5000 liters we barely use 1000 meter issue,Water
Low water pressure,Very low water pressure in Bandra. Water barely comes to the first floor.,low water pressure very low water pressure in bandra water barely comes to the first floor,Water
Open drain dangerous,Open drain on ECR near Goregaon is very dangerous. Children might fall in.,open drain dangerous open drain on ecr near goregaon is very dangerous children might fall in,Drainage
Garbage smell unbearable,The garbage dump near police station is producing unbearable smell. Cannot open windows.,garbage smell unbearable the garbage dump near police station is producing unbearable smell cannot open windows,Waste
Road cave-in,Part of the road in JP Nagar has caved in near the drainage. Very dangerous.,road cave in part of the road in jp nagar has caved in near the drainage very dangerous,Roads
Hawker nuisance,Hawkers blocking entire footpath near government school in Malleshwaram. Can't walk.,hawker nuisance hawkers blocking entire footpath near government school in malleshwaram can t walk,Other
No traffic signal,No traffic signal at busy junction near junction circle. Major accidents happening.,no traffic signal no traffic signal at busy junction near junction circle major accidents happening,Public Safety
Overflow during monsoon,Drainage system in Rajajinagar overflows every monsoon. No permanent solution.,overflow during monsoon drainage system in rajajinagar overflows every monsoon no permanent solution,Drainage
Speed breaker too high,Speed breaker near police station in Borivali is too high. Vehicles are getting stuck.,speed breaker too high speed breaker near police station in borivali is too high vehicles are getting stuck,Roads
Manhole cover missing,Manhole cover missing near railway crossing. A bike rider fell into it yesterday.,manhole cover missing manhole cover missing near railway crossing a bike rider fell into it yesterday,Drainage
Electric wire dangling,Electric wire hanging dangerously low on Service Road near Anna Nagar. Risk of electrocution.,electric wire dangling electric wire hanging dangerously low on service road near anna nagar risk of electrocution,Public Safety
Rainwater harvesting pit blocked,RWH pit in Sector 45 is blocked and overflowing. Needs cleaning.,rainwater harvesting pit blocked rwh pit in sector 45 is blocked and overflowing needs cleaning,Drainage
Drainage construction incomplete,Drainage construction in Sector 22 started 2 months ago but left incomplete. Causing flooding.,drainage construction incomplete drainage construction in sector 22 started 2 months ago but left incomplete causing flooding,Drainage
Playground dirty,Children's playground in Vashi near underpass is dirty. Glass pieces found.,playground dirty children s playground in vashi near underpass is dirty glass pieces found,Public Cleanliness
Water tanker not coming,Requested water tanker for Sector 45 4 days ago. Still not delivered.,water tanker not coming requested water tanker for sector 45 4 days ago still not delivered,Water
Road name board missing,Road name board missing on Mount Road near water tank. Delivery and ambulances confused.,road name board missing road name board missing on mount road near water tank delivery and ambulances confused,Other
Streetlight pole fallen,Streetlight pole near market square has fallen down. Wires are exposed.,streetlight pole fallen streetlight pole near market square has fallen down wires are exposed,Streetlights
Dead animal not removed,Dead animal lying on Hosur Road near Dadar since 2 days. Nobody is removing it.,dead animal not removed dead animal lying on hosur road near dadar since 2 days nobody is removing it,Waste
Wall collapse risk,Compound wall near college gate in T Nagar has big cracks. May collapse on pedestrians.,wall collapse risk compound wall near college gate in t nagar has big cracks may collapse on pedestrians,Public Safety
Birth certificate delay,Applied for birth certificate at Powai ward office 2 months ago. Not received.,birth certificate delay applied for birth certificate at powai ward office 2 months ago not received,Other
Broken railing on bridge,Railing on the bridge near mosque is broken. Someone can fall off.,broken railing on bridge railing on the bridge near mosque is broken someone can fall off,Public Safety
Playground equipment,Playground equipment in Anna Nagar park is rusted and unsafe for children.,playground equipment playground equipment in anna nagar park is rusted and unsafe for children,Other
Community hall booking,Community hall near temple booking system is not working. Need for function.,community hall booking community hall near temple booking system is not working need for function,Other
Public toilet dirty,Public toilet near SBI ATM is extremely dirty. Nobody is cleaning it.,public toilet dirty public toilet near sbi atm is extremely dirty nobody is cleaning it,Public Cleanliness
Illegal liquor shop,Illegal liquor shop operating near school in Velachery. Children are affected.,illegal liquor shop illegal liquor shop operating near school in velachery children are affected,Public Safety
Fountain broken filthy,Public fountain near gurudwara is broken and the stagnant water is filthy.,fountain broken filthy public fountain near gurudwara is broken and the stagnant water is filthy,Public Cleanliness
Illegal water connection,Someone has taken illegal water connection near hospital gate. Reducing our supply.,illegal water connection someone has taken illegal water connection near hospital gate reducing our supply,Water
Ward office closed,Ward office in Anna Nagar closed on working days. Officers not available.,ward office closed ward office in anna nagar closed on working days officers not available,Other
Lake polluted,Lake near bank branch in Andheri is highly polluted. Foam forming on surface.,lake polluted lake near bank branch in andheri is highly polluted foam forming on surface,Public Cleanliness
Garbage smell unbearable,The garbage dump near market square is producing unbearable smell. Cannot open windows.,garbage smell unbearable the garbage dump near market square is producing unbearable smell cannot open windows,Waste
Canal debris,Debris in the canal near bank branch blocking water flow during heavy rains.,canal debris debris in the canal near bank branch blocking water flow during heavy rains,Drainage
Debris not cleared,Construction debris dumped on Outer Ring Road near bank branch is not being cleared.,debris not cleared construction debris dumped on outer ring road near bank branch is not being cleared,Waste
Illegal water connection,Someone has taken illegal water connection near junction circle. Reducing our supply.,illegal water connection someone has taken illegal water connection near junction circle reducing our supply,Water
Snake spotted,Snakes frequently spotted near post office in Porur. Due to overgrown bushes.,snake spotted snakes frequently spotted near post office in porur due to overgrown bushes,Public Safety
Illegal water connection,Someone has taken illegal water connection near junction circle. Reducing our supply.,illegal water connection someone has taken illegal water connection near junction circle reducing our supply,Water
Temple area dirty,Area around the temple near post office is very dirty. Flowers and waste everywhere.,temple area dirty area around the temple near post office is very dirty flowers and waste everywhere,Public Cleanliness
No water connection,Applied for water connection in Malad 6 months ago. Still not provided.,no water connection applied for water connection in malad 6 months ago still not provided,Water
Open drain dangerous,Open drain on MG Road near Ameerpet is very dangerous. Children might fall in.,open drain dangerous open drain on mg road near ameerpet is very dangerous children might fall in,Drainage
Service road bad condition,Service road in Sector 45 is worse than the village road. Please resurface.,service road bad condition service road in sector 45 is worse than the village road please resurface,Roads
No drainage system,New layout in Malad has no proper drainage system. Rainwater stands for days.,no drainage system new layout in malad has no proper drainage system rainwater stands for days,Drainage
Construction debris on road,Road near flyover is blocked with construction debris. No one is clearing it.,construction debris on road road near flyover is blocked with construction debris no one is clearing it,Roads
Monkey menace,Troop of aggressive monkeys in Jayanagar near government school. Snatching food from people.,monkey menace troop of aggressive monkeys in jayanagar near government school snatching food from people,Public Safety
Streetlight pole fallen,Streetlight pole near corporation office has fallen down. Wires are exposed.,streetlight pole fallen streetlight pole near corporation office has fallen down wires are exposed,Streetlights
No road marking,No road markings or lane dividers on OMR. Very confusing for drivers.,no road marking no road markings or lane dividers on omr very confusing for drivers,Roads
Solar streetlight broken,Solar streetlight installed in Indiranagar is not working. Battery issue maybe.,solar streetlight broken solar streetlight installed in indiranagar is not working battery issue maybe,Streetlights
Garbage vehicle broken,The garbage collection vehicle for Madhapur is broken. No replacement provided.,garbage vehicle broken the garbage collection vehicle for madhapur is broken no replacement provided,Waste
New streetlight needed,No streetlight in T Nagar sector. Women and elderly feel unsafe at night.,new streetlight needed no streetlight in t nagar sector women and elderly feel unsafe at night,Streetlights
Streetlight cable stolen,Streetlight cables near mosque have been stolen. Lights not working.,streetlight cable stolen streetlight cables near mosque have been stolen lights not working,Streetlights
Bio-medical waste,Bio-medical waste found near hospital gate in Vashi. Very dangerous for public health.,bio medical waste bio medical waste found near hospital gate in vashi very dangerous for public health,Waste
Dumpyard fire,Fire at the garbage dump near Porur. Smoke is affecting entire neighborhood.,dumpyard fire fire at the garbage dump near porur smoke is affecting entire neighborhood,Waste
Dumpyard fire,Fire at the garbage dump near Koramangala. Smoke is affecting entire neighborhood.,dumpyard fire fire at the garbage dump near koramangala smoke is affecting entire neighborhood,Waste
Drain blocked,The drain near community hall in HSR Layout is completely blocked. Water is overflowing on road.,drain blocked the drain near community hall in hsr layout is completely blocked water is overflowing on road,Drainage
Open pit on road,Open pit dug for cable work on Old Airport Road near church. No barricade around it.,open pit on road open pit dug for cable work on old airport road near church no barricade around it,Public Safety
Property tax issue,Property tax notice for Gachibowli is incorrect. Showing wrong area measurement.,property tax issue property tax notice for gachibowli is incorrect showing wrong area measurement,Other
No water supply,No water supply in Malad since 2 days. Tanker also not coming.,no water supply no water supply in malad since 2 days tanker also not coming,Water
Monkey menace,Troop of aggressive monkeys in Kothrud near water tank. Snatching food from people.,monkey menace troop of aggressive monkeys in kothrud near water tank snatching food from people,Public Safety
Railway station dirty,Area near Goregaon railway station is filthy. Needs deep cleaning.,railway station dirty area near goregaon railway station is filthy needs deep cleaning,Public Cleanliness
Pipeline crossing drainage,Water pipeline crosses over open drainage near water tank. Contamination risk.,pipeline crossing drainage water pipeline crosses over open drainage near water tank contamination risk,Water
Road accident prone,The stretch of MG Road near underpass is accident prone. Need speed breakers.,road accident prone the stretch of mg road near underpass is accident prone need speed breakers,Public Safety
Dead animal not removed,Dead animal lying on Bannerghatta Road near Porur since 2 days. Nobody is removing it.,dead animal not removed dead animal lying on bannerghatta road near porur since 2 days nobody is removing it,Waste
Road not tarred,The road in Besant Nagar sector has not been tarred for 5 years. Dust everywhere.,road not tarred the road in besant nagar sector has not been tarred for 5 years dust everywhere,Roads
Dustbin overflowing,The community dustbin near railway crossing is overflowing. Stray dogs are spreading garbage.,dustbin overflowing the community dustbin near railway crossing is overflowing stray dogs are spreading garbage,Waste
Garbage not collected,Garbage has not been collected from HSR Layout since 3 days. Bags are piling up.,garbage not collected garbage has not been collected from hsr layout since 3 days bags are piling up,Waste
Bulb fused,Streetlight bulb near bank branch in Hadapsar is fused since Diwali. Not replaced.,bulb fused streetlight bulb near bank branch in hadapsar is fused since diwali not replaced,Streetlights
Market area filthy,The market area in Whitefield near park entrance is filthy. No cleaning by corporation.,market area filthy the market area in whitefield near park entrance is filthy no cleaning by corporation,Public Cleanliness
No garbage bin in area,There is no public dustbin in Kukatpally near main bus stop. People are throwing garbage on road.,no garbage bin in area there is no public dustbin in kukatpally near main bus stop people are throwing garbage on road,Waste
Water meter faulty,Water meter at my house in JP Nagar is showing wrong readings. Bill is too high.,water meter faulty water meter at my house in jp nagar is showing wrong readings bill is too high,Water
Hospital area unclean,Surroundings of Jubilee Hills hospital are unclean. Not good for patients.,hospital area unclean surroundings of jubilee hills hospital are unclean not good for patients,Public Cleanliness
Debris not cleared,Construction debris dumped on Service Road near traffic signal is not being cleared.,debris not cleared construction debris dumped on service road near traffic signal is not being cleared,Waste
Garbage truck timing,Garbage truck comes at 5 AM to Malleshwaram. Most residents miss it. Change timing please.,garbage truck timing garbage truck comes at 5 am to malleshwaram most residents miss it change timing please,Waste
Overhead tank overflow,Overhead tank in Sector 22 overflows every day. Automatic valve not working.,overhead tank overflow overhead tank in sector 22 overflows every day automatic valve not working,Water
Construction debris on road,Road near temple is blocked with construction debris. No one is clearing it.,construction debris on road road near temple is blocked with construction debris no one is clearing it,Roads
Tar road peeling off,The newly tarred road on OMR is already peeling off. Waste of taxpayer money.,tar road peeling off the newly tarred road on omr is already peeling off waste of taxpayer money,Roads
Water logging,Severe water logging near bank branch after pipeline burst. Mosquito breeding.,water logging severe water logging near bank branch after pipeline burst mosquito breeding,Water
Hawker nuisance,Hawkers blocking entire footpath near police station in Anna Nagar. Can't walk.,hawker nuisance hawkers blocking entire footpath near police station in anna nagar can t walk,Other
Playground equipment,Playground equipment in JP Nagar park is rusted and unsafe for children.,playground equipment playground equipment in jp nagar park is rusted and unsafe for children,Other
Monkey menace,Troop of aggressive monkeys in Dadar near corporation office. Snatching food from people.,monkey menace troop of aggressive monkeys in dadar near corporation office snatching food from people,Public Safety
Open drain dangerous,Open drain on OMR near Bandra is very dangerous. Children might fall in.,open drain dangerous open drain on omr near bandra is very dangerous children might fall in,Drainage
Patch work needed,Small but deep potholes on Mount Road near corporation office. Patch work can fix them quickly.,patch work needed small but deep potholes on mount road near corporation office patch work can fix them quickly,Roads
No road marking,No road markings or lane dividers on Highway 48. Very confusing for drivers.,no road marking no road markings or lane dividers on highway 48 very confusing for drivers,Roads
Birth certificate delay,Applied for birth certificate at Malad ward office 2 months ago. Not received.,birth certificate delay applied for birth certificate at malad ward office 2 months ago not received,Other
Irregular water timing,"Water comes at irregular timings in Koramangala. Sometimes 3 AM, sometimes not at all.",irregular water timing water comes at irregular timings in koramangala sometimes 3 am sometimes not at all,Water
LED light not bright,New LED streetlights in Porur are not bright enough. Cannot see the road.,led light not bright new led streetlights in porur are not bright enough cannot see the road,Streetlights
Park not maintained,"The park near post office in Kothrud is not maintained. Grass overgrown, paths dirty.",park not maintained the park near post office in kothrud is not maintained grass overgrown paths dirty,Public Cleanliness
Garbage burning,People are burning garbage near underpass in Rajajinagar. Toxic smoke everywhere.,garbage burning people are burning garbage near underpass in rajajinagar toxic smoke everywhere,Waste
Garbage truck timing,Garbage truck comes at 5 AM to Adyar. Most residents miss it. Change timing please.,garbage truck timing garbage truck comes at 5 am to adyar most residents miss it change timing please,Waste
Service road bad condition,Service road in T Nagar is worse than the village road. Please resurface.,service road bad condition service road in t nagar is worse than the village road please resurface,Roads
Road cave-in,Part of the road in Dadar has caved in near the drainage. Very dangerous.,road cave in part of the road in dadar has caved in near the drainage very dangerous,Roads
Sewer water mixing,Sewer water mixing with drinking water pipeline in Jubilee Hills. People are falling sick.,sewer water mixing sewer water mixing with drinking water pipeline in jubilee hills people are falling sick,Water
Paver blocks missing,Paver blocks on footpath near gurudwara are missing. Elderly people are tripping.,paver blocks missing paver blocks on footpath near gurudwara are missing elderly people are tripping,Roads
Garden overgrown,Public garden in Goregaon is overgrown with weeds. Snakes might come.,garden overgrown public garden in goregaon is overgrown with weeds snakes might come,Public Cleanliness
Low hanging wire,Streetlight wire hanging low near corporation office. Trucks are hitting it.,low hanging wire streetlight wire hanging low near corporation office trucks are hitting it,Streetlights
Illegal water connection,Someone has taken illegal water connection near gurudwara. Reducing our supply.,illegal water connection someone has taken illegal water connection near gurudwara reducing our supply,Water
No water connection,Applied for water connection in Gachibowli 6 months ago. Still not provided.,no water connection applied for water connection in gachibowli 6 months ago still not provided,Water
Drainage water stagnant,Stagnant drainage water near gurudwara causing mosquito breeding.,drainage water stagnant stagnant drainage water near gurudwara causing mosquito breeding,Drainage
Open manhole,Open manhole on Anna Salai near community hall. Cover missing. Very dangerous.,open manhole open manhole on anna salai near community hall cover missing very dangerous,Public Safety
Bio-medical waste,Bio-medical waste found near gurudwara in Kukatpally. Very dangerous for public health.,bio medical waste bio medical waste found near gurudwara in kukatpally very dangerous for public health,Waste
Canal debris,Debris in the canal near junction circle blocking water flow during heavy rains.,canal debris debris in the canal near junction circle blocking water flow during heavy rains,Drainage
Property tax issue,Property tax notice for HSR Layout is incorrect. Showing wrong area measurement.,property tax issue property tax notice for hsr layout is incorrect showing wrong area measurement,Other
Trade license renewal,Trade license renewal at Jayanagar taking too long. Office sending us in circles.,trade license renewal trade license renewal at jayanagar taking too long office sending us in circles,Other
Hand pump rusted,Hand pump near main bus stop is rusted and not giving water. Repair needed.,hand pump rusted hand pump near main bus stop is rusted and not giving water repair needed,Water
Playground equipment,Playground equipment in Goregaon park is rusted and unsafe for children.,playground equipment playground equipment in goregaon park is rusted and unsafe for children,Other
Garbage smell unbearable,The garbage dump near junction circle is producing unbearable smell. Cannot open windows.,garbage smell unbearable the garbage dump near junction circle is producing unbearable smell cannot open windows,Waste
Religious site messy,Surroundings of the mosque near community hall messy. Devotees complaining.,religious site messy surroundings of the mosque near community hall messy devotees complaining,Public Cleanliness
Complaint not addressed,Filed complaint for streetlight repair in Malad 2 weeks ago. No action taken.,complaint not addressed filed complaint for streetlight repair in malad 2 weeks ago no action taken,Streetlights
Waterlogged area mosquitoes,Waterlogged area near underpass breeding mosquitoes. Dengue cases increasing.,waterlogged area mosquitoes waterlogged area near underpass breeding mosquitoes dengue cases increasing,Public Safety
Underground drainage blocked,Underground drainage in BTM Layout is blocked. Sewage coming up from manholes.,underground drainage blocked underground drainage in btm layout is blocked sewage coming up from manholes,Drainage
Illegal parking,Illegal parking on NH 44 blocking ambulance route near Dadar hospital.,illegal parking illegal parking on nh 44 blocking ambulance route near dadar hospital,Public Safety
Religious site messy,Surroundings of the mosque near post office messy. Devotees complaining.,religious site messy surroundings of the mosque near post office messy devotees complaining,Public Cleanliness
High mast light broken,High mast light at hospital gate junction is not working. Very dark area.,high mast light broken high mast light at hospital gate junction is not working very dark area,Streetlights
Pension delay,Old age pension for residents in Andheri delayed by 3 months. People suffering.,pension delay old age pension for residents in andheri delayed by 3 months people suffering,Other
Pipeline crossing drainage,Water pipeline crosses over open drainage near market square. Contamination risk.,pipeline crossing drainage water pipeline crosses over open drainage near market square contamination risk,Water
Transformer issue,Streetlight transformer near Kothrud has blown up. No lights in entire ward.,transformer issue streetlight transformer near kothrud has blown up no lights in entire ward,Streetlights
Festival waste,Post-festival waste from Ganesh visarjan not cleared near junction circle. 3 days now.,festival waste post festival waste from ganesh visarjan not cleared near junction circle 3 days now,Waste
Fire hazard,Illegal storage of gas cylinders near underpass in Indiranagar. Major fire hazard.,fire hazard illegal storage of gas cylinders near underpass in indiranagar major fire hazard,Public Safety
Illegal dumping ground,Someone is illegally dumping construction waste near church. Please investigate.,illegal dumping ground someone is illegally dumping construction waste near church please investigate,Waste
Lake polluted,Lake near water tank in Jayanagar is highly polluted. Foam forming on surface.,lake polluted lake near water tank in jayanagar is highly polluted foam forming on surface,Public Cleanliness
Tanker water not clean,Corporation tanker providing dirty water to Indiranagar. Found insects in it.,tanker water not clean corporation tanker providing dirty water to indiranagar found insects in it,Water
Plastic waste everywhere,Plastic waste is scattered all over Jubilee Hills near church. Looks terrible.,plastic waste everywhere plastic waste is scattered all over jubilee hills near church looks terrible,Waste
Anti-social elements,Anti-social elements gathering near SBI ATM park after dark. Unsafe for families.,anti social elements anti social elements gathering near sbi atm park after dark unsafe for families,Public Safety
No pourakarmikas,Ward Dadar has no pourakarmikas. Streets are filthy for a week now.,no pourakarmikas ward dadar has no pourakarmikas streets are filthy for a week now,Waste
Light pole rusted,Streetlight pole near hospital gate is completely rusted. May fall anytime.,light pole rusted streetlight pole near hospital gate is completely rusted may fall anytime,Streetlights
Summer water crisis,Severe water shortage in Malad. Only getting supply once in 3 days.,summer water crisis severe water shortage in malad only getting supply once in 3 days,Water
Hand pump rusted,Hand pump near metro station is rusted and not giving water. Repair needed.,hand pump rusted hand pump near metro station is rusted and not giving water repair needed,Water
Garbage smell unbearable,The garbage dump near metro station is producing unbearable smell. Cannot open windows.,garbage smell unbearable the garbage dump near metro station is producing unbearable smell cannot open windows,Waste
Chemical smell,Strong chemical smell coming from factory near Airoli. Health hazard for residents.,chemical smell strong chemical smell coming from factory near airoli health hazard for residents,Public Safety
Road junction dangerous,The junction at Old Airport Road and Thane main road has no signals. Accidents daily.,road junction dangerous the junction at old airport road and thane main road has no signals accidents daily,Roads
Abandoned vehicle,Abandoned vehicle parked near hospital gate for 3 months. Could be used for crime.,abandoned vehicle abandoned vehicle parked near hospital gate for 3 months could be used for crime,Public Safety
E-waste dumped,Electronic waste dumped openly near main bus stop. Hazardous for children playing nearby.,e waste dumped electronic waste dumped openly near main bus stop hazardous for children playing nearby,Waste
Water bill dispute,Water bill for Whitefield house shows 5000 liters. We barely use 1000. Meter issue.,water bill dispute water bill for whitefield house shows 5000 liters we barely use 1000 meter issue,Water
Cracks on main road,Major cracks have appeared on 80 Feet Road near Velachery. Very dangerous for traffic.,cracks on main road major cracks have appeared on 80 feet road near velachery very dangerous for traffic,Roads
No water connection,Applied for water connection in Borivali 6 months ago. Still not provided.,no water connection applied for water connection in borivali 6 months ago still not provided,Water
E-waste dumped,Electronic waste dumped openly near mosque. Hazardous for children playing nearby.,e waste dumped electronic waste dumped openly near mosque hazardous for children playing nearby,Waste
Water logging,Severe water logging near college gate after pipeline burst. Mosquito breeding.,water logging severe water logging near college gate after pipeline burst mosquito breeding,Water
Complaint not addressed,Filed complaint for streetlight repair in Adyar 2 weeks ago. No action taken.,complaint not addressed filed complaint for streetlight repair in adyar 2 weeks ago no action taken,Streetlights
Waste pickers harassed,Waste pickers in BTM Layout are being harassed. They provide essential service.,waste pickers harassed waste pickers in btm layout are being harassed they provide essential service,Waste
Wedding garbage,Marriage hall near church dumping all waste on the road. Not using bins.,wedding garbage marriage hall near church dumping all waste on the road not using bins,Waste
Bulb fused,Streetlight bulb near fire station in Goregaon is fused since Diwali. Not replaced.,bulb fused streetlight bulb near fire station in goregaon is fused since diwali not replaced,Streetlights
Rainwater harvesting pit blocked,RWH pit in Banjara Hills is blocked and overflowing. Needs cleaning.,rainwater harvesting pit blocked rwh pit in banjara hills is blocked and overflowing needs cleaning,Drainage
Illegal water connection,Someone has taken illegal water connection near post office. Reducing our supply.,illegal water connection someone has taken illegal water connection near post office reducing our supply,Water
No traffic signal,No traffic signal at busy junction near bank branch. Major accidents happening.,no traffic signal no traffic signal at busy junction near bank branch major accidents happening,Public Safety
Dangerous road condition,The road near police station is in terrible condition. Accident happened yesterday.,dangerous road condition the road near police station is in terrible condition accident happened yesterday,Roads
Desilting not done,Desilting of drains in Dadar before monsoon was not done. Now flooding.,desilting not done desilting of drains in dadar before monsoon was not done now flooding,Drainage
New streetlight needed,No streetlight in Sector 22 sector. Women and elderly feel unsafe at night.,new streetlight needed no streetlight in sector 22 sector women and elderly feel unsafe at night,Streetlights
Wiring exposed,Streetlight wiring near flyover is exposed. Electrocution risk in rain.,wiring exposed streetlight wiring near flyover is exposed electrocution risk in rain,Streetlights
Road junction dangerous,The junction at Outer Ring Road and Hadapsar main road has no signals. Accidents daily.,road junction dangerous the junction at outer ring road and hadapsar main road has no signals accidents daily,Roads
Garbage vehicle broken,The garbage collection vehicle for Airoli is broken. No replacement provided.,garbage vehicle broken the garbage collection vehicle for airoli is broken no replacement provided,Waste
Public bench broken,Public benches near post office are broken and dirty. Senior citizens can't sit.,public bench broken public benches near post office are broken and dirty senior citizens can t sit,Public Cleanliness
Low water pressure,Very low water pressure in JP Nagar. Water barely comes to the first floor.,low water pressure very low water pressure in jp nagar water barely comes to the first floor,Water
Urination on walls,People are urinating on walls near police station in Vashi. Paint anti-urination signs.,urination on walls people are urinating on walls near police station in vashi paint anti urination signs,Public Cleanliness
Tar road peeling off,The newly tarred road on Bannerghatta Road is already peeling off. Waste of taxpayer money.,tar road peeling off the newly tarred road on bannerghatta road is already peeling off waste of taxpayer money,Roads
Illegal parking,Illegal parking on MG Road blocking ambulance route near Bandra hospital.,illegal parking illegal parking on mg road blocking ambulance route near bandra hospital,Public Safety
Noise pollution,Construction noise near corporation office continues past 10 PM. Against rules.,noise pollution construction noise near corporation office continues past 10 pm against rules,Other
Stray dog menace,Pack of aggressive stray dogs near post office in Kothrud. Children are scared.,stray dog menace pack of aggressive stray dogs near post office in kothrud children are scared,Public Safety
Dog vaccination camp,Need dog vaccination camp in Airoli. Many stray dogs near government school.,dog vaccination camp need dog vaccination camp in airoli many stray dogs near government school,Other
Open drain dangerous,Open drain on OMR near Anna Nagar is very dangerous. Children might fall in.,open drain dangerous open drain on omr near anna nagar is very dangerous children might fall in,Drainage
Hand pump rusted,Hand pump near petrol pump is rusted and not giving water. Repair needed.,hand pump rusted hand pump near petrol pump is rusted and not giving water repair needed,Water
Bridge approach road,The approach road to the bridge near junction circle has deep potholes on both sides.,bridge approach road the approach road to the bridge near junction circle has deep potholes on both sides,Roads
Road damaged after rain,The road near temple in Porur is completely broken after monsoon rains.,road damaged after rain the road near temple in porur is completely broken after monsoon rains,Roads
Nala encroachment,Illegal encroachment on drainage nala near Gachibowli. Water cannot flow.,nala encroachment illegal encroachment on drainage nala near gachibowli water cannot flow,Drainage
Open transformer,Transformer near park entrance is open without any fencing. Children play near it.,open transformer transformer near park entrance is open without any fencing children play near it,Public Safety
No garbage bin in area,There is no public dustbin in JP Nagar near petrol pump. People are throwing garbage on road.,no garbage bin in area there is no public dustbin in jp nagar near petrol pump people are throwing garbage on road,Waste
Marketplace after hours,Marketplace near petrol pump a mess after business hours. No cleanup crew.,marketplace after hours marketplace near petrol pump a mess after business hours no cleanup crew,Public Cleanliness
Tree about to fall,Big tree near railway crossing is leaning dangerously. Might fall on houses.,tree about to fall big tree near railway crossing is leaning dangerously might fall on houses,Public Safety
Sewer gas smell,Strong sewer gas smell coming from drains in Indiranagar. Making residents sick.,sewer gas smell strong sewer gas smell coming from drains in indiranagar making residents sick,Drainage
High mast light broken,High mast light at metro station junction is not working. Very dark area.,high mast light broken high mast light at metro station junction is not working very dark area,Streetlights
Sweeping not done,Road sweeping not done in Gachibowli since a week. Leaves and dust everywhere.,sweeping not done road sweeping not done in gachibowli since a week leaves and dust everywhere,Public Cleanliness
Drainage construction incomplete,Drainage construction in Malleshwaram started 2 months ago but left incomplete. Causing flooding.,drainage construction incomplete drainage construction in malleshwaram started 2 months ago but left incomplete causing flooding,Drainage
Park not maintained,"The park near post office in HSR Layout is not maintained. Grass overgrown, paths dirty.",park not maintained the park near post office in hsr layout is not maintained grass overgrown paths dirty,Public Cleanliness
Water supply timing short,Water supply timing reduced to 30 mins in Andheri. Not enough to fill tanks.,water supply timing short water supply timing reduced to 30 mins in andheri not enough to fill tanks,Water
Sewage line blocked,Sewage line in Dadar is blocked. Waste water is flowing on the street.,sewage line blocked sewage line in dadar is blocked waste water is flowing on the street,Drainage
Bridge approach road,The approach road to the bridge near metro station has deep potholes on both sides.,bridge approach road the approach road to the bridge near metro station has deep potholes on both sides,Roads
Drain blocked,The drain near gurudwara in T Nagar is completely blocked. Water is overflowing on road.,drain blocked the drain near gurudwara in t nagar is completely blocked water is overflowing on road,Drainage
Public event mess,"After the public event near market square, the area is completely trashed.",public event mess after the public event near market square the area is completely trashed,Public Cleanliness
Streetlight cable stolen,Streetlight cables near church have been stolen. Lights not working.,streetlight cable stolen streetlight cables near church have been stolen lights not working,Streetlights
Market area filthy,The market area in Sector 45 near police station is filthy. No cleaning by corporation.,market area filthy the market area in sector 45 near police station is filthy no cleaning by corporation,Public Cleanliness
Death certificate delay,Death certificate from BTM Layout ward office delayed by 45 days. Need for bank work.,death certificate delay death certificate from btm layout ward office delayed by 45 days need for bank work,Other
Debris not cleared,Construction debris dumped on OMR near mosque is not being cleared.,debris not cleared construction debris dumped on omr near mosque is not being cleared,Waste
Open transformer,Transformer near gurudwara is open without any fencing. Children play near it.,open transformer transformer near gurudwara is open without any fencing children play near it,Public Safety
Festival waste,Post-festival waste from Ganesh visarjan not cleared near junction circle. 3 days now.,festival waste post festival waste from ganesh visarjan not cleared near junction circle 3 days now,Waste
Streetlight pole fallen,Streetlight pole near fire station has fallen down. Wires are exposed.,streetlight pole fallen streetlight pole near fire station has fallen down wires are exposed,Streetlights
Light pole rusted,Streetlight pole near gurudwara is completely rusted. May fall anytime.,light pole rusted streetlight pole near gurudwara is completely rusted may fall anytime,Streetlights
Open pit on road,Open pit dug for cable work on Station Road near petrol pump. No barricade around it.,open pit on road open pit dug for cable work on station road near petrol pump no barricade around it,Public Safety
Open manhole,Open manhole on Hosur Road near police station. Cover missing. Very dangerous.,open manhole open manhole on hosur road near police station cover missing very dangerous,Public Safety
Snake spotted,Snakes frequently spotted near hospital gate in Porur. Due to overgrown bushes.,snake spotted snakes frequently spotted near hospital gate in porur due to overgrown bushes,Public Safety
Complete darkness,Entire stretch of Inner Ring Road has no working streetlights. Very unsafe at night.,complete darkness entire stretch of inner ring road has no working streetlights very unsafe at night,Streetlights
Snake spotted,Snakes frequently spotted near market square in Ameerpet. Due to overgrown bushes.,snake spotted snakes frequently spotted near market square in ameerpet due to overgrown bushes,Public Safety
Dead animal not removed,Dead animal lying on Bellary Road near Goregaon since 2 days. Nobody is removing it.,dead animal not removed dead animal lying on bellary road near goregaon since 2 days nobody is removing it,Waste
Irregular water timing,"Water comes at irregular timings in Borivali. Sometimes 3 AM, sometimes not at all.",irregular water timing water comes at irregular timings in borivali sometimes 3 am sometimes not at all,Water
Speed breaker too high,Speed breaker near main bus stop in T Nagar is too high. Vehicles are getting stuck.,speed breaker too high speed breaker near main bus stop in t nagar is too high vehicles are getting stuck,Roads
Tar road peeling off,The newly tarred road on Ring Road is already peeling off. Waste of taxpayer money.,tar road peeling off the newly tarred road on ring road is already peeling off waste of taxpayer money,Roads
Signal not working,Traffic signal at police station junction not working since 3 days. Chaos at peak hours.,signal not working traffic signal at police station junction not working since 3 days chaos at peak hours,Public Safety
Multiple lights out,5-6 streetlights on Ring Road near Hadapsar are all out. Entire area is dark.,multiple lights out 5 6 streetlights on ring road near hadapsar are all out entire area is dark,Streetlights
Tree about to fall,Big tree near corporation office is leaning dangerously. Might fall on houses.,tree about to fall big tree near corporation office is leaning dangerously might fall on houses,Public Safety
Sewer gas smell,Strong sewer gas smell coming from drains in T Nagar. Making residents sick.,sewer gas smell strong sewer gas smell coming from drains in t nagar making residents sick,Drainage
Fountain broken filthy,Public fountain near hospital gate is broken and the stagnant water is filthy.,fountain broken filthy public fountain near hospital gate is broken and the stagnant water is filthy,Public Cleanliness
Cracks on main road,Major cracks have appeared on Inner Ring Road near Bandra. Very dangerous for traffic.,cracks on main road major cracks have appeared on inner ring road near bandra very dangerous for traffic,Roads
Potholes everywhere,Multiple potholes on ECR near Andheri. Commuters are suffering daily.,potholes everywhere multiple potholes on ecr near andheri commuters are suffering daily,Roads
Garden overgrown,Public garden in Hadapsar is overgrown with weeds. Snakes might come.,garden overgrown public garden in hadapsar is overgrown with weeds snakes might come,Public Cleanliness
Signal not working,Traffic signal at water tank junction not working since 3 days. Chaos at peak hours.,signal not working traffic signal at water tank junction not working since 3 days chaos at peak hours,Public Safety
Potholes everywhere,Multiple potholes on Sarjapur Road near Adyar. Commuters are suffering daily.,potholes everywhere multiple potholes on sarjapur road near adyar commuters are suffering daily,Roads
Sewage overflow,Sewage is overflowing on Station Road in Adyar. Unbearable smell and health hazard.,sewage overflow sewage is overflowing on station road in adyar unbearable smell and health hazard,Drainage
Road not tarred,The road in Whitefield sector has not been tarred for 5 years. Dust everywhere.,road not tarred the road in whitefield sector has not been tarred for 5 years dust everywhere,Roads
Snake spotted,Snakes frequently spotted near post office in Kothrud. Due to overgrown bushes.,snake spotted snakes frequently spotted near post office in kothrud due to overgrown bushes,Public Safety
Bus stop dirty,Bus stop near underpass in Indiranagar has not been cleaned in weeks.,bus stop dirty bus stop near underpass in indiranagar has not been cleaned in weeks,Public Cleanliness
Septic tank overflow,Community septic tank in Bandra is overflowing. The stench is terrible.,septic tank overflow community septic tank in bandra is overflowing the stench is terrible,Drainage
Footpath dirty,Footpath near community hall is covered in dirt and spit marks. Please clean.,footpath dirty footpath near community hall is covered in dirt and spit marks please clean,Public Cleanliness
Abandoned vehicle,Abandoned vehicle parked near water tank for 3 months. Could be used for crime.,abandoned vehicle abandoned vehicle parked near water tank for 3 months could be used for crime,Public Safety
Public tap broken,Public water tap near college gate in Thane is broken. Water flowing non-stop.,public tap broken public water tap near college gate in thane is broken water flowing non stop,Water
Nala encroachment,Illegal encroachment on drainage nala near Koramangala. Water cannot flow.,nala encroachment illegal encroachment on drainage nala near koramangala water cannot flow,Drainage
Urination on walls,People are urinating on walls near railway crossing in Banjara Hills. Paint anti-urination signs.,urination on walls people are urinating on walls near railway crossing in banjara hills paint anti urination signs,Public Cleanliness
Road subsidence,Road near Banjara Hills is sinking gradually. Foundation seems weak.,road subsidence road near banjara hills is sinking gradually foundation seems weak,Roads
Water pipeline leak,Major water pipeline leak near hospital gate in Airoli. Water is wasting for days.,water pipeline leak major water pipeline leak near hospital gate in airoli water is wasting for days,Water
Building plan approval,Building plan approval at Banjara Hills taking 8 months. No updates from office.,building plan approval building plan approval at banjara hills taking 8 months no updates from office,Other
Public bench broken,Public benches near railway crossing are broken and dirty. Senior citizens can't sit.,public bench broken public benches near railway crossing are broken and dirty senior citizens can t sit,Public Cleanliness
Death certificate delay,Death certificate from Airoli ward office delayed by 45 days. Need for bank work.,death certificate delay death certificate from airoli ward office delayed by 45 days need for bank work,Other
Tax assessment wrong,Property tax assessment for house in BTM Layout near underpass is incorrect.,tax assessment wrong property tax assessment for house in btm layout near underpass is incorrect,Other
Pipeline burst,Water pipeline burst on Mount Road near college gate. Road is flooded.,pipeline burst water pipeline burst on mount road near college gate road is flooded,Water
Ward office closed,Ward office in Malleshwaram closed on working days. Officers not available.,ward office closed ward office in malleshwaram closed on working days officers not available,Other
Water tanker not coming,Requested water tanker for Bandra 4 days ago. Still not delivered.,water tanker not coming requested water tanker for bandra 4 days ago still not delivered,Water
Park bench repair,Bench in the park near church is broken. Seniors have nowhere to sit.,park bench repair bench in the park near church is broken seniors have nowhere to sit,Other
Garbage on footpath,Garbage bags left on footpath near junction circle. Pedestrians can't walk.,garbage on footpath garbage bags left on footpath near junction circle pedestrians can t walk,Waste
Wiring exposed,Streetlight wiring near junction circle is exposed. Electrocution risk in rain.,wiring exposed streetlight wiring near junction circle is exposed electrocution risk in rain,Streetlights
Rusty pipeline,Water pipeline in BTM Layout is very old and rusty. Water comes brown colored.,rusty pipeline water pipeline in btm layout is very old and rusty water comes brown colored,Water
Streetlight cable stolen,Streetlight cables near junction circle have been stolen. Lights not working.,streetlight cable stolen streetlight cables near junction circle have been stolen lights not working,Streetlights
Sewer water mixing,Sewer water mixing with drinking water pipeline in Indiranagar. People are falling sick.,sewer water mixing sewer water mixing with drinking water pipeline in indiranagar people are falling sick,Water
Tree trimming needed,Trees on GST Road near college gate need trimming. Branches touching power lines.,tree trimming needed trees on gst road near college gate need trimming branches touching power lines,Other
Low water pressure,Very low water pressure in Banjara Hills. Water barely comes to the first floor.,low water pressure very low water pressure in banjara hills water barely comes to the first floor,Water
Open pit on road,Open pit dug for cable work on MG Road near government school. No barricade around it.,open pit on road open pit dug for cable work on mg road near government school no barricade around it,Public Safety
Festival lights wiring,Temporary festival lighting wiring near corporation office still hanging 2 months later.,festival lights wiring temporary festival lighting wiring near corporation office still hanging 2 months later,Streetlights
No waste segregation,Ward office in HSR Layout is not enforcing waste segregation. Everything is mixed.,no waste segregation ward office in hsr layout is not enforcing waste segregation everything is mixed,Waste
Hospital area unclean,Surroundings of Malad hospital are unclean. Not good for patients.,hospital area unclean surroundings of malad hospital are unclean not good for patients,Public Cleanliness
Water pipeline leak,Major water pipeline leak near water tank in Porur. Water is wasting for days.,water pipeline leak major water pipeline leak near water tank in porur water is wasting for days,Water
Patch work needed,Small but deep potholes on Bellary Road near petrol pump. Patch work can fix them quickly.,patch work needed small but deep potholes on bellary road near petrol pump patch work can fix them quickly,Roads
Lake polluted,Lake near flyover in Malad is highly polluted. Foam forming on surface.,lake polluted lake near flyover in malad is highly polluted foam forming on surface,Public Cleanliness
Garbage truck timing,Garbage truck comes at 5 AM to Malad. Most residents miss it. Change timing please.,garbage truck timing garbage truck comes at 5 am to malad most residents miss it change timing please,Waste
Open manhole,Open manhole on Inner Ring Road near church. Cover missing. Very dangerous.,open manhole open manhole on inner ring road near church cover missing very dangerous,Public Safety
Timer malfunctioning,Streetlight auto-timer in Malleshwaram is malfunctioning. Lights go off at 10 PM.,timer malfunctioning streetlight auto timer in malleshwaram is malfunctioning lights go off at 10 pm,Streetlights
Drain cover broken,Drain cover on OMR near gurudwara is broken. Two-wheelers are stuck.,drain cover broken drain cover on omr near gurudwara is broken two wheelers are stuck,Drainage
Public library closed,Public library near fire station in JP Nagar has been closed for months.,public library closed public library near fire station in jp nagar has been closed for months,Other
Bus stop dirty,Bus stop near post office in JP Nagar has not been cleaned in weeks.,bus stop dirty bus stop near post office in jp nagar has not been cleaned in weeks,Public Cleanliness
Bridge approach road,The approach road to the bridge near underpass has deep potholes on both sides.,bridge approach road the approach road to the bridge near underpass has deep potholes on both sides,Roads
Water logging,Severe water logging near metro station after pipeline burst. Mosquito breeding.,water logging severe water logging near metro station after pipeline burst mosquito breeding,Water
Speed breaker too high,Speed breaker near college gate in Banjara Hills is too high. Vehicles are getting stuck.,speed breaker too high speed breaker near college gate in banjara hills is too high vehicles are getting stuck,Roads
Drain mosquitoes,Blocked drain near mosque breeding thousands of mosquitoes. Dengue risk.,drain mosquitoes blocked drain near mosque breeding thousands of mosquitoes dengue risk,Drainage
Ornamental light broken,Decorative streetlights on 80 Feet Road installed last year already broken.,ornamental light broken decorative streetlights on 80 feet road installed last year already broken,Streetlights
Electric wire dangling,Electric wire hanging dangerously low on Sarjapur Road near Velachery. Risk of electrocution.,electric wire dangling electric wire hanging dangerously low on sarjapur road near velachery risk of electrocution,Public Safety
Sewage line blocked,Sewage line in Jayanagar is blocked. Waste water is flowing on the street.,sewage line blocked sewage line in jayanagar is blocked waste water is flowing on the street,Drainage
Public bench broken,Public benches near bank branch are broken and dirty. Senior citizens can't sit.,public bench broken public benches near bank branch are broken and dirty senior citizens can t sit,Public Cleanliness
Light on during daytime,Streetlights on Highway 48 are ON during daytime. Wasting electricity.,light on during daytime streetlights on highway 48 are on during daytime wasting electricity,Streetlights
Streetlight pole fallen,Streetlight pole near corporation office has fallen down. Wires are exposed.,streetlight pole fallen streetlight pole near corporation office has fallen down wires are exposed,Streetlights
Sewage overflow,Sewage is overflowing on Main Street in Whitefield. Unbearable smell and health hazard.,sewage overflow sewage is overflowing on main street in whitefield unbearable smell and health hazard,Drainage
Dustbin overflowing,The community dustbin near community hall is overflowing. Stray dogs are spreading garbage.,dustbin overflowing the community dustbin near community hall is overflowing stray dogs are spreading garbage,Waste
Building plan approval,Building plan approval at Thane taking 8 months. No updates from office.,building plan approval building plan approval at thane taking 8 months no updates from office,Other
Waste dumped in nala,People are dumping household waste into the nala near police station. It is getting blocked.,waste dumped in nala people are dumping household waste into the nala near police station it is getting blocked,Waste
Playground dirty,Children's playground in Goregaon near metro station is dirty. Glass pieces found.,playground dirty children s playground in goregaon near metro station is dirty glass pieces found,Public Cleanliness
Dilapidated structure,Old dilapidated structure near fire station may collapse during rains. Evacuate.,dilapidated structure old dilapidated structure near fire station may collapse during rains evacuate,Public Safety
Hand pump rusted,Hand pump near community hall is rusted and not giving water. Repair needed.,hand pump rusted hand pump near community hall is rusted and not giving water repair needed,Water
Broken railing on bridge,Railing on the bridge near temple is broken. Someone can fall off.,broken railing on bridge railing on the bridge near temple is broken someone can fall off,Public Safety
Public bench broken,Public benches near fire station are broken and dirty. Senior citizens can't sit.,public bench broken public benches near fire station are broken and dirty senior citizens can t sit,Public Cleanliness
Festival waste,Post-festival waste from Ganesh visarjan not cleared near post office. 3 days now.,festival waste post festival waste from ganesh visarjan not cleared near post office 3 days now,Waste
Graffiti on walls,Graffiti and posters defacing public walls near traffic signal in Malleshwaram.,graffiti on walls graffiti and posters defacing public walls near traffic signal in malleshwaram,Public Cleanliness
Encroachment on drain,Drain near traffic signal in Indiranagar is encroached. Water flow is blocked.,encroachment on drain drain near traffic signal in indiranagar is encroached water flow is blocked,Drainage
Dog vaccination camp,Need dog vaccination camp in Indiranagar. Many stray dogs near temple.,dog vaccination camp need dog vaccination camp in indiranagar many stray dogs near temple,Other
Sewage overflow,Sewage is overflowing on Outer Ring Road in BTM Layout. Unbearable smell and health hazard.,sewage overflow sewage is overflowing on outer ring road in btm layout unbearable smell and health hazard,Drainage
Drain cover broken,Drain cover on Anna Salai near college gate is broken. Two-wheelers are stuck.,drain cover broken drain cover on anna salai near college gate is broken two wheelers are stuck,Drainage
No drainage system,New layout in Jayanagar has no proper drainage system. Rainwater stands for days.,no drainage system new layout in jayanagar has no proper drainage system rainwater stands for days,Drainage
Pipeline burst,Water pipeline burst on Sarjapur Road near underpass. Road is flooded.,pipeline burst water pipeline burst on sarjapur road near underpass road is flooded,Water
Dilapidated structure,Old dilapidated structure near traffic signal may collapse during rains. Evacuate.,dilapidated structure old dilapidated structure near traffic signal may collapse during rains evacuate,Public Safety
Water supply timing short,Water supply timing reduced to 30 mins in Dadar. Not enough to fill tanks.,water supply timing short water supply timing reduced to 30 mins in dadar not enough to fill tanks,Water
Mosquito fogging needed,Dengue cases rising in T Nagar. Need fogging operation near railway crossing.,mosquito fogging needed dengue cases rising in t nagar need fogging operation near railway crossing,Other
No drainage system,New layout in Adyar has no proper drainage system. Rainwater stands for days.,no drainage system new layout in adyar has no proper drainage system rainwater stands for days,Drainage
Drain mosquitoes,Blocked drain near bank branch breeding thousands of mosquitoes. Dengue risk.,drain mosquitoes blocked drain near bank branch breeding thousands of mosquitoes dengue risk,Drainage
Public area stinking,Area around traffic signal stinks due to poor cleanliness. Visitors are complaining.,public area stinking area around traffic signal stinks due to poor cleanliness visitors are complaining,Public Cleanliness
Light pole rusted,Streetlight pole near police station is completely rusted. May fall anytime.,light pole rusted streetlight pole near police station is completely rusted may fall anytime,Streetlights
Lake polluted,Lake near junction circle in Malad is highly polluted. Foam forming on surface.,lake polluted lake near junction circle in malad is highly polluted foam forming on surface,Public Cleanliness
No garbage bin in area,There is no public dustbin in Andheri near mosque. People are throwing garbage on road.,no garbage bin in area there is no public dustbin in andheri near mosque people are throwing garbage on road,Waste
Park not maintained,"The park near temple in Malad is not maintained. Grass overgrown, paths dirty.",park not maintained the park near temple in malad is not maintained grass overgrown paths dirty,Public Cleanliness
Footpath light broken,Footpath lights near railway crossing are all broken. Seniors tripping at night.,footpath light broken footpath lights near railway crossing are all broken seniors tripping at night,Streetlights
Sewage treatment issue,Sewage treatment plant near Malleshwaram is not working properly. Untreated water released.,sewage treatment issue sewage treatment plant near malleshwaram is not working properly untreated water released,Drainage
Illegal dumping ground,Someone is illegally dumping construction waste near bank branch. Please investigate.,illegal dumping ground someone is illegally dumping construction waste near bank branch please investigate,Waste
Gutter overflow,Gutter near mosque in Bandra is overflowing. Dirty water entering shops.,gutter overflow gutter near mosque in bandra is overflowing dirty water entering shops,Drainage
Public event mess,"After the public event near bank branch, the area is completely trashed.",public event mess after the public event near bank branch the area is completely trashed,Public Cleanliness
Pension delay,Old age pension for residents in Dadar delayed by 3 months. People suffering.,pension delay old age pension for residents in dadar delayed by 3 months people suffering,Other
Defecation in open,Open defecation happening near church. Build public toilet there.,defecation in open open defecation happening near church build public toilet there,Public Cleanliness
Illegal liquor shop,Illegal liquor shop operating near school in Malad. Children are affected.,illegal liquor shop illegal liquor shop operating near school in malad children are affected,Public Safety
Kachra not picked up,Kachra truck is not coming to our lane in Thane. Very unhygienic conditions.,kachra not picked up kachra truck is not coming to our lane in thane very unhygienic conditions,Waste
Illegal parking,Illegal parking on ECR blocking ambulance route near Bandra hospital.,illegal parking illegal parking on ecr blocking ambulance route near bandra hospital,Public Safety
School area dirty,Area around the school in Koramangala is dirty. Children playing in filth.,school area dirty area around the school in koramangala is dirty children playing in filth,Public Cleanliness
Tanker water not clean,Corporation tanker providing dirty water to Besant Nagar. Found insects in it.,tanker water not clean corporation tanker providing dirty water to besant nagar found insects in it,Water
Speed breaker too high,Speed breaker near metro station in Andheri is too high. Vehicles are getting stuck.,speed breaker too high speed breaker near metro station in andheri is too high vehicles are getting stuck,Roads
Water supply timing short,Water supply timing reduced to 30 mins in Kothrud. Not enough to fill tanks.,water supply timing short water supply timing reduced to 30 mins in kothrud not enough to fill tanks,Water
Public toilet dirty,Public toilet near park entrance is extremely dirty. Nobody is cleaning it.,public toilet dirty public toilet near park entrance is extremely dirty nobody is cleaning it,Public Cleanliness
Dog vaccination camp,Need dog vaccination camp in Hadapsar. Many stray dogs near police station.,dog vaccination camp need dog vaccination camp in hadapsar many stray dogs near police station,Other
Food waste on street,Restaurant near police station throwing food waste on street. Attracting rats.,food waste on street restaurant near police station throwing food waste on street attracting rats,Public Cleanliness
Park bench repair,Bench in the park near college gate is broken. Seniors have nowhere to sit.,park bench repair bench in the park near college gate is broken seniors have nowhere to sit,Other
Sewage line blocked,Sewage line in Bandra is blocked. Waste water is flowing on the street.,sewage line blocked sewage line in bandra is blocked waste water is flowing on the street,Drainage
Complete darkness,Entire stretch of NH 44 has no working streetlights. Very unsafe at night.,complete darkness entire stretch of nh 44 has no working streetlights very unsafe at night,Streetlights
Temple area dirty,Area around the temple near fire station is very dirty. Flowers and waste everywhere.,temple area dirty area around the temple near fire station is very dirty flowers and waste everywhere,Public Cleanliness
Water pipeline leak,Major water pipeline leak near metro station in Hadapsar. Water is wasting for days.,water pipeline leak major water pipeline leak near metro station in hadapsar water is wasting for days,Water
Chemical smell,Strong chemical smell coming from factory near Andheri. Health hazard for residents.,chemical smell strong chemical smell coming from factory near andheri health hazard for residents,Public Safety
Dry waste not collected,Dry waste is not being collected separately in Andheri. Recycling is not happening.,dry waste not collected dry waste is not being collected separately in andheri recycling is not happening,Waste
Summer water crisis,Severe water shortage in Malad. Only getting supply once in 3 days.,summer water crisis severe water shortage in malad only getting supply once in 3 days,Water
Market area filthy,The market area in Andheri near corporation office is filthy. No cleaning by corporation.,market area filthy the market area in andheri near corporation office is filthy no cleaning by corporation,Public Cleanliness
Transformer issue,Streetlight transformer near Porur has blown up. No lights in entire ward.,transformer issue streetlight transformer near porur has blown up no lights in entire ward,Streetlights
Open transformer,Transformer near gurudwara is open without any fencing. Children play near it.,open transformer transformer near gurudwara is open without any fencing children play near it,Public Safety
Illegal dumping ground,Someone is illegally dumping construction waste near underpass. Please investigate.,illegal dumping ground someone is illegally dumping construction waste near underpass please investigate,Waste
Nala encroachment,Illegal encroachment on drainage nala near Airoli. Water cannot flow.,nala encroachment illegal encroachment on drainage nala near airoli water cannot flow,Drainage
Bridge approach road,The approach road to the bridge near underpass has deep potholes on both sides.,bridge approach road the approach road to the bridge near underpass has deep potholes on both sides,Roads
Playground dirty,Children's playground in Whitefield near post office is dirty. Glass pieces found.,playground dirty children s playground in whitefield near post office is dirty glass pieces found,Public Cleanliness
Railway station dirty,Area near Thane railway station is filthy. Needs deep cleaning.,railway station dirty area near thane railway station is filthy needs deep cleaning,Public Cleanliness
Footpath broken,Footpath near SBI ATM in Goregaon is broken. Pedestrians are walking on the road.,footpath broken footpath near sbi atm in goregaon is broken pedestrians are walking on the road,Roads
Cemetery maintenance,Cemetery near Gachibowli is poorly maintained. Overgrown and neglected.,cemetery maintenance cemetery near gachibowli is poorly maintained overgrown and neglected,Other
Sewer water mixing,Sewer water mixing with drinking water pipeline in Vashi. People are falling sick.,sewer water mixing sewer water mixing with drinking water pipeline in vashi people are falling sick,Water
Market area filthy,The market area in Vashi near junction circle is filthy. No cleaning by corporation.,market area filthy the market area in vashi near junction circle is filthy no cleaning by corporation,Public Cleanliness
Road not tarred,The road in Rajajinagar sector has not been tarred for 5 years. Dust everywhere.,road not tarred the road in rajajinagar sector has not been tarred for 5 years dust everywhere,Roads
School area dirty,Area around the school in Gachibowli is dirty. Children playing in filth.,school area dirty area around the school in gachibowli is dirty children playing in filth,Public Cleanliness
Waterlogged area mosquitoes,Waterlogged area near main bus stop breeding mosquitoes. Dengue cases increasing.,waterlogged area mosquitoes waterlogged area near main bus stop breeding mosquitoes dengue cases increasing,Public Safety
Hospital area unclean,Surroundings of Vashi hospital are unclean. Not good for patients.,hospital area unclean surroundings of vashi hospital are unclean not good for patients,Public Cleanliness
Pension delay,Old age pension for residents in HSR Layout delayed by 3 months. People suffering.,pension delay old age pension for residents in hsr layout delayed by 3 months people suffering,Other
Pond stinking,Pond near post office in Malleshwaram stinks terribly. Green algae covering surface.,pond stinking pond near post office in malleshwaram stinks terribly green algae covering surface,Public Cleanliness
Temple area dirty,Area around the temple near underpass is very dirty. Flowers and waste everywhere.,temple area dirty area around the temple near underpass is very dirty flowers and waste everywhere,Public Cleanliness
Public event mess,"After the public event near police station, the area is completely trashed.",public event mess after the public event near police station the area is completely trashed,Public Cleanliness
Bio-medical waste,Bio-medical waste found near traffic signal in Porur. Very dangerous for public health.,bio medical waste bio medical waste found near traffic signal in porur very dangerous for public health,Waste
Illegal liquor shop,Illegal liquor shop operating near school in Jayanagar. Children are affected.,illegal liquor shop illegal liquor shop operating near school in jayanagar children are affected,Public Safety
Sewer water mixing,Sewer water mixing with drinking water pipeline in Jubilee Hills. People are falling sick.,sewer water mixing sewer water mixing with drinking water pipeline in jubilee hills people are falling sick,Water
Drain blocked,The drain near SBI ATM in Besant Nagar is completely blocked. Water is overflowing on road.,drain blocked the drain near sbi atm in besant nagar is completely blocked water is overflowing on road,Drainage
Footpath dirty,Footpath near church is covered in dirt and spit marks. Please clean.,footpath dirty footpath near church is covered in dirt and spit marks please clean,Public Cleanliness
Open pit on road,Open pit dug for cable work on Bannerghatta Road near government school. No barricade around it.,open pit on road open pit dug for cable work on bannerghatta road near government school no barricade around it,Public Safety
Gutter overflow,Gutter near police station in Hadapsar is overflowing. Dirty water entering shops.,gutter overflow gutter near police station in hadapsar is overflowing dirty water entering shops,Drainage
Irregular water timing,"Water comes at irregular timings in Indiranagar. Sometimes 3 AM, sometimes not at all.",irregular water timing water comes at irregular timings in indiranagar sometimes 3 am sometimes not at all,Water
Death certificate delay,Death certificate from Ameerpet ward office delayed by 45 days. Need for bank work.,death certificate delay death certificate from ameerpet ward office delayed by 45 days need for bank work,Other
Abandoned vehicle,Abandoned vehicle parked near community hall for 3 months. Could be used for crime.,abandoned vehicle abandoned vehicle parked near community hall for 3 months could be used for crime,Public Safety
Public tap broken,Public water tap near post office in Airoli is broken. Water flowing non-stop.,public tap broken public water tap near post office in airoli is broken water flowing non stop,Water
Contaminated water,The water supply in Porur is yellowish and smells bad. Not safe for drinking.,contaminated water the water supply in porur is yellowish and smells bad not safe for drinking,Water
Dog vaccination camp,Need dog vaccination camp in Koramangala. Many stray dogs near police station.,dog vaccination camp need dog vaccination camp in koramangala many stray dogs near police station,Other
Junction light needed,No streetlight at the junction of Highway 48 and BTM Layout road. Accidents happening.,junction light needed no streetlight at the junction of highway 48 and btm layout road accidents happening,Streetlights
Sewer gas smell,Strong sewer gas smell coming from drains in HSR Layout. Making residents sick.,sewer gas smell strong sewer gas smell coming from drains in hsr layout making residents sick,Drainage
Spitting on walls,Paan spitting stains all over the bus stop near petrol pump. Disgusting.,spitting on walls paan spitting stains all over the bus stop near petrol pump disgusting,Public Cleanliness
Nala overflowing,Nala near underpass is overflowing during rains. Houses are getting flooded.,nala overflowing nala near underpass is overflowing during rains houses are getting flooded,Drainage
New streetlight needed,No streetlight in Indiranagar sector. Women and elderly feel unsafe at night.,new streetlight needed no streetlight in indiranagar sector women and elderly feel unsafe at night,Streetlights
Canal debris,Debris in the canal near gurudwara blocking water flow during heavy rains.,canal debris debris in the canal near gurudwara blocking water flow during heavy rains,Drainage
Light on during daytime,Streetlights on NH 44 are ON during daytime. Wasting electricity.,light on during daytime streetlights on nh 44 are on during daytime wasting electricity,Streetlights
Composting pit overflowing,Community composting pit in Madhapur is overflowing and attracting flies.,composting pit overflowing community composting pit in madhapur is overflowing and attracting flies,Waste
Garbage burning,People are burning garbage near park entrance in T Nagar. Toxic smoke everywhere.,garbage burning people are burning garbage near park entrance in t nagar toxic smoke everywhere,Waste
Composting pit overflowing,Community composting pit in Gachibowli is overflowing and attracting flies.,composting pit overflowing community composting pit in gachibowli is overflowing and attracting flies,Waste
Anti-social elements,Anti-social elements gathering near market square park after dark. Unsafe for families.,anti social elements anti social elements gathering near market square park after dark unsafe for families,Public Safety
Bore well contaminated,Bore well near main bus stop is giving contaminated water. Tested positive for bacteria.,bore well contaminated bore well near main bus stop is giving contaminated water tested positive for bacteria,Water
Sweeping not done,Road sweeping not done in T Nagar since a week. Leaves and dust everywhere.,sweeping not done road sweeping not done in t nagar since a week leaves and dust everywhere,Public Cleanliness
Rainwater harvesting pit blocked,RWH pit in Adyar is blocked and overflowing. Needs cleaning.,rainwater harvesting pit blocked rwh pit in adyar is blocked and overflowing needs cleaning,Drainage
Ornamental light broken,Decorative streetlights on Highway 48 installed last year already broken.,ornamental light broken decorative streetlights on highway 48 installed last year already broken,Streetlights
Water supply timing short,Water supply timing reduced to 30 mins in Jubilee Hills. Not enough to fill tanks.,water supply timing short water supply timing reduced to 30 mins in jubilee hills not enough to fill tanks,Water
Temple area dirty,Area around the temple near church is very dirty. Flowers and waste everywhere.,temple area dirty area around the temple near church is very dirty flowers and waste everywhere,Public Cleanliness
Stray dog menace,Pack of aggressive stray dogs near temple in Kukatpally. Children are scared.,stray dog menace pack of aggressive stray dogs near temple in kukatpally children are scared,Public Safety
Contaminated water,The water supply in Porur is yellowish and smells bad. Not safe for drinking.,contaminated water the water supply in porur is yellowish and smells bad not safe for drinking,Water
Footpath broken,Footpath near community hall in Hadapsar is broken. Pedestrians are walking on the road.,footpath broken footpath near community hall in hadapsar is broken pedestrians are walking on the road,Roads
Bus stop dirty,Bus stop near post office in Jubilee Hills has not been cleaned in weeks.,bus stop dirty bus stop near post office in jubilee hills has not been cleaned in weeks,Public Cleanliness
Tree trimming needed,Trees on Mount Road near main bus stop need trimming. Branches touching power lines.,tree trimming needed trees on mount road near main bus stop need trimming branches touching power lines,Other
Dumpyard fire,Fire at the garbage dump near Borivali. Smoke is affecting entire neighborhood.,dumpyard fire fire at the garbage dump near borivali smoke is affecting entire neighborhood,Waste
Garbage truck timing,Garbage truck comes at 5 AM to Besant Nagar. Most residents miss it. Change timing please.,garbage truck timing garbage truck comes at 5 am to besant nagar most residents miss it change timing please,Waste
Waste dumped in nala,People are dumping household waste into the nala near mosque. It is getting blocked.,waste dumped in nala people are dumping household waste into the nala near mosque it is getting blocked,Waste
Building plan approval,Building plan approval at Whitefield taking 8 months. No updates from office.,building plan approval building plan approval at whitefield taking 8 months no updates from office,Other
Waste pickers harassed,Waste pickers in Sector 22 are being harassed. They provide essential service.,waste pickers harassed waste pickers in sector 22 are being harassed they provide essential service,Waste
Construction debris on road,Road near mosque is blocked with construction debris. No one is clearing it.,construction debris on road road near mosque is blocked with construction debris no one is clearing it,Roads
Construction site unsafe,Construction site near park entrance has no safety barricades. Open pit on road.,construction site unsafe construction site near park entrance has no safety barricades open pit on road,Public Safety
Public toilet dirty,Public toilet near water tank is extremely dirty. Nobody is cleaning it.,public toilet dirty public toilet near water tank is extremely dirty nobody is cleaning it,Public Cleanliness
Solar streetlight broken,Solar streetlight installed in Powai is not working. Battery issue maybe.,solar streetlight broken solar streetlight installed in powai is not working battery issue maybe,Streetlights
Overhead tank overflow,Overhead tank in Malad overflows every day. Automatic valve not working.,overhead tank overflow overhead tank in malad overflows every day automatic valve not working,Water
Sewage overflow,Sewage is overflowing on Ring Road in Malleshwaram. Unbearable smell and health hazard.,sewage overflow sewage is overflowing on ring road in malleshwaram unbearable smell and health hazard,Drainage
Open manhole,Open manhole on Service Road near government school. Cover missing. Very dangerous.,open manhole open manhole on service road near government school cover missing very dangerous,Public Safety
Dustbin overflowing,The community dustbin near railway crossing is overflowing. Stray dogs are spreading garbage.,dustbin overflowing the community dustbin near railway crossing is overflowing stray dogs are spreading garbage,Waste
Dangerous road condition,The road near junction circle is in terrible condition. Accident happened yesterday.,dangerous road condition the road near junction circle is in terrible condition accident happened yesterday,Roads
Drain needs cleaning,Drain in Powai has not been cleaned before monsoon. Will flood for sure.,drain needs cleaning drain in powai has not been cleaned before monsoon will flood for sure,Drainage
Marketplace after hours,Marketplace near flyover a mess after business hours. No cleanup crew.,marketplace after hours marketplace near flyover a mess after business hours no cleanup crew,Public Cleanliness
Road junction dangerous,The junction at Hosur Road and Powai main road has no signals. Accidents daily.,road junction dangerous the junction at hosur road and powai main road has no signals accidents daily,Roads
RO plant not working,Community RO plant in Kothrud is not working. Parts need replacement.,ro plant not working community ro plant in kothrud is not working parts need replacement,Water
Overhead tank overflow,Overhead tank in Hadapsar overflows every day. Automatic valve not working.,overhead tank overflow overhead tank in hadapsar overflows every day automatic valve not working,Water
Tanker water not clean,Corporation tanker providing dirty water to Gachibowli. Found insects in it.,tanker water not clean corporation tanker providing dirty water to gachibowli found insects in it,Water
Public area stinking,Area around bank branch stinks due to poor cleanliness. Visitors are complaining.,public area stinking area around bank branch stinks due to poor cleanliness visitors are complaining,Public Cleanliness
Broken road divider,Road divider on Mount Road is broken and causing accidents. Please fix urgently.,broken road divider road divider on mount road is broken and causing accidents please fix urgently,Roads
Contaminated water,The water supply in Sector 45 is yellowish and smells bad. Not safe for drinking.,contaminated water the water supply in sector 45 is yellowish and smells bad not safe for drinking,Water
Fire hazard,Illegal storage of gas cylinders near underpass in Jayanagar. Major fire hazard.,fire hazard illegal storage of gas cylinders near underpass in jayanagar major fire hazard,Public Safety
Waste dumped in nala,People are dumping household waste into the nala near community hall. It is getting blocked.,waste dumped in nala people are dumping household waste into the nala near community hall it is getting blocked,Waste
Water pipeline leak,Major water pipeline leak near corporation office in Gachibowli. Water is wasting for days.,water pipeline leak major water pipeline leak near corporation office in gachibowli water is wasting for days,Water
Junction light needed,No streetlight at the junction of Link Road and BTM Layout road. Accidents happening.,junction light needed no streetlight at the junction of link road and btm layout road accidents happening,Streetlights
Encroachment complaint,Illegal encroachment of public land near junction circle in Airoli.,encroachment complaint illegal encroachment of public land near junction circle in airoli,Other
Graffiti on walls,Graffiti and posters defacing public walls near mosque in T Nagar.,graffiti on walls graffiti and posters defacing public walls near mosque in t nagar,Public Cleanliness
Uneven road surface,The road surface near bank branch is very uneven and bumpy. Two-wheelers are skidding.,uneven road surface the road surface near bank branch is very uneven and bumpy two wheelers are skidding,Roads
Nala overflowing,Nala near hospital gate is overflowing during rains. Houses are getting flooded.,nala overflowing nala near hospital gate is overflowing during rains houses are getting flooded,Drainage
Kachra not picked up,Kachra truck is not coming to our lane in Airoli. Very unhygienic conditions.,kachra not picked up kachra truck is not coming to our lane in airoli very unhygienic conditions,Waste
Irregular water timing,"Water comes at irregular timings in Sector 22. Sometimes 3 AM, sometimes not at all.",irregular water timing water comes at irregular timings in sector 22 sometimes 3 am sometimes not at all,Water
Pension delay,Old age pension for residents in JP Nagar delayed by 3 months. People suffering.,pension delay old age pension for residents in jp nagar delayed by 3 months people suffering,Other
Stray dog menace,Pack of aggressive stray dogs near bank branch in Anna Nagar. Children are scared.,stray dog menace pack of aggressive stray dogs near bank branch in anna nagar children are scared,Public Safety
Kachra not picked up,Kachra truck is not coming to our lane in Vashi. Very unhygienic conditions.,kachra not picked up kachra truck is not coming to our lane in vashi very unhygienic conditions,Waste
Noise pollution,Construction noise near fire station continues past 10 PM. Against rules.,noise pollution construction noise near fire station continues past 10 pm against rules,Other
Park light not working,Lights in the park near petrol pump are not working. Park unsafe after 6 PM.,park light not working lights in the park near petrol pump are not working park unsafe after 6 pm,Streetlights
Rainwater harvesting pit blocked,RWH pit in Thane is blocked and overflowing. Needs cleaning.,rainwater harvesting pit blocked rwh pit in thane is blocked and overflowing needs cleaning,Drainage
Composting pit overflowing,Community composting pit in Powai is overflowing and attracting flies.,composting pit overflowing community composting pit in powai is overflowing and attracting flies,Waste
Gutter overflow,Gutter near park entrance in Hadapsar is overflowing. Dirty water entering shops.,gutter overflow gutter near park entrance in hadapsar is overflowing dirty water entering shops,Drainage
Community hall booking,Community hall near flyover booking system is not working. Need for function.,community hall booking community hall near flyover booking system is not working need for function,Other
Service road bad condition,Service road in Velachery is worse than the village road. Please resurface.,service road bad condition service road in velachery is worse than the village road please resurface,Roads
Pond stinking,Pond near park entrance in Kothrud stinks terribly. Green algae covering surface.,pond stinking pond near park entrance in kothrud stinks terribly green algae covering surface,Public Cleanliness
Garbage vehicle broken,The garbage collection vehicle for Anna Nagar is broken. No replacement provided.,garbage vehicle broken the garbage collection vehicle for anna nagar is broken no replacement provided,Waste
Garden overgrown,Public garden in Ameerpet is overgrown with weeds. Snakes might come.,garden overgrown public garden in ameerpet is overgrown with weeds snakes might come,Public Cleanliness
Road blocked by vendor,Road near metro station is blocked by illegal vendors. No space for traffic.,road blocked by vendor road near metro station is blocked by illegal vendors no space for traffic,Roads
Hawker nuisance,Hawkers blocking entire footpath near corporation office in Dadar. Can't walk.,hawker nuisance hawkers blocking entire footpath near corporation office in dadar can t walk,Other
Dumpyard fire,Fire at the garbage dump near Gachibowli. Smoke is affecting entire neighborhood.,dumpyard fire fire at the garbage dump near gachibowli smoke is affecting entire neighborhood,Waste
Footpath broken,Footpath near government school in Gachibowli is broken. Pedestrians are walking on the road.,footpath broken footpath near government school in gachibowli is broken pedestrians are walking on the road,Roads
Rainwater harvesting pit blocked,RWH pit in Madhapur is blocked and overflowing. Needs cleaning.,rainwater harvesting pit blocked rwh pit in madhapur is blocked and overflowing needs cleaning,Drainage
Water tank leaking,Overhead water tank near underpass is leaking. Huge water wastage.,water tank leaking overhead water tank near underpass is leaking huge water wastage,Water
Construction debris on road,Road near post office is blocked with construction debris. No one is clearing it.,construction debris on road road near post office is blocked with construction debris no one is clearing it,Roads
Food waste on street,Restaurant near railway crossing throwing food waste on street. Attracting rats.,food waste on street restaurant near railway crossing throwing food waste on street attracting rats,Public Cleanliness
Median missing on highway,Median strip on ECR near Banjara Hills is missing for 200 meters. Head-on collision risk.,median missing on highway median strip on ecr near banjara hills is missing for 200 meters head on collision risk,Roads
Electric wire dangling,Electric wire hanging dangerously low on Link Road near Goregaon. Risk of electrocution.,electric wire dangling electric wire hanging dangerously low on link road near goregaon risk of electrocution,Public Safety
Urination on walls,People are urinating on walls near SBI ATM in Andheri. Paint anti-urination signs.,urination on walls people are urinating on walls near sbi atm in andheri paint anti urination signs,Public Cleanliness
Death certificate delay,Death certificate from Thane ward office delayed by 45 days. Need for bank work.,death certificate delay death certificate from thane ward office delayed by 45 days need for bank work,Other
Dilapidated structure,Old dilapidated structure near petrol pump may collapse during rains. Evacuate.,dilapidated structure old dilapidated structure near petrol pump may collapse during rains evacuate,Public Safety
Park light not working,Lights in the park near police station are not working. Park unsafe after 6 PM.,park light not working lights in the park near police station are not working park unsafe after 6 pm,Streetlights
Food waste on street,Restaurant near post office throwing food waste on street. Attracting rats.,food waste on street restaurant near post office throwing food waste on street attracting rats,Public Cleanliness
Building plan approval,Building plan approval at Jayanagar taking 8 months. No updates from office.,building plan approval building plan approval at jayanagar taking 8 months no updates from office,Other
Nala overflowing,Nala near police station is overflowing during rains. Houses are getting flooded.,nala overflowing nala near police station is overflowing during rains houses are getting flooded,Drainage
Asphalt crumbling,The asphalt on Outer Ring Road near metro station is crumbling. Bikes are slipping.,asphalt crumbling the asphalt on outer ring road near metro station is crumbling bikes are slipping,Roads
Graffiti on walls,Graffiti and posters defacing public walls near main bus stop in Adyar.,graffiti on walls graffiti and posters defacing public walls near main bus stop in adyar,Public Cleanliness
Park not maintained,"The park near gurudwara in Whitefield is not maintained. Grass overgrown, paths dirty.",park not maintained the park near gurudwara in whitefield is not maintained grass overgrown paths dirty,Public Cleanliness
Sweeping not done,Road sweeping not done in Adyar since a week. Leaves and dust everywhere.,sweeping not done road sweeping not done in adyar since a week leaves and dust everywhere,Public Cleanliness
Drainage construction incomplete,Drainage construction in Adyar started 2 months ago but left incomplete. Causing flooding.,drainage construction incomplete drainage construction in adyar started 2 months ago but left incomplete causing flooding,Drainage
Bulb fused,Streetlight bulb near post office in Airoli is fused since Diwali. Not replaced.,bulb fused streetlight bulb near post office in airoli is fused since diwali not replaced,Streetlights
Transformer issue,Streetlight transformer near Gachibowli has blown up. No lights in entire ward.,transformer issue streetlight transformer near gachibowli has blown up no lights in entire ward,Streetlights
Dumpyard fire,Fire at the garbage dump near Bandra. Smoke is affecting entire neighborhood.,dumpyard fire fire at the garbage dump near bandra smoke is affecting entire neighborhood,Waste
Loose electric pole,Electric pole on Link Road near temple is tilting. Heavy winds may topple it.,loose electric pole electric pole on link road near temple is tilting heavy winds may topple it,Public Safety
Water pipeline leak,Major water pipeline leak near park entrance in Dadar. Water is wasting for days.,water pipeline leak major water pipeline leak near park entrance in dadar water is wasting for days,Water
Public area stinking,Area around park entrance stinks due to poor cleanliness. Visitors are complaining.,public area stinking area around park entrance stinks due to poor cleanliness visitors are complaining,Public Cleanliness
Public Wi-Fi not working,Free public Wi-Fi near temple has not been working since installation.,public wi fi not working free public wi fi near temple has not been working since installation,Other
Debris not cleared,Construction debris dumped on Bellary Road near hospital gate is not being cleared.,debris not cleared construction debris dumped on bellary road near hospital gate is not being cleared,Waste
Illegal liquor shop,Illegal liquor shop operating near school in Whitefield. Children are affected.,illegal liquor shop illegal liquor shop operating near school in whitefield children are affected,Public Safety
Ward office closed,Ward office in Ameerpet closed on working days. Officers not available.,ward office closed ward office in ameerpet closed on working days officers not available,Other
Illegal water connection,Someone has taken illegal water connection near water tank. Reducing our supply.,illegal water connection someone has taken illegal water connection near water tank reducing our supply,Water
No drainage system,New layout in Dadar has no proper drainage system. Rainwater stands for days.,no drainage system new layout in dadar has no proper drainage system rainwater stands for days,Drainage
Open pit on road,Open pit dug for cable work on Mount Road near church. No barricade around it.,open pit on road open pit dug for cable work on mount road near church no barricade around it,Public Safety
Religious site messy,Surroundings of the mosque near petrol pump messy. Devotees complaining.,religious site messy surroundings of the mosque near petrol pump messy devotees complaining,Public Cleanliness
Drainage construction incomplete,Drainage construction in Sector 22 started 2 months ago but left incomplete. Causing flooding.,drainage construction incomplete drainage construction in sector 22 started 2 months ago but left incomplete causing flooding,Drainage
Food waste on street,Restaurant near bank branch throwing food waste on street. Attracting rats.,food waste on street restaurant near bank branch throwing food waste on street attracting rats,Public Cleanliness
No drainage system,New layout in Gachibowli has no proper drainage system. Rainwater stands for days.,no drainage system new layout in gachibowli has no proper drainage system rainwater stands for days,Drainage
Dead animal not removed,Dead animal lying on Bellary Road near T Nagar since 2 days. Nobody is removing it.,dead animal not removed dead animal lying on bellary road near t nagar since 2 days nobody is removing it,Waste
Stray dog menace,Pack of aggressive stray dogs near temple in Powai. Children are scared.,stray dog menace pack of aggressive stray dogs near temple in powai children are scared,Public Safety
Overflow during monsoon,Drainage system in Sector 22 overflows every monsoon. No permanent solution.,overflow during monsoon drainage system in sector 22 overflows every monsoon no permanent solution,Drainage
Complaint not addressed,Filed complaint for streetlight repair in Bandra 2 weeks ago. No action taken.,complaint not addressed filed complaint for streetlight repair in bandra 2 weeks ago no action taken,Streetlights
Wiring exposed,Streetlight wiring near park entrance is exposed. Electrocution risk in rain.,wiring exposed streetlight wiring near park entrance is exposed electrocution risk in rain,Streetlights
Public event mess,"After the public event near junction circle, the area is completely trashed.",public event mess after the public event near junction circle the area is completely trashed,Public Cleanliness
Plastic waste everywhere,Plastic waste is scattered all over Kothrud near flyover. Looks terrible.,plastic waste everywhere plastic waste is scattered all over kothrud near flyover looks terrible,Waste
Irregular water timing,"Water comes at irregular timings in HSR Layout. Sometimes 3 AM, sometimes not at all.",irregular water timing water comes at irregular timings in hsr layout sometimes 3 am sometimes not at all,Water
Tree trimming needed,Trees on Anna Salai near hospital gate need trimming. Branches touching power lines.,tree trimming needed trees on anna salai near hospital gate need trimming branches touching power lines,Other
Open drain dangerous,Open drain on Service Road near Borivali is very dangerous. Children might fall in.,open drain dangerous open drain on service road near borivali is very dangerous children might fall in,Drainage
Bio-medical waste,Bio-medical waste found near fire station in Velachery. Very dangerous for public health.,bio medical waste bio medical waste found near fire station in velachery very dangerous for public health,Waste
Multiple lights out,5-6 streetlights on OMR near Velachery are all out. Entire area is dark.,multiple lights out 5 6 streetlights on omr near velachery are all out entire area is dark,Streetlights
Water pipeline leak,Major water pipeline leak near bank branch in Andheri. Water is wasting for days.,water pipeline leak major water pipeline leak near bank branch in andheri water is wasting for days,Water
Garbage on footpath,Garbage bags left on footpath near temple. Pedestrians can't walk.,garbage on footpath garbage bags left on footpath near temple pedestrians can t walk,Waste
Pond stinking,Pond near gurudwara in Sector 45 stinks terribly. Green algae covering surface.,pond stinking pond near gurudwara in sector 45 stinks terribly green algae covering surface,Public Cleanliness
Asphalt crumbling,The asphalt on GST Road near traffic signal is crumbling. Bikes are slipping.,asphalt crumbling the asphalt on gst road near traffic signal is crumbling bikes are slipping,Roads
Urination on walls,People are urinating on walls near college gate in Gachibowli. Paint anti-urination signs.,urination on walls people are urinating on walls near college gate in gachibowli paint anti urination signs,Public Cleanliness
Rusty pipeline,Water pipeline in Hadapsar is very old and rusty. Water comes brown colored.,rusty pipeline water pipeline in hadapsar is very old and rusty water comes brown colored,Water
Park light not working,Lights in the park near community hall are not working. Park unsafe after 6 PM.,park light not working lights in the park near community hall are not working park unsafe after 6 pm,Streetlights
Encroachment complaint,Illegal encroachment of public land near water tank in Gachibowli.,encroachment complaint illegal encroachment of public land near water tank in gachibowli,Other
Garbage smell unbearable,The garbage dump near post office is producing unbearable smell. Cannot open windows.,garbage smell unbearable the garbage dump near post office is producing unbearable smell cannot open windows,Waste
Unauthorized banner,Unauthorized political banners on Bannerghatta Road near mosque. Blocking visibility.,unauthorized banner unauthorized political banners on bannerghatta road near mosque blocking visibility,Other
Water meter faulty,Water meter at my house in HSR Layout is showing wrong readings. Bill is too high.,water meter faulty water meter at my house in hsr layout is showing wrong readings bill is too high,Water
Tax assessment wrong,Property tax assessment for house in Dadar near underpass is incorrect.,tax assessment wrong property tax assessment for house in dadar near underpass is incorrect,Other
Nala encroachment,Illegal encroachment on drainage nala near Airoli. Water cannot flow.,nala encroachment illegal encroachment on drainage nala near airoli water cannot flow,Drainage
Festival waste,Post-festival waste from Ganesh visarjan not cleared near post office. 3 days now.,festival waste post festival waste from ganesh visarjan not cleared near post office 3 days now,Waste
Encroachment complaint,Illegal encroachment of public land near fire station in Adyar.,encroachment complaint illegal encroachment of public land near fire station in adyar,Other
No road marking,No road markings or lane dividers on Link Road. Very confusing for drivers.,no road marking no road markings or lane dividers on link road very confusing for drivers,Roads
Streetlight pole fallen,Streetlight pole near petrol pump has fallen down. Wires are exposed.,streetlight pole fallen streetlight pole near petrol pump has fallen down wires are exposed,Streetlights
Pipeline crossing drainage,Water pipeline crosses over open drainage near park entrance. Contamination risk.,pipeline crossing drainage water pipeline crosses over open drainage near park entrance contamination risk,Water
Waste pickers harassed,Waste pickers in Whitefield are being harassed. They provide essential service.,waste pickers harassed waste pickers in whitefield are being harassed they provide essential service,Waste
Election booth issue,Voter ID correction at Besant Nagar office is not being done. Multiple visits.,election booth issue voter id correction at besant nagar office is not being done multiple visits,Other
Kachra not picked up,Kachra truck is not coming to our lane in Goregaon. Very unhygienic conditions.,kachra not picked up kachra truck is not coming to our lane in goregaon very unhygienic conditions,Waste
Paver blocks missing,Paver blocks on footpath near underpass are missing. Elderly people are tripping.,paver blocks missing paver blocks on footpath near underpass are missing elderly people are tripping,Roads
Hawker nuisance,Hawkers blocking entire footpath near community hall in T Nagar. Can't walk.,hawker nuisance hawkers blocking entire footpath near community hall in t nagar can t walk,Other
Loose electric pole,Electric pole on MG Road near main bus stop is tilting. Heavy winds may topple it.,loose electric pole electric pole on mg road near main bus stop is tilting heavy winds may topple it,Public Safety
Wall collapse risk,Compound wall near corporation office in Malleshwaram has big cracks. May collapse on pedestrians.,wall collapse risk compound wall near corporation office in malleshwaram has big cracks may collapse on pedestrians,Public Safety
Government school building,Government school building in Whitefield needs repair. Roof is leaking.,government school building government school building in whitefield needs repair roof is leaking,Other
Complete darkness,Entire stretch of 100 Feet Road has no working streetlights. Very unsafe at night.,complete darkness entire stretch of 100 feet road has no working streetlights very unsafe at night,Streetlights
Hand pump rusted,Hand pump near hospital gate is rusted and not giving water. Repair needed.,hand pump rusted hand pump near hospital gate is rusted and not giving water repair needed,Water
Dangerous building,Building near temple in Kothrud looks like it will collapse. Please inspect.,dangerous building building near temple in kothrud looks like it will collapse please inspect,Public Safety
Solar streetlight broken,Solar streetlight installed in Velachery is not working. Battery issue maybe.,solar streetlight broken solar streetlight installed in velachery is not working battery issue maybe,Streetlights
Road damaged after rain,The road near railway crossing in Kothrud is completely broken after monsoon rains.,road damaged after rain the road near railway crossing in kothrud is completely broken after monsoon rains,Roads
Complete darkness,Entire stretch of 80 Feet Road has no working streetlights. Very unsafe at night.,complete darkness entire stretch of 80 feet road has no working streetlights very unsafe at night,Streetlights
Waste dumped in nala,People are dumping household waste into the nala near hospital gate. It is getting blocked.,waste dumped in nala people are dumping household waste into the nala near hospital gate it is getting blocked,Waste
Dry waste not collected,Dry waste is not being collected separately in Kukatpally. Recycling is not happening.,dry waste not collected dry waste is not being collected separately in kukatpally recycling is not happening,Waste
Nala overflowing,Nala near flyover is overflowing during rains. Houses are getting flooded.,nala overflowing nala near flyover is overflowing during rains houses are getting flooded,Drainage
High mast light broken,High mast light at police station junction is not working. Very dark area.,high mast light broken high mast light at police station junction is not working very dark area,Streetlights
Road subsidence,Road near Banjara Hills is sinking gradually. Foundation seems weak.,road subsidence road near banjara hills is sinking gradually foundation seems weak,Roads
Composting pit overflowing,Community composting pit in Airoli is overflowing and attracting flies.,composting pit overflowing community composting pit in airoli is overflowing and attracting flies,Waste
LED light not bright,New LED streetlights in Porur are not bright enough. Cannot see the road.,led light not bright new led streetlights in porur are not bright enough cannot see the road,Streetlights
Public tap broken,Public water tap near junction circle in Rajajinagar is broken. Water flowing non-stop.,public tap broken public water tap near junction circle in rajajinagar is broken water flowing non stop,Water
Birth certificate delay,Applied for birth certificate at Indiranagar ward office 2 months ago. Not received.,birth certificate delay applied for birth certificate at indiranagar ward office 2 months ago not received,Other
Death certificate delay,Death certificate from Andheri ward office delayed by 45 days. Need for bank work.,death certificate delay death certificate from andheri ward office delayed by 45 days need for bank work,Other
Overhead tank overflow,Overhead tank in Whitefield overflows every day. Automatic valve not working.,overhead tank overflow overhead tank in whitefield overflows every day automatic valve not working,Water
Desilting not done,Desilting of drains in Velachery before monsoon was not done. Now flooding.,desilting not done desilting of drains in velachery before monsoon was not done now flooding,Drainage
Election booth issue,Voter ID correction at Sector 22 office is not being done. Multiple visits.,election booth issue voter id correction at sector 22 office is not being done multiple visits,Other
Median missing on highway,Median strip on Sarjapur Road near Kothrud is missing for 200 meters. Head-on collision risk.,median missing on highway median strip on sarjapur road near kothrud is missing for 200 meters head on collision risk,Roads
Election booth issue,Voter ID correction at BTM Layout office is not being done. Multiple visits.,election booth issue voter id correction at btm layout office is not being done multiple visits,Other
RO plant not working,Community RO plant in Jayanagar is not working. Parts need replacement.,ro plant not working community ro plant in jayanagar is not working parts need replacement,Water
Road accident prone,The stretch of Inner Ring Road near park entrance is accident prone. Need speed breakers.,road accident prone the stretch of inner ring road near park entrance is accident prone need speed breakers,Public Safety
Bridge approach road,The approach road to the bridge near hospital gate has deep potholes on both sides.,bridge approach road the approach road to the bridge near hospital gate has deep potholes on both sides,Roads
Sweeping not done,Road sweeping not done in Porur since a week. Leaves and dust everywhere.,sweeping not done road sweeping not done in porur since a week leaves and dust everywhere,Public Cleanliness
Park light not working,Lights in the park near underpass are not working. Park unsafe after 6 PM.,park light not working lights in the park near underpass are not working park unsafe after 6 pm,Streetlights
Low water pressure,Very low water pressure in Velachery. Water barely comes to the first floor.,low water pressure very low water pressure in velachery water barely comes to the first floor,Water
Potholes everywhere,Multiple potholes on OMR near Kothrud. Commuters are suffering daily.,potholes everywhere multiple potholes on omr near kothrud commuters are suffering daily,Roads
Public event mess,"After the public event near junction circle, the area is completely trashed.",public event mess after the public event near junction circle the area is completely trashed,Public Cleanliness
Septic tank overflow,Community septic tank in Airoli is overflowing. The stench is terrible.,septic tank overflow community septic tank in airoli is overflowing the stench is terrible,Drainage
Median missing on highway,Median strip on Highway 48 near Banjara Hills is missing for 200 meters. Head-on collision risk.,median missing on highway median strip on highway 48 near banjara hills is missing for 200 meters head on collision risk,Roads
Contaminated water,The water supply in Madhapur is yellowish and smells bad. Not safe for drinking.,contaminated water the water supply in madhapur is yellowish and smells bad not safe for drinking,Water
Cemetery maintenance,Cemetery near Thane is poorly maintained. Overgrown and neglected.,cemetery maintenance cemetery near thane is poorly maintained overgrown and neglected,Other
Water tank leaking,Overhead water tank near metro station is leaking. Huge water wastage.,water tank leaking overhead water tank near metro station is leaking huge water wastage,Water
Road name board missing,Road name board missing on Station Road near college gate. Delivery and ambulances confused.,road name board missing road name board missing on station road near college gate delivery and ambulances confused,Other
Sewer gas smell,Strong sewer gas smell coming from drains in Sector 22. Making residents sick.,sewer gas smell strong sewer gas smell coming from drains in sector 22 making residents sick,Drainage
Broken railing on bridge,Railing on the bridge near park entrance is broken. Someone can fall off.,broken railing on bridge railing on the bridge near park entrance is broken someone can fall off,Public Safety
Borewell not working,Community borewell in Dadar is not working since last week. No repair done.,borewell not working community borewell in dadar is not working since last week no repair done,Water
Signal not working,Traffic signal at gurudwara junction not working since 3 days. Chaos at peak hours.,signal not working traffic signal at gurudwara junction not working since 3 days chaos at peak hours,Public Safety
Asphalt crumbling,The asphalt on 100 Feet Road near police station is crumbling. Bikes are slipping.,asphalt crumbling the asphalt on 100 feet road near police station is crumbling bikes are slipping,Roads
Meat waste thrown,Meat shop waste thrown openly near main bus stop in Ameerpet. Health hazard.,meat waste thrown meat shop waste thrown openly near main bus stop in ameerpet health hazard,Waste
Public tap broken,Public water tap near mosque in JP Nagar is broken. Water flowing non-stop.,public tap broken public water tap near mosque in jp nagar is broken water flowing non stop,Water
Marketplace after hours,Marketplace near hospital gate a mess after business hours. No cleanup crew.,marketplace after hours marketplace near hospital gate a mess after business hours no cleanup crew,Public Cleanliness
Sewer gas smell,Strong sewer gas smell coming from drains in Anna Nagar. Making residents sick.,sewer gas smell strong sewer gas smell coming from drains in anna nagar making residents sick,Drainage
Pond stinking,Pond near community hall in BTM Layout stinks terribly. Green algae covering surface.,pond stinking pond near community hall in btm layout stinks terribly green algae covering surface,Public Cleanliness
Overflow during monsoon,Drainage system in Jubilee Hills overflows every monsoon. No permanent solution.,overflow during monsoon drainage system in jubilee hills overflows every monsoon no permanent solution,Drainage
Railway station dirty,Area near Porur railway station is filthy. Needs deep cleaning.,railway station dirty area near porur railway station is filthy needs deep cleaning,Public Cleanliness
Drainage water stagnant,Stagnant drainage water near government school causing mosquito breeding.,drainage water stagnant stagnant drainage water near government school causing mosquito breeding,Drainage
Junction light needed,No streetlight at the junction of Anna Salai and Malad road. Accidents happening.,junction light needed no streetlight at the junction of anna salai and malad road accidents happening,Streetlights
Graffiti on walls,Graffiti and posters defacing public walls near community hall in BTM Layout.,graffiti on walls graffiti and posters defacing public walls near community hall in btm layout,Public Cleanliness
Unauthorized construction,Unauthorized construction happening near SBI ATM. Building looks unsafe.,unauthorized construction unauthorized construction happening near sbi atm building looks unsafe,Public Safety
Bulb fused,Streetlight bulb near government school in Bandra is fused since Diwali. Not replaced.,bulb fused streetlight bulb near government school in bandra is fused since diwali not replaced,Streetlights
New streetlight needed,No streetlight in Velachery sector. Women and elderly feel unsafe at night.,new streetlight needed no streetlight in velachery sector women and elderly feel unsafe at night,Streetlights
Dry waste not collected,Dry waste is not being collected separately in Banjara Hills. Recycling is not happening.,dry waste not collected dry waste is not being collected separately in banjara hills recycling is not happening,Waste
Streetlight cable stolen,Streetlight cables near railway crossing have been stolen. Lights not working.,streetlight cable stolen streetlight cables near railway crossing have been stolen lights not working,Streetlights
Festival lights wiring,Temporary festival lighting wiring near church still hanging 2 months later.,festival lights wiring temporary festival lighting wiring near church still hanging 2 months later,Streetlights
Road flooded,Road near police station gets flooded every time it rains. No proper drainage.,road flooded road near police station gets flooded every time it rains no proper drainage,Roads
Cracks on main road,Major cracks have appeared on NH 44 near Andheri. Very dangerous for traffic.,cracks on main road major cracks have appeared on nh 44 near andheri very dangerous for traffic,Roads
Road subsidence,Road near Koramangala is sinking gradually. Foundation seems weak.,road subsidence road near koramangala is sinking gradually foundation seems weak,Roads
Stray dog menace,Pack of aggressive stray dogs near fire station in Porur. Children are scared.,stray dog menace pack of aggressive stray dogs near fire station in porur children are scared,Public Safety
Ornamental light broken,Decorative streetlights on Anna Salai installed last year already broken.,ornamental light broken decorative streetlights on anna salai installed last year already broken,Streetlights
Government school building,Government school building in Dadar needs repair. Roof is leaking.,government school building government school building in dadar needs repair roof is leaking,Other
Noise pollution,Construction noise near traffic signal continues past 10 PM. Against rules.,noise pollution construction noise near traffic signal continues past 10 pm against rules,Other
Lighting in underpass,Underpass near flyover has no lighting. Very scary to walk through.,lighting in underpass underpass near flyover has no lighting very scary to walk through,Streetlights
Patch work needed,Small but deep potholes on Link Road near corporation office. Patch work can fix them quickly.,patch work needed small but deep potholes on link road near corporation office patch work can fix them quickly,Roads
Dry waste not collected,Dry waste is not being collected separately in Kukatpally. Recycling is not happening.,dry waste not collected dry waste is not being collected separately in kukatpally recycling is not happening,Waste
Public Wi-Fi not working,Free public Wi-Fi near traffic signal has not been working since installation.,public wi fi not working free public wi fi near traffic signal has not been working since installation,Other
Gutter overflow,Gutter near corporation office in Powai is overflowing. Dirty water entering shops.,gutter overflow gutter near corporation office in powai is overflowing dirty water entering shops,Drainage
Debris not cleared,Construction debris dumped on Main Street near market square is not being cleared.,debris not cleared construction debris dumped on main street near market square is not being cleared,Waste
Water bill dispute,Water bill for Whitefield house shows 5000 liters. We barely use 1000. Meter issue.,water bill dispute water bill for whitefield house shows 5000 liters we barely use 1000 meter issue,Water
Park bench repair,Bench in the park near railway crossing is broken. Seniors have nowhere to sit.,park bench repair bench in the park near railway crossing is broken seniors have nowhere to sit,Other
Public Wi-Fi not working,Free public Wi-Fi near water tank has not been working since installation.,public wi fi not working free public wi fi near water tank has not been working since installation,Other
Overflow during monsoon,Drainage system in Borivali overflows every monsoon. No permanent solution.,overflow during monsoon drainage system in borivali overflows every monsoon no permanent solution,Drainage
Complaint not addressed,Filed complaint for streetlight repair in HSR Layout 2 weeks ago. No action taken.,complaint not addressed filed complaint for streetlight repair in hsr layout 2 weeks ago no action taken,Streetlights
Stray dog menace,Pack of aggressive stray dogs near church in Sector 22. Children are scared.,stray dog menace pack of aggressive stray dogs near church in sector 22 children are scared,Public Safety
School area dirty,Area around the school in Besant Nagar is dirty. Children playing in filth.,school area dirty area around the school in besant nagar is dirty children playing in filth,Public Cleanliness
Water meter faulty,Water meter at my house in Besant Nagar is showing wrong readings. Bill is too high.,water meter faulty water meter at my house in besant nagar is showing wrong readings bill is too high,Water
Garbage on footpath,Garbage bags left on footpath near metro station. Pedestrians can't walk.,garbage on footpath garbage bags left on footpath near metro station pedestrians can t walk,Waste
No pourakarmikas,Ward HSR Layout has no pourakarmikas. Streets are filthy for a week now.,no pourakarmikas ward hsr layout has no pourakarmikas streets are filthy for a week now,Waste
Ward office closed,Ward office in Sector 22 closed on working days. Officers not available.,ward office closed ward office in sector 22 closed on working days officers not available,Other
Trade license renewal,Trade license renewal at BTM Layout taking too long. Office sending us in circles.,trade license renewal trade license renewal at btm layout taking too long office sending us in circles,Other
Anti-social elements,Anti-social elements gathering near gurudwara park after dark. Unsafe for families.,anti social elements anti social elements gathering near gurudwara park after dark unsafe for families,Public Safety
Sewage treatment issue,Sewage treatment plant near Velachery is not working properly. Untreated water released.,sewage treatment issue sewage treatment plant near velachery is not working properly untreated water released,Drainage
Community hall booking,Community hall near corporation office booking system is not working. Need for function.,community hall booking community hall near corporation office booking system is not working need for function,Other
Unauthorized banner,Unauthorized political banners on Service Road near park entrance. Blocking visibility.,unauthorized banner unauthorized political banners on service road near park entrance blocking visibility,Other
Manhole cover missing,Manhole cover missing near fire station. A bike rider fell into it yesterday.,manhole cover missing manhole cover missing near fire station a bike rider fell into it yesterday,Drainage
No pourakarmikas,Ward Anna Nagar has no pourakarmikas. Streets are filthy for a week now.,no pourakarmikas ward anna nagar has no pourakarmikas streets are filthy for a week now,Waste
Drain cover broken,Drain cover on ECR near church is broken. Two-wheelers are stuck.,drain cover broken drain cover on ecr near church is broken two wheelers are stuck,Drainage
Plastic waste everywhere,Plastic waste is scattered all over Hadapsar near hospital gate. Looks terrible.,plastic waste everywhere plastic waste is scattered all over hadapsar near hospital gate looks terrible,Waste
Market area filthy,The market area in Goregaon near bank branch is filthy. No cleaning by corporation.,market area filthy the market area in goregaon near bank branch is filthy no cleaning by corporation,Public Cleanliness
Ward office closed,Ward office in Jubilee Hills closed on working days. Officers not available.,ward office closed ward office in jubilee hills closed on working days officers not available,Other
Patch work needed,Small but deep potholes on Inner Ring Road near railway crossing. Patch work can fix them quickly.,patch work needed small but deep potholes on inner ring road near railway crossing patch work can fix them quickly,Roads
Road damaged after rain,The road near police station in Gachibowli is completely broken after monsoon rains.,road damaged after rain the road near police station in gachibowli is completely broken after monsoon rains,Roads
Road junction dangerous,The junction at OMR and Kukatpally main road has no signals. Accidents daily.,road junction dangerous the junction at omr and kukatpally main road has no signals accidents daily,Roads
E-waste dumped,Electronic waste dumped openly near water tank. Hazardous for children playing nearby.,e waste dumped electronic waste dumped openly near water tank hazardous for children playing nearby,Waste
Low hanging wire,Streetlight wire hanging low near bank branch. Trucks are hitting it.,low hanging wire streetlight wire hanging low near bank branch trucks are hitting it,Streetlights
Light pole rusted,Streetlight pole near hospital gate is completely rusted. May fall anytime.,light pole rusted streetlight pole near hospital gate is completely rusted may fall anytime,Streetlights
Market area filthy,The market area in Rajajinagar near temple is filthy. No cleaning by corporation.,market area filthy the market area in rajajinagar near temple is filthy no cleaning by corporation,Public Cleanliness
Paver blocks missing,Paver blocks on footpath near petrol pump are missing. Elderly people are tripping.,paver blocks missing paver blocks on footpath near petrol pump are missing elderly people are tripping,Roads
Water logging,Severe water logging near college gate after pipeline burst. Mosquito breeding.,water logging severe water logging near college gate after pipeline burst mosquito breeding,Water
Loose electric pole,Electric pole on Bellary Road near temple is tilting. Heavy winds may topple it.,loose electric pole electric pole on bellary road near temple is tilting heavy winds may topple it,Public Safety
Ornamental light broken,Decorative streetlights on Inner Ring Road installed last year already broken.,ornamental light broken decorative streetlights on inner ring road installed last year already broken,Streetlights
Timer malfunctioning,Streetlight auto-timer in Porur is malfunctioning. Lights go off at 10 PM.,timer malfunctioning streetlight auto timer in porur is malfunctioning lights go off at 10 pm,Streetlights
Summer water crisis,Severe water shortage in Sector 45. Only getting supply once in 3 days.,summer water crisis severe water shortage in sector 45 only getting supply once in 3 days,Water
Paver blocks missing,Paver blocks on footpath near corporation office are missing. Elderly people are tripping.,paver blocks missing paver blocks on footpath near corporation office are missing elderly people are tripping,Roads
Fountain broken filthy,Public fountain near metro station is broken and the stagnant water is filthy.,fountain broken filthy public fountain near metro station is broken and the stagnant water is filthy,Public Cleanliness
Tree trimming needed,Trees on Station Road near junction circle need trimming. Branches touching power lines.,tree trimming needed trees on station road near junction circle need trimming branches touching power lines,Other
No waste segregation,Ward office in Indiranagar is not enforcing waste segregation. Everything is mixed.,no waste segregation ward office in indiranagar is not enforcing waste segregation everything is mixed,Waste
Storm drain clogged,Storm water drain near metro station is clogged with plastic waste. No flow.,storm drain clogged storm water drain near metro station is clogged with plastic waste no flow,Drainage
Low water pressure,Very low water pressure in Banjara Hills. Water barely comes to the first floor.,low water pressure very low water pressure in banjara hills water barely comes to the first floor,Water
Composting pit overflowing,Community composting pit in Whitefield is overflowing and attracting flies.,composting pit overflowing community composting pit in whitefield is overflowing and attracting flies,Waste
Pension delay,Old age pension for residents in Malad delayed by 3 months. People suffering.,pension delay old age pension for residents in malad delayed by 3 months people suffering,Other
Garbage smell unbearable,The garbage dump near market square is producing unbearable smell. Cannot open windows.,garbage smell unbearable the garbage dump near market square is producing unbearable smell cannot open windows,Waste
Abandoned vehicle,Abandoned vehicle parked near underpass for 3 months. Could be used for crime.,abandoned vehicle abandoned vehicle parked near underpass for 3 months could be used for crime,Public Safety
New streetlight needed,No streetlight in Besant Nagar sector. Women and elderly feel unsafe at night.,new streetlight needed no streetlight in besant nagar sector women and elderly feel unsafe at night,Streetlights
Rainwater harvesting pit blocked,RWH pit in Rajajinagar is blocked and overflowing. Needs cleaning.,rainwater harvesting pit blocked rwh pit in rajajinagar is blocked and overflowing needs cleaning,Drainage
Death certificate delay,Death certificate from Andheri ward office delayed by 45 days. Need for bank work.,death certificate delay death certificate from andheri ward office delayed by 45 days need for bank work,Other
Bridge approach road,The approach road to the bridge near SBI ATM has deep potholes on both sides.,bridge approach road the approach road to the bridge near sbi atm has deep potholes on both sides,Roads
Festival lights wiring,Temporary festival lighting wiring near bank branch still hanging 2 months later.,festival lights wiring temporary festival lighting wiring near bank branch still hanging 2 months later,Streetlights
Water bill dispute,Water bill for Sector 45 house shows 5000 liters. We barely use 1000. Meter issue.,water bill dispute water bill for sector 45 house shows 5000 liters we barely use 1000 meter issue,Water
Pipeline burst,Water pipeline burst on Main Street near park entrance. Road is flooded.,pipeline burst water pipeline burst on main street near park entrance road is flooded,Water
Drain blocked,The drain near water tank in Airoli is completely blocked. Water is overflowing on road.,drain blocked the drain near water tank in airoli is completely blocked water is overflowing on road,Drainage
Light on during daytime,Streetlights on GST Road are ON during daytime. Wasting electricity.,light on during daytime streetlights on gst road are on during daytime wasting electricity,Streetlights
Community hall booking,Community hall near railway crossing booking system is not working. Need for function.,community hall booking community hall near railway crossing booking system is not working need for function,Other
Pothole on Bellary Road,There is a huge pothole on Bellary Road near church. Vehicles are getting damaged daily.,pothole on bellary road there is a huge pothole on bellary road near church vehicles are getting damaged daily,Roads
Bulb fused,Streetlight bulb near government school in Adyar is fused since Diwali. Not replaced.,bulb fused streetlight bulb near government school in adyar is fused since diwali not replaced,Streetlights
No water connection,Applied for water connection in Adyar 6 months ago. Still not provided.,no water connection applied for water connection in adyar 6 months ago still not provided,Water
Composting pit overflowing,Community composting pit in Airoli is overflowing and attracting flies.,composting pit overflowing community composting pit in airoli is overflowing and attracting flies,Waste
Pothole on Sarjapur Road,There is a huge pothole on Sarjapur Road near metro station. Vehicles are getting damaged daily.,pothole on sarjapur road there is a huge pothole on sarjapur road near metro station vehicles are getting damaged daily,Roads
Dustbin overflowing,The community dustbin near hospital gate is overflowing. Stray dogs are spreading garbage.,dustbin overflowing the community dustbin near hospital gate is overflowing stray dogs are spreading garbage,Waste
Water logging,Severe water logging near water tank after pipeline burst. Mosquito breeding.,water logging severe water logging near water tank after pipeline burst mosquito breeding,Water
Bulb fused,Streetlight bulb near petrol pump in Airoli is fused since Diwali. Not replaced.,bulb fused streetlight bulb near petrol pump in airoli is fused since diwali not replaced,Streetlights
Road not repaired,Road in Dadar has not been repaired since last year. Multiple complaints ignored.,road not repaired road in dadar has not been repaired since last year multiple complaints ignored,Roads
Rusty pipeline,Water pipeline in Whitefield is very old and rusty. Water comes brown colored.,rusty pipeline water pipeline in whitefield is very old and rusty water comes brown colored,Water
Dead animal not removed,Dead animal lying on Bellary Road near Malad since 2 days. Nobody is removing it.,dead animal not removed dead animal lying on bellary road near malad since 2 days nobody is removing it,Waste
Paver blocks missing,Paver blocks on footpath near SBI ATM are missing. Elderly people are tripping.,paver blocks missing paver blocks on footpath near sbi atm are missing elderly people are tripping,Roads
Property tax issue,Property tax notice for Besant Nagar is incorrect. Showing wrong area measurement.,property tax issue property tax notice for besant nagar is incorrect showing wrong area measurement,Other
Bus stop dirty,Bus stop near underpass in Goregaon has not been cleaned in weeks.,bus stop dirty bus stop near underpass in goregaon has not been cleaned in weeks,Public Cleanliness
Drainage construction incomplete,Drainage construction in Bandra started 2 months ago but left incomplete. Causing flooding.,drainage construction incomplete drainage construction in bandra started 2 months ago but left incomplete causing flooding,Drainage
Timer malfunctioning,Streetlight auto-timer in Kothrud is malfunctioning. Lights go off at 10 PM.,timer malfunctioning streetlight auto timer in kothrud is malfunctioning lights go off at 10 pm,Streetlights
Road accident prone,The stretch of GST Road near mosque is accident prone. Need speed breakers.,road accident prone the stretch of gst road near mosque is accident prone need speed breakers,Public Safety
Open transformer,Transformer near community hall is open without any fencing. Children play near it.,open transformer transformer near community hall is open without any fencing children play near it,Public Safety
Defecation in open,Open defecation happening near church. Build public toilet there.,defecation in open open defecation happening near church build public toilet there,Public Cleanliness
Playground equipment,Playground equipment in Sector 22 park is rusted and unsafe for children.,playground equipment playground equipment in sector 22 park is rusted and unsafe for children,Other
Public tap broken,Public water tap near junction circle in Hadapsar is broken. Water flowing non-stop.,public tap broken public water tap near junction circle in hadapsar is broken water flowing non stop,Water
Ration card problem,Ration card issue at Powai. Wrong name printed on new card.,ration card problem ration card issue at powai wrong name printed on new card,Other
Storm drain clogged,Storm water drain near flyover is clogged with plastic waste. No flow.,storm drain clogged storm water drain near flyover is clogged with plastic waste no flow,Drainage
Public library closed,Public library near water tank in Koramangala has been closed for months.,public library closed public library near water tank in koramangala has been closed for months,Other
Unauthorized banner,Unauthorized political banners on 80 Feet Road near underpass. Blocking visibility.,unauthorized banner unauthorized political banners on 80 feet road near underpass blocking visibility,Other
Festival waste,Post-festival waste from Ganesh visarjan not cleared near church. 3 days now.,festival waste post festival waste from ganesh visarjan not cleared near church 3 days now,Waste
Plastic waste everywhere,Plastic waste is scattered all over JP Nagar near corporation office. Looks terrible.,plastic waste everywhere plastic waste is scattered all over jp nagar near corporation office looks terrible,Waste
Borewell not working,Community borewell in Goregaon is not working since last week. No repair done.,borewell not working community borewell in goregaon is not working since last week no repair done,Water
Plastic waste everywhere,Plastic waste is scattered all over Kothrud near water tank. Looks terrible.,plastic waste everywhere plastic waste is scattered all over kothrud near water tank looks terrible,Waste
Public bench broken,Public benches near gurudwara are broken and dirty. Senior citizens can't sit.,public bench broken public benches near gurudwara are broken and dirty senior citizens can t sit,Public Cleanliness
Streetlight not working,Streetlight near fire station in Banjara Hills is not working since a week.,streetlight not working streetlight near fire station in banjara hills is not working since a week,Streetlights
Solar streetlight broken,Solar streetlight installed in Dadar is not working. Battery issue maybe.,solar streetlight broken solar streetlight installed in dadar is not working battery issue maybe,Streetlights
Public toilet dirty,Public toilet near flyover is extremely dirty. Nobody is cleaning it.,public toilet dirty public toilet near flyover is extremely dirty nobody is cleaning it,Public Cleanliness
Water pipeline leak,Major water pipeline leak near traffic signal in Gachibowli. Water is wasting for days.,water pipeline leak major water pipeline leak near traffic signal in gachibowli water is wasting for days,Water
Summer water crisis,Severe water shortage in Andheri. Only getting supply once in 3 days.,summer water crisis severe water shortage in andheri only getting supply once in 3 days,Water
Overhead tank overflow,Overhead tank in Borivali overflows every day. Automatic valve not working.,overhead tank overflow overhead tank in borivali overflows every day automatic valve not working,Water
Temple area dirty,Area around the temple near petrol pump is very dirty. Flowers and waste everywhere.,temple area dirty area around the temple near petrol pump is very dirty flowers and waste everywhere,Public Cleanliness
Unauthorized construction,Unauthorized construction happening near market square. Building looks unsafe.,unauthorized construction unauthorized construction happening near market square building looks unsafe,Public Safety
Public library closed,Public library near market square in Whitefield has been closed for months.,public library closed public library near market square in whitefield has been closed for months,Other
Playground dirty,Children's playground in Gachibowli near traffic signal is dirty. Glass pieces found.,playground dirty children s playground in gachibowli near traffic signal is dirty glass pieces found,Public Cleanliness
No drainage system,New layout in Bandra has no proper drainage system. Rainwater stands for days.,no drainage system new layout in bandra has no proper drainage system rainwater stands for days,Drainage
No waste segregation,Ward office in Whitefield is not enforcing waste segregation. Everything is mixed.,no waste segregation ward office in whitefield is not enforcing waste segregation everything is mixed,Waste
Streetlight not working,Streetlight near flyover in Jayanagar is not working since a week.,streetlight not working streetlight near flyover in jayanagar is not working since a week,Streetlights
Tax assessment wrong,Property tax assessment for house in Porur near flyover is incorrect.,tax assessment wrong property tax assessment for house in porur near flyover is incorrect,Other
Unauthorized construction,Unauthorized construction happening near mosque. Building looks unsafe.,unauthorized construction unauthorized construction happening near mosque building looks unsafe,Public Safety
Illegal liquor shop,Illegal liquor shop operating near school in Sector 22. Children are affected.,illegal liquor shop illegal liquor shop operating near school in sector 22 children are affected,Public Safety
Road cave-in,Part of the road in Vashi has caved in near the drainage. Very dangerous.,road cave in part of the road in vashi has caved in near the drainage very dangerous,Roads
Wedding garbage,Marriage hall near underpass dumping all waste on the road. Not using bins.,wedding garbage marriage hall near underpass dumping all waste on the road not using bins,Waste
Public tap broken,Public water tap near traffic signal in Kukatpally is broken. Water flowing non-stop.,public tap broken public water tap near traffic signal in kukatpally is broken water flowing non stop,Water
Uneven road surface,The road surface near fire station is very uneven and bumpy. Two-wheelers are skidding.,uneven road surface the road surface near fire station is very uneven and bumpy two wheelers are skidding,Roads
Kachra not picked up,Kachra truck is not coming to our lane in JP Nagar. Very unhygienic conditions.,kachra not picked up kachra truck is not coming to our lane in jp nagar very unhygienic conditions,Waste
Footpath dirty,Footpath near government school is covered in dirt and spit marks. Please clean.,footpath dirty footpath near government school is covered in dirt and spit marks please clean,Public Cleanliness
Fire hazard,Illegal storage of gas cylinders near mosque in JP Nagar. Major fire hazard.,fire hazard illegal storage of gas cylinders near mosque in jp nagar major fire hazard,Public Safety
Rusty pipeline,Water pipeline in Andheri is very old and rusty. Water comes brown colored.,rusty pipeline water pipeline in andheri is very old and rusty water comes brown colored,Water
Streetlight not working,Streetlight near post office in BTM Layout is not working since a week.,streetlight not working streetlight near post office in btm layout is not working since a week,Streetlights
Drainage pipe broken,Drainage pipe near church is broken. Sewage is flowing openly on road.,drainage pipe broken drainage pipe near church is broken sewage is flowing openly on road,Drainage
Footpath broken,Footpath near park entrance in BTM Layout is broken. Pedestrians are walking on the road.,footpath broken footpath near park entrance in btm layout is broken pedestrians are walking on the road,Roads
Government school building,Government school building in Andheri needs repair. Roof is leaking.,government school building government school building in andheri needs repair roof is leaking,Other
No garbage bin in area,There is no public dustbin in Besant Nagar near gurudwara. People are throwing garbage on road.,no garbage bin in area there is no public dustbin in besant nagar near gurudwara people are throwing garbage on road,Waste
No traffic signal,No traffic signal at busy junction near water tank. Major accidents happening.,no traffic signal no traffic signal at busy junction near water tank major accidents happening,Public Safety
Multiple lights out,5-6 streetlights on Outer Ring Road near Porur are all out. Entire area is dark.,multiple lights out 5 6 streetlights on outer ring road near porur are all out entire area is dark,Streetlights
Desilting not done,Desilting of drains in Powai before monsoon was not done. Now flooding.,desilting not done desilting of drains in powai before monsoon was not done now flooding,Drainage
Government school building,Government school building in Jayanagar needs repair. Roof is leaking.,government school building government school building in jayanagar needs repair roof is leaking,Other
Sewage overflow,Sewage is overflowing on OMR in Anna Nagar. Unbearable smell and health hazard.,sewage overflow sewage is overflowing on omr in anna nagar unbearable smell and health hazard,Drainage
Abandoned vehicle,Abandoned vehicle parked near junction circle for 3 months. Could be used for crime.,abandoned vehicle abandoned vehicle parked near junction circle for 3 months could be used for crime,Public Safety
Hawker nuisance,Hawkers blocking entire footpath near market square in Velachery. Can't walk.,hawker nuisance hawkers blocking entire footpath near market square in velachery can t walk,Other
Bore well contaminated,Bore well near market square is giving contaminated water. Tested positive for bacteria.,bore well contaminated bore well near market square is giving contaminated water tested positive for bacteria,Water
No garbage bin in area,There is no public dustbin in Gachibowli near park entrance. People are throwing garbage on road.,no garbage bin in area there is no public dustbin in gachibowli near park entrance people are throwing garbage on road,Waste
Complete darkness,Entire stretch of ECR has no working streetlights. Very unsafe at night.,complete darkness entire stretch of ecr has no working streetlights very unsafe at night,Streetlights
Dumpyard fire,Fire at the garbage dump near Airoli. Smoke is affecting entire neighborhood.,dumpyard fire fire at the garbage dump near airoli smoke is affecting entire neighborhood,Waste
Nala overflowing,Nala near community hall is overflowing during rains. Houses are getting flooded.,nala overflowing nala near community hall is overflowing during rains houses are getting flooded,Drainage
Pothole on OMR,There is a huge pothole on OMR near corporation office. Vehicles are getting damaged daily.,pothole on omr there is a huge pothole on omr near corporation office vehicles are getting damaged daily,Roads
Pothole on Outer Ring Road,There is a huge pothole on Outer Ring Road near mosque. Vehicles are getting damaged daily.,pothole on outer ring road there is a huge pothole on outer ring road near mosque vehicles are getting damaged daily,Roads
Bio-medical waste,Bio-medical waste found near gurudwara in Borivali. Very dangerous for public health.,bio medical waste bio medical waste found near gurudwara in borivali very dangerous for public health,Waste
Broken railing on bridge,Railing on the bridge near fire station is broken. Someone can fall off.,broken railing on bridge railing on the bridge near fire station is broken someone can fall off,Public Safety
Drainage pipe broken,Drainage pipe near college gate is broken. Sewage is flowing openly on road.,drainage pipe broken drainage pipe near college gate is broken sewage is flowing openly on road,Drainage
Gutter overflow,Gutter near fire station in Ameerpet is overflowing. Dirty water entering shops.,gutter overflow gutter near fire station in ameerpet is overflowing dirty water entering shops,Drainage
Dumpyard fire,Fire at the garbage dump near Malad. Smoke is affecting entire neighborhood.,dumpyard fire fire at the garbage dump near malad smoke is affecting entire neighborhood,Waste
Building plan approval,Building plan approval at Ameerpet taking 8 months. No updates from office.,building plan approval building plan approval at ameerpet taking 8 months no updates from office,Other
Kachra not picked up,Kachra truck is not coming to our lane in Velachery. Very unhygienic conditions.,kachra not picked up kachra truck is not coming to our lane in velachery very unhygienic conditions,Waste
Unauthorized banner,Unauthorized political banners on Bannerghatta Road near fire station. Blocking visibility.,unauthorized banner unauthorized political banners on bannerghatta road near fire station blocking visibility,Other
Uneven road surface,The road surface near junction circle is very uneven and bumpy. Two-wheelers are skidding.,uneven road surface the road surface near junction circle is very uneven and bumpy two wheelers are skidding,Roads
Illegal parking,Illegal parking on Bellary Road blocking ambulance route near Thane hospital.,illegal parking illegal parking on bellary road blocking ambulance route near thane hospital,Public Safety
Junction light needed,No streetlight at the junction of Link Road and Sector 22 road. Accidents happening.,junction light needed no streetlight at the junction of link road and sector 22 road accidents happening,Streetlights
Playground equipment,Playground equipment in Dadar park is rusted and unsafe for children.,playground equipment playground equipment in dadar park is rusted and unsafe for children,Other
Streetlight cable stolen,Streetlight cables near post office have been stolen. Lights not working.,streetlight cable stolen streetlight cables near post office have been stolen lights not working,Streetlights
Manhole cover missing,Manhole cover missing near college gate. A bike rider fell into it yesterday.,manhole cover missing manhole cover missing near college gate a bike rider fell into it yesterday,Drainage
Monkey menace,Troop of aggressive monkeys in Dadar near hospital gate. Snatching food from people.,monkey menace troop of aggressive monkeys in dadar near hospital gate snatching food from people,Public Safety
Drainage water stagnant,Stagnant drainage water near college gate causing mosquito breeding.,drainage water stagnant stagnant drainage water near college gate causing mosquito breeding,Drainage
Drain cover broken,Drain cover on Anna Salai near community hall is broken. Two-wheelers are stuck.,drain cover broken drain cover on anna salai near community hall is broken two wheelers are stuck,Drainage
Complaint not addressed,Filed complaint for streetlight repair in Besant Nagar 2 weeks ago. No action taken.,complaint not addressed filed complaint for streetlight repair in besant nagar 2 weeks ago no action taken,Streetlights
Sewage overflow,Sewage is overflowing on Mount Road in Malleshwaram. Unbearable smell and health hazard.,sewage overflow sewage is overflowing on mount road in malleshwaram unbearable smell and health hazard,Drainage
Lighting in underpass,Underpass near SBI ATM has no lighting. Very scary to walk through.,lighting in underpass underpass near sbi atm has no lighting very scary to walk through,Streetlights
E-waste dumped,Electronic waste dumped openly near mosque. Hazardous for children playing nearby.,e waste dumped electronic waste dumped openly near mosque hazardous for children playing nearby,Waste
Uneven road surface,The road surface near gurudwara is very uneven and bumpy. Two-wheelers are skidding.,uneven road surface the road surface near gurudwara is very uneven and bumpy two wheelers are skidding,Roads
Garbage vehicle broken,The garbage collection vehicle for Rajajinagar is broken. No replacement provided.,garbage vehicle broken the garbage collection vehicle for rajajinagar is broken no replacement provided,Waste
Water bill dispute,Water bill for Sector 22 house shows 5000 liters. We barely use 1000. Meter issue.,water bill dispute water bill for sector 22 house shows 5000 liters we barely use 1000 meter issue,Water
Cracks on main road,Major cracks have appeared on Main Street near Malad. Very dangerous for traffic.,cracks on main road major cracks have appeared on main street near malad very dangerous for traffic,Roads
Road not tarred,The road in Rajajinagar sector has not been tarred for 5 years. Dust everywhere.,road not tarred the road in rajajinagar sector has not been tarred for 5 years dust everywhere,Roads
Debris not cleared,Construction debris dumped on Hosur Road near community hall is not being cleared.,debris not cleared construction debris dumped on hosur road near community hall is not being cleared,Waste
Construction debris on road,Road near gurudwara is blocked with construction debris. No one is clearing it.,construction debris on road road near gurudwara is blocked with construction debris no one is clearing it,Roads
Park light not working,Lights in the park near park entrance are not working. Park unsafe after 6 PM.,park light not working lights in the park near park entrance are not working park unsafe after 6 pm,Streetlights
Kachra not picked up,Kachra truck is not coming to our lane in Indiranagar. Very unhygienic conditions.,kachra not picked up kachra truck is not coming to our lane in indiranagar very unhygienic conditions,Waste
No road marking,No road markings or lane dividers on Anna Salai. Very confusing for drivers.,no road marking no road markings or lane dividers on anna salai very confusing for drivers,Roads
Public toilet dirty,Public toilet near main bus stop is extremely dirty. Nobody is cleaning it.,public toilet dirty public toilet near main bus stop is extremely dirty nobody is cleaning it,Public Cleanliness
Flickering streetlight,Streetlight near mosque is flickering continuously. Very annoying.,flickering streetlight streetlight near mosque is flickering continuously very annoying,Streetlights
Tar road peeling off,The newly tarred road on Anna Salai is already peeling off. Waste of taxpayer money.,tar road peeling off the newly tarred road on anna salai is already peeling off waste of taxpayer money,Roads
Garden overgrown,Public garden in Jubilee Hills is overgrown with weeds. Snakes might come.,garden overgrown public garden in jubilee hills is overgrown with weeds snakes might come,Public Cleanliness
Complaint not addressed,Filed complaint for streetlight repair in Koramangala 2 weeks ago. No action taken.,complaint not addressed filed complaint for streetlight repair in koramangala 2 weeks ago no action taken,Streetlights
Complete darkness,Entire stretch of Inner Ring Road has no working streetlights. Very unsafe at night.,complete darkness entire stretch of inner ring road has no working streetlights very unsafe at night,Streetlights
Cracks on main road,Major cracks have appeared on Highway 48 near Koramangala. Very dangerous for traffic.,cracks on main road major cracks have appeared on highway 48 near koramangala very dangerous for traffic,Roads
Pond stinking,Pond near church in Anna Nagar stinks terribly. Green algae covering surface.,pond stinking pond near church in anna nagar stinks terribly green algae covering surface,Public Cleanliness
Water tanker not coming,Requested water tanker for Madhapur 4 days ago. Still not delivered.,water tanker not coming requested water tanker for madhapur 4 days ago still not delivered,Water
Park bench repair,Bench in the park near traffic signal is broken. Seniors have nowhere to sit.,park bench repair bench in the park near traffic signal is broken seniors have nowhere to sit,Other
Tree about to fall,Big tree near fire station is leaning dangerously. Might fall on houses.,tree about to fall big tree near fire station is leaning dangerously might fall on houses,Public Safety
Junction light needed,No streetlight at the junction of GST Road and Vashi road. Accidents happening.,junction light needed no streetlight at the junction of gst road and vashi road accidents happening,Streetlights
Solar streetlight broken,Solar streetlight installed in Powai is not working. Battery issue maybe.,solar streetlight broken solar streetlight installed in powai is not working battery issue maybe,Streetlights
Illegal water connection,Someone has taken illegal water connection near junction circle. Reducing our supply.,illegal water connection someone has taken illegal water connection near junction circle reducing our supply,Water
Urination on walls,People are urinating on walls near SBI ATM in Besant Nagar. Paint anti-urination signs.,urination on walls people are urinating on walls near sbi atm in besant nagar paint anti urination signs,Public Cleanliness
Drain blocked,The drain near metro station in Ameerpet is completely blocked. Water is overflowing on road.,drain blocked the drain near metro station in ameerpet is completely blocked water is overflowing on road,Drainage
No water connection,Applied for water connection in Powai 6 months ago. Still not provided.,no water connection applied for water connection in powai 6 months ago still not provided,Water
Complaint not addressed,Filed complaint for streetlight repair in Porur 2 weeks ago. No action taken.,complaint not addressed filed complaint for streetlight repair in porur 2 weeks ago no action taken,Streetlights
Hospital area unclean,Surroundings of Gachibowli hospital are unclean. Not good for patients.,hospital area unclean surroundings of gachibowli hospital are unclean not good for patients,Public Cleanliness
Temple area dirty,Area around the temple near market square is very dirty. Flowers and waste everywhere.,temple area dirty area around the temple near market square is very dirty flowers and waste everywhere,Public Cleanliness
Public Wi-Fi not working,Free public Wi-Fi near underpass has not been working since installation.,public wi fi not working free public wi fi near underpass has not been working since installation,Other
Speed breaker too high,Speed breaker near underpass in Bandra is too high. Vehicles are getting stuck.,speed breaker too high speed breaker near underpass in bandra is too high vehicles are getting stuck,Roads
Dangerous building,Building near temple in Borivali looks like it will collapse. Please inspect.,dangerous building building near temple in borivali looks like it will collapse please inspect,Public Safety
Road flooded,Road near traffic signal gets flooded every time it rains. No proper drainage.,road flooded road near traffic signal gets flooded every time it rains no proper drainage,Roads
Gutter overflow,Gutter near temple in BTM Layout is overflowing. Dirty water entering shops.,gutter overflow gutter near temple in btm layout is overflowing dirty water entering shops,Drainage
Sewage treatment issue,Sewage treatment plant near JP Nagar is not working properly. Untreated water released.,sewage treatment issue sewage treatment plant near jp nagar is not working properly untreated water released,Drainage
Bridge approach road,The approach road to the bridge near post office has deep potholes on both sides.,bridge approach road the approach road to the bridge near post office has deep potholes on both sides,Roads
Waste dumped in nala,People are dumping household waste into the nala near traffic signal. It is getting blocked.,waste dumped in nala people are dumping household waste into the nala near traffic signal it is getting blocked,Waste
Drain cover broken,Drain cover on Mount Road near post office is broken. Two-wheelers are stuck.,drain cover broken drain cover on mount road near post office is broken two wheelers are stuck,Drainage
Waste pickers harassed,Waste pickers in Malad are being harassed. They provide essential service.,waste pickers harassed waste pickers in malad are being harassed they provide essential service,Waste
RO plant not working,Community RO plant in Vashi is not working. Parts need replacement.,ro plant not working community ro plant in vashi is not working parts need replacement,Water
Transformer issue,Streetlight transformer near Airoli has blown up. No lights in entire ward.,transformer issue streetlight transformer near airoli has blown up no lights in entire ward,Streetlights
Bus stop dirty,Bus stop near traffic signal in Andheri has not been cleaned in weeks.,bus stop dirty bus stop near traffic signal in andheri has not been cleaned in weeks,Public Cleanliness
Asphalt crumbling,The asphalt on Bellary Road near junction circle is crumbling. Bikes are slipping.,asphalt crumbling the asphalt on bellary road near junction circle is crumbling bikes are slipping,Roads
Abandoned vehicle,Abandoned vehicle parked near fire station for 3 months. Could be used for crime.,abandoned vehicle abandoned vehicle parked near fire station for 3 months could be used for crime,Public Safety
Construction site unsafe,Construction site near traffic signal has no safety barricades. Open pit on road.,construction site unsafe construction site near traffic signal has no safety barricades open pit on road,Public Safety
Road not tarred,The road in HSR Layout sector has not been tarred for 5 years. Dust everywhere.,road not tarred the road in hsr layout sector has not been tarred for 5 years dust everywhere,Roads
Footpath light broken,Footpath lights near post office are all broken. Seniors tripping at night.,footpath light broken footpath lights near post office are all broken seniors tripping at night,Streetlights
Cracks on main road,Major cracks have appeared on Bellary Road near Jayanagar. Very dangerous for traffic.,cracks on main road major cracks have appeared on bellary road near jayanagar very dangerous for traffic,Roads
Drainage pipe broken,Drainage pipe near fire station is broken. Sewage is flowing openly on road.,drainage pipe broken drainage pipe near fire station is broken sewage is flowing openly on road,Drainage
No road marking,No road markings or lane dividers on Main Street. Very confusing for drivers.,no road marking no road markings or lane dividers on main street very confusing for drivers,Roads
Garbage not collected,Garbage has not been collected from Airoli since 3 days. Bags are piling up.,garbage not collected garbage has not been collected from airoli since 3 days bags are piling up,Waste
Low hanging wire,Streetlight wire hanging low near fire station. Trucks are hitting it.,low hanging wire streetlight wire hanging low near fire station trucks are hitting it,Streetlights
Construction debris on road,Road near water tank is blocked with construction debris. No one is clearing it.,construction debris on road road near water tank is blocked with construction debris no one is clearing it,Roads
Waterlogged area mosquitoes,Waterlogged area near junction circle breeding mosquitoes. Dengue cases increasing.,waterlogged area mosquitoes waterlogged area near junction circle breeding mosquitoes dengue cases increasing,Public Safety
Water logging,Severe water logging near junction circle after pipeline burst. Mosquito breeding.,water logging severe water logging near junction circle after pipeline burst mosquito breeding,Water
Road cave-in,Part of the road in Hadapsar has caved in near the drainage. Very dangerous.,road cave in part of the road in hadapsar has caved in near the drainage very dangerous,Roads
Anti-social elements,Anti-social elements gathering near church park after dark. Unsafe for families.,anti social elements anti social elements gathering near church park after dark unsafe for families,Public Safety
Park not maintained,"The park near flyover in Kothrud is not maintained. Grass overgrown, paths dirty.",park not maintained the park near flyover in kothrud is not maintained grass overgrown paths dirty,Public Cleanliness
Light pole rusted,Streetlight pole near corporation office is completely rusted. May fall anytime.,light pole rusted streetlight pole near corporation office is completely rusted may fall anytime,Streetlights
Loose electric pole,Electric pole on NH 44 near market square is tilting. Heavy winds may topple it.,loose electric pole electric pole on nh 44 near market square is tilting heavy winds may topple it,Public Safety
Asphalt crumbling,The asphalt on Inner Ring Road near fire station is crumbling. Bikes are slipping.,asphalt crumbling the asphalt on inner ring road near fire station is crumbling bikes are slipping,Roads
Paver blocks missing,Paver blocks on footpath near market square are missing. Elderly people are tripping.,paver blocks missing paver blocks on footpath near market square are missing elderly people are tripping,Roads
Sewage treatment issue,Sewage treatment plant near Whitefield is not working properly. Untreated water released.,sewage treatment issue sewage treatment plant near whitefield is not working properly untreated water released,Drainage
Road subsidence,Road near Banjara Hills is sinking gradually. Foundation seems weak.,road subsidence road near banjara hills is sinking gradually foundation seems weak,Roads
Footpath broken,Footpath near corporation office in Gachibowli is broken. Pedestrians are walking on the road.,footpath broken footpath near corporation office in gachibowli is broken pedestrians are walking on the road,Roads
Playground dirty,Children's playground in Ameerpet near community hall is dirty. Glass pieces found.,playground dirty children s playground in ameerpet near community hall is dirty glass pieces found,Public Cleanliness
Road not tarred,The road in Vashi sector has not been tarred for 5 years. Dust everywhere.,road not tarred the road in vashi sector has not been tarred for 5 years dust everywhere,Roads
Footpath dirty,Footpath near police station is covered in dirt and spit marks. Please clean.,footpath dirty footpath near police station is covered in dirt and spit marks please clean,Public Cleanliness
Rusty pipeline,Water pipeline in Anna Nagar is very old and rusty. Water comes brown colored.,rusty pipeline water pipeline in anna nagar is very old and rusty water comes brown colored,Water
Spitting on walls,Paan spitting stains all over the bus stop near junction circle. Disgusting.,spitting on walls paan spitting stains all over the bus stop near junction circle disgusting,Public Cleanliness
Sewer water mixing,Sewer water mixing with drinking water pipeline in JP Nagar. People are falling sick.,sewer water mixing sewer water mixing with drinking water pipeline in jp nagar people are falling sick,Water
Patch work needed,Small but deep potholes on Highway 48 near corporation office. Patch work can fix them quickly.,patch work needed small but deep potholes on highway 48 near corporation office patch work can fix them quickly,Roads
Garbage burning,People are burning garbage near SBI ATM in Velachery. Toxic smoke everywhere.,garbage burning people are burning garbage near sbi atm in velachery toxic smoke everywhere,Waste
Bio-medical waste,Bio-medical waste found near junction circle in Ameerpet. Very dangerous for public health.,bio medical waste bio medical waste found near junction circle in ameerpet very dangerous for public health,Waste
Borewell not working,Community borewell in Bandra is not working since last week. No repair done.,borewell not working community borewell in bandra is not working since last week no repair done,Water
Bulb fused,Streetlight bulb near government school in Porur is fused since Diwali. Not replaced.,bulb fused streetlight bulb near government school in porur is fused since diwali not replaced,Streetlights
No pourakarmikas,Ward Sector 22 has no pourakarmikas. Streets are filthy for a week now.,no pourakarmikas ward sector 22 has no pourakarmikas streets are filthy for a week now,Waste
Footpath light broken,Footpath lights near church are all broken. Seniors tripping at night.,footpath light broken footpath lights near church are all broken seniors tripping at night,Streetlights
Potholes everywhere,Multiple potholes on Outer Ring Road near T Nagar. Commuters are suffering daily.,potholes everywhere multiple potholes on outer ring road near t nagar commuters are suffering daily,Roads
Light on during daytime,Streetlights on Bellary Road are ON during daytime. Wasting electricity.,light on during daytime streetlights on bellary road are on during daytime wasting electricity,Streetlights
Building plan approval,Building plan approval at Besant Nagar taking 8 months. No updates from office.,building plan approval building plan approval at besant nagar taking 8 months no updates from office,Other
Desilting not done,Desilting of drains in BTM Layout before monsoon was not done. Now flooding.,desilting not done desilting of drains in btm layout before monsoon was not done now flooding,Drainage
Open manhole,Open manhole on Mount Road near SBI ATM. Cover missing. Very dangerous.,open manhole open manhole on mount road near sbi atm cover missing very dangerous,Public Safety
Community hall booking,Community hall near metro station booking system is not working. Need for function.,community hall booking community hall near metro station booking system is not working need for function,Other
Contaminated water,The water supply in Velachery is yellowish and smells bad. Not safe for drinking.,contaminated water the water supply in velachery is yellowish and smells bad not safe for drinking,Water
Potholes everywhere,Multiple potholes on Sarjapur Road near Jayanagar. Commuters are suffering daily.,potholes everywhere multiple potholes on sarjapur road near jayanagar commuters are suffering daily,Roads
Irregular water timing,"Water comes at irregular timings in Rajajinagar. Sometimes 3 AM, sometimes not at all.",irregular water timing water comes at irregular timings in rajajinagar sometimes 3 am sometimes not at all,Water
Tar road peeling off,The newly tarred road on Ring Road is already peeling off. Waste of taxpayer money.,tar road peeling off the newly tarred road on ring road is already peeling off waste of taxpayer money,Roads
Community hall booking,Community hall near traffic signal booking system is not working. Need for function.,community hall booking community hall near traffic signal booking system is not working need for function,Other
Festival lights wiring,Temporary festival lighting wiring near junction circle still hanging 2 months later.,festival lights wiring temporary festival lighting wiring near junction circle still hanging 2 months later,Streetlights
Dog vaccination camp,Need dog vaccination camp in Hadapsar. Many stray dogs near railway crossing.,dog vaccination camp need dog vaccination camp in hadapsar many stray dogs near railway crossing,Other
Garbage smell unbearable,The garbage dump near SBI ATM is producing unbearable smell. Cannot open windows.,garbage smell unbearable the garbage dump near sbi atm is producing unbearable smell cannot open windows,Waste
Religious site messy,Surroundings of the mosque near post office messy. Devotees complaining.,religious site messy surroundings of the mosque near post office messy devotees complaining,Public Cleanliness
Pond stinking,Pond near bank branch in Borivali stinks terribly. Green algae covering surface.,pond stinking pond near bank branch in borivali stinks terribly green algae covering surface,Public Cleanliness
Lake polluted,Lake near petrol pump in Bandra is highly polluted. Foam forming on surface.,lake polluted lake near petrol pump in bandra is highly polluted foam forming on surface,Public Cleanliness
Flickering streetlight,Streetlight near underpass is flickering continuously. Very annoying.,flickering streetlight streetlight near underpass is flickering continuously very annoying,Streetlights
Canal debris,Debris in the canal near college gate blocking water flow during heavy rains.,canal debris debris in the canal near college gate blocking water flow during heavy rains,Drainage
Underground drainage blocked,Underground drainage in Jubilee Hills is blocked. Sewage coming up from manholes.,underground drainage blocked underground drainage in jubilee hills is blocked sewage coming up from manholes,Drainage
Meat waste thrown,Meat shop waste thrown openly near metro station in Gachibowli. Health hazard.,meat waste thrown meat shop waste thrown openly near metro station in gachibowli health hazard,Waste
Illegal dumping ground,Someone is illegally dumping construction waste near market square. Please investigate.,illegal dumping ground someone is illegally dumping construction waste near market square please investigate,Waste
Sweeping not done,Road sweeping not done in Borivali since a week. Leaves and dust everywhere.,sweeping not done road sweeping not done in borivali since a week leaves and dust everywhere,Public Cleanliness
Garbage truck timing,Garbage truck comes at 5 AM to Jubilee Hills. Most residents miss it. Change timing please.,garbage truck timing garbage truck comes at 5 am to jubilee hills most residents miss it change timing please,Waste
Bio-medical waste,Bio-medical waste found near government school in Bandra. Very dangerous for public health.,bio medical waste bio medical waste found near government school in bandra very dangerous for public health,Waste
High mast light broken,High mast light at park entrance junction is not working. Very dark area.,high mast light broken high mast light at park entrance junction is not working very dark area,Streetlights
Dangerous road condition,The road near petrol pump is in terrible condition. Accident happened yesterday.,dangerous road condition the road near petrol pump is in terrible condition accident happened yesterday,Roads
Playground dirty,Children's playground in Malleshwaram near bank branch is dirty. Glass pieces found.,playground dirty children s playground in malleshwaram near bank branch is dirty glass pieces found,Public Cleanliness
Drainage construction incomplete,Drainage construction in JP Nagar started 2 months ago but left incomplete. Causing flooding.,drainage construction incomplete drainage construction in jp nagar started 2 months ago but left incomplete causing flooding,Drainage
Garbage burning,People are burning garbage near railway crossing in Jubilee Hills. Toxic smoke everywhere.,garbage burning people are burning garbage near railway crossing in jubilee hills toxic smoke everywhere,Waste
Signal not working,Traffic signal at mosque junction not working since 3 days. Chaos at peak hours.,signal not working traffic signal at mosque junction not working since 3 days chaos at peak hours,Public Safety
Sweeping not done,Road sweeping not done in Dadar since a week. Leaves and dust everywhere.,sweeping not done road sweeping not done in dadar since a week leaves and dust everywhere,Public Cleanliness
Road cave-in,Part of the road in JP Nagar has caved in near the drainage. Very dangerous.,road cave in part of the road in jp nagar has caved in near the drainage very dangerous,Roads
Road flooded,Road near main bus stop gets flooded every time it rains. No proper drainage.,road flooded road near main bus stop gets flooded every time it rains no proper drainage,Roads
Ornamental light broken,Decorative streetlights on Main Street installed last year already broken.,ornamental light broken decorative streetlights on main street installed last year already broken,Streetlights
Road not repaired,Road in Powai has not been repaired since last year. Multiple complaints ignored.,road not repaired road in powai has not been repaired since last year multiple complaints ignored,Roads
Sewage treatment issue,Sewage treatment plant near Besant Nagar is not working properly. Untreated water released.,sewage treatment issue sewage treatment plant near besant nagar is not working properly untreated water released,Drainage
Anti-social elements,Anti-social elements gathering near fire station park after dark. Unsafe for families.,anti social elements anti social elements gathering near fire station park after dark unsafe for families,Public Safety
Tanker water not clean,Corporation tanker providing dirty water to Gachibowli. Found insects in it.,tanker water not clean corporation tanker providing dirty water to gachibowli found insects in it,Water
Borewell not working,Community borewell in Airoli is not working since last week. No repair done.,borewell not working community borewell in airoli is not working since last week no repair done,Water
Drain mosquitoes,Blocked drain near railway crossing breeding thousands of mosquitoes. Dengue risk.,drain mosquitoes blocked drain near railway crossing breeding thousands of mosquitoes dengue risk,Drainage
Drainage water stagnant,Stagnant drainage water near post office causing mosquito breeding.,drainage water stagnant stagnant drainage water near post office causing mosquito breeding,Drainage
Dangerous building,Building near post office in Goregaon looks like it will collapse. Please inspect.,dangerous building building near post office in goregaon looks like it will collapse please inspect,Public Safety
Spitting on walls,Paan spitting stains all over the bus stop near metro station. Disgusting.,spitting on walls paan spitting stains all over the bus stop near metro station disgusting,Public Cleanliness
Pothole on 80 Feet Road,There is a huge pothole on 80 Feet Road near main bus stop. Vehicles are getting damaged daily.,pothole on 80 feet road there is a huge pothole on 80 feet road near main bus stop vehicles are getting damaged daily,Roads
Public bench broken,Public benches near mosque are broken and dirty. Senior citizens can't sit.,public bench broken public benches near mosque are broken and dirty senior citizens can t sit,Public Cleanliness
Construction site unsafe,Construction site near fire station has no safety barricades. Open pit on road.,construction site unsafe construction site near fire station has no safety barricades open pit on road,Public Safety
Tar road peeling off,The newly tarred road on ECR is already peeling off. Waste of taxpayer money.,tar road peeling off the newly tarred road on ecr is already peeling off waste of taxpayer money,Roads
Footpath broken,Footpath near temple in Malad is broken. Pedestrians are walking on the road.,footpath broken footpath near temple in malad is broken pedestrians are walking on the road,Roads
Footpath light broken,Footpath lights near fire station are all broken. Seniors tripping at night.,footpath light broken footpath lights near fire station are all broken seniors tripping at night,Streetlights
Footpath broken,Footpath near flyover in Velachery is broken. Pedestrians are walking on the road.,footpath broken footpath near flyover in velachery is broken pedestrians are walking on the road,Roads
Water meter faulty,Water meter at my house in Powai is showing wrong readings. Bill is too high.,water meter faulty water meter at my house in powai is showing wrong readings bill is too high,Water
No traffic signal,No traffic signal at busy junction near bank branch. Major accidents happening.,no traffic signal no traffic signal at busy junction near bank branch major accidents happening,Public Safety
Drainage construction incomplete,Drainage construction in Dadar started 2 months ago but left incomplete. Causing flooding.,drainage construction incomplete drainage construction in dadar started 2 months ago but left incomplete causing flooding,Drainage
Pension delay,Old age pension for residents in Velachery delayed by 3 months. People suffering.,pension delay old age pension for residents in velachery delayed by 3 months people suffering,Other
Dilapidated structure,Old dilapidated structure near college gate may collapse during rains. Evacuate.,dilapidated structure old dilapidated structure near college gate may collapse during rains evacuate,Public Safety
Irregular water timing,"Water comes at irregular timings in HSR Layout. Sometimes 3 AM, sometimes not at all.",irregular water timing water comes at irregular timings in hsr layout sometimes 3 am sometimes not at all,Water
Drain mosquitoes,Blocked drain near fire station breeding thousands of mosquitoes. Dengue risk.,drain mosquitoes blocked drain near fire station breeding thousands of mosquitoes dengue risk,Drainage
Wiring exposed,Streetlight wiring near metro station is exposed. Electrocution risk in rain.,wiring exposed streetlight wiring near metro station is exposed electrocution risk in rain,Streetlights
Drain needs cleaning,Drain in Kukatpally has not been cleaned before monsoon. Will flood for sure.,drain needs cleaning drain in kukatpally has not been cleaned before monsoon will flood for sure,Drainage
Light on during daytime,Streetlights on GST Road are ON during daytime. Wasting electricity.,light on during daytime streetlights on gst road are on during daytime wasting electricity,Streetlights
Road name board missing,Road name board missing on Hosur Road near underpass. Delivery and ambulances confused.,road name board missing road name board missing on hosur road near underpass delivery and ambulances confused,Other
Tree about to fall,Big tree near college gate is leaning dangerously. Might fall on houses.,tree about to fall big tree near college gate is leaning dangerously might fall on houses,Public Safety
Defecation in open,Open defecation happening near church. Build public toilet there.,defecation in open open defecation happening near church build public toilet there,Public Cleanliness
Chemical smell,Strong chemical smell coming from factory near Besant Nagar. Health hazard for residents.,chemical smell strong chemical smell coming from factory near besant nagar health hazard for residents,Public Safety
No water supply,No water supply in Banjara Hills since 2 days. Tanker also not coming.,no water supply no water supply in banjara hills since 2 days tanker also not coming,Water
Garden overgrown,Public garden in Rajajinagar is overgrown with weeds. Snakes might come.,garden overgrown public garden in rajajinagar is overgrown with weeds snakes might come,Public Cleanliness
Wall collapse risk,Compound wall near park entrance in Powai has big cracks. May collapse on pedestrians.,wall collapse risk compound wall near park entrance in powai has big cracks may collapse on pedestrians,Public Safety
Defecation in open,Open defecation happening near church. Build public toilet there.,defecation in open open defecation happening near church build public toilet there,Public Cleanliness
Road not tarred,The road in Bandra sector has not been tarred for 5 years. Dust everywhere.,road not tarred the road in bandra sector has not been tarred for 5 years dust everywhere,Roads
Open drain dangerous,Open drain on NH 44 near Rajajinagar is very dangerous. Children might fall in.,open drain dangerous open drain on nh 44 near rajajinagar is very dangerous children might fall in,Drainage
Footpath light broken,Footpath lights near underpass are all broken. Seniors tripping at night.,footpath light broken footpath lights near underpass are all broken seniors tripping at night,Streetlights
Drain cover broken,Drain cover on 100 Feet Road near fire station is broken. Two-wheelers are stuck.,drain cover broken drain cover on 100 feet road near fire station is broken two wheelers are stuck,Drainage
Wall collapse risk,Compound wall near petrol pump in Goregaon has big cracks. May collapse on pedestrians.,wall collapse risk compound wall near petrol pump in goregaon has big cracks may collapse on pedestrians,Public Safety
Flickering streetlight,Streetlight near college gate is flickering continuously. Very annoying.,flickering streetlight streetlight near college gate is flickering continuously very annoying,Streetlights
Spitting on walls,Paan spitting stains all over the bus stop near community hall. Disgusting.,spitting on walls paan spitting stains all over the bus stop near community hall disgusting,Public Cleanliness
Wall collapse risk,Compound wall near post office in Porur has big cracks. May collapse on pedestrians.,wall collapse risk compound wall near post office in porur has big cracks may collapse on pedestrians,Public Safety
Speed breaker too high,Speed breaker near mosque in Adyar is too high. Vehicles are getting stuck.,speed breaker too high speed breaker near mosque in adyar is too high vehicles are getting stuck,Roads
Waste dumped in nala,People are dumping household waste into the nala near railway crossing. It is getting blocked.,waste dumped in nala people are dumping household waste into the nala near railway crossing it is getting blocked,Waste
LED light not bright,New LED streetlights in Sector 22 are not bright enough. Cannot see the road.,led light not bright new led streetlights in sector 22 are not bright enough cannot see the road,Streetlights
Overflow during monsoon,Drainage system in Banjara Hills overflows every monsoon. No permanent solution.,overflow during monsoon drainage system in banjara hills overflows every monsoon no permanent solution,Drainage
Public toilet dirty,Public toilet near community hall is extremely dirty. Nobody is cleaning it.,public toilet dirty public toilet near community hall is extremely dirty nobody is cleaning it,Public Cleanliness
Illegal dumping ground,Someone is illegally dumping construction waste near temple. Please investigate.,illegal dumping ground someone is illegally dumping construction waste near temple please investigate,Waste
Dustbin overflowing,The community dustbin near police station is overflowing. Stray dogs are spreading garbage.,dustbin overflowing the community dustbin near police station is overflowing stray dogs are spreading garbage,Waste
Road blocked by vendor,Road near hospital gate is blocked by illegal vendors. No space for traffic.,road blocked by vendor road near hospital gate is blocked by illegal vendors no space for traffic,Roads
Hawker nuisance,Hawkers blocking entire footpath near water tank in Banjara Hills. Can't walk.,hawker nuisance hawkers blocking entire footpath near water tank in banjara hills can t walk,Other
Garbage on footpath,Garbage bags left on footpath near government school. Pedestrians can't walk.,garbage on footpath garbage bags left on footpath near government school pedestrians can t walk,Waste
Food waste on street,Restaurant near church throwing food waste on street. Attracting rats.,food waste on street restaurant near church throwing food waste on street attracting rats,Public Cleanliness
Dangerous road condition,The road near petrol pump is in terrible condition. Accident happened yesterday.,dangerous road condition the road near petrol pump is in terrible condition accident happened yesterday,Roads
Waterlogged area mosquitoes,Waterlogged area near underpass breeding mosquitoes. Dengue cases increasing.,waterlogged area mosquitoes waterlogged area near underpass breeding mosquitoes dengue cases increasing,Public Safety
Graffiti on walls,Graffiti and posters defacing public walls near government school in Borivali.,graffiti on walls graffiti and posters defacing public walls near government school in borivali,Public Cleanliness
Garbage burning,People are burning garbage near hospital gate in Borivali. Toxic smoke everywhere.,garbage burning people are burning garbage near hospital gate in borivali toxic smoke everywhere,Waste
Pension delay,Old age pension for residents in Adyar delayed by 3 months. People suffering.,pension delay old age pension for residents in adyar delayed by 3 months people suffering,Other
Temple area dirty,Area around the temple near water tank is very dirty. Flowers and waste everywhere.,temple area dirty area around the temple near water tank is very dirty flowers and waste everywhere,Public Cleanliness
Noise pollution,Construction noise near flyover continues past 10 PM. Against rules.,noise pollution construction noise near flyover continues past 10 pm against rules,Other
Road damaged after rain,The road near underpass in Koramangala is completely broken after monsoon rains.,road damaged after rain the road near underpass in koramangala is completely broken after monsoon rains,Roads
Tanker water not clean,Corporation tanker providing dirty water to JP Nagar. Found insects in it.,tanker water not clean corporation tanker providing dirty water to jp nagar found insects in it,Water
Footpath dirty,Footpath near corporation office is covered in dirt and spit marks. Please clean.,footpath dirty footpath near corporation office is covered in dirt and spit marks please clean,Public Cleanliness
Open manhole,Open manhole on Bellary Road near college gate. Cover missing. Very dangerous.,open manhole open manhole on bellary road near college gate cover missing very dangerous,Public Safety
No drainage system,New layout in Powai has no proper drainage system. Rainwater stands for days.,no drainage system new layout in powai has no proper drainage system rainwater stands for days,Drainage
Garbage burning,People are burning garbage near railway crossing in Banjara Hills. Toxic smoke everywhere.,garbage burning people are burning garbage near railway crossing in banjara hills toxic smoke everywhere,Waste
Multiple lights out,5-6 streetlights on OMR near Airoli are all out. Entire area is dark.,multiple lights out 5 6 streetlights on omr near airoli are all out entire area is dark,Streetlights
Overhead tank overflow,Overhead tank in Dadar overflows every day. Automatic valve not working.,overhead tank overflow overhead tank in dadar overflows every day automatic valve not working,Water
Meat waste thrown,Meat shop waste thrown openly near church in Goregaon. Health hazard.,meat waste thrown meat shop waste thrown openly near church in goregaon health hazard,Waste
Building plan approval,Building plan approval at Ameerpet taking 8 months. No updates from office.,building plan approval building plan approval at ameerpet taking 8 months no updates from office,Other
Graffiti on walls,Graffiti and posters defacing public walls near railway crossing in Malleshwaram.,graffiti on walls graffiti and posters defacing public walls near railway crossing in malleshwaram,Public Cleanliness
Summer water crisis,Severe water shortage in Sector 45. Only getting supply once in 3 days.,summer water crisis severe water shortage in sector 45 only getting supply once in 3 days,Water
Streetlight cable stolen,Streetlight cables near hospital gate have been stolen. Lights not working.,streetlight cable stolen streetlight cables near hospital gate have been stolen lights not working,Streetlights
Transformer issue,Streetlight transformer near Anna Nagar has blown up. No lights in entire ward.,transformer issue streetlight transformer near anna nagar has blown up no lights in entire ward,Streetlights
Trade license renewal,Trade license renewal at Malleshwaram taking too long. Office sending us in circles.,trade license renewal trade license renewal at malleshwaram taking too long office sending us in circles,Other
Illegal parking,Illegal parking on Station Road blocking ambulance route near HSR Layout hospital.,illegal parking illegal parking on station road blocking ambulance route near hsr layout hospital,Public Safety
Water meter faulty,Water meter at my house in Gachibowli is showing wrong readings. Bill is too high.,water meter faulty water meter at my house in gachibowli is showing wrong readings bill is too high,Water
Sewer gas smell,Strong sewer gas smell coming from drains in Andheri. Making residents sick.,sewer gas smell strong sewer gas smell coming from drains in andheri making residents sick,Drainage
Railway station dirty,Area near Rajajinagar railway station is filthy. Needs deep cleaning.,railway station dirty area near rajajinagar railway station is filthy needs deep cleaning,Public Cleanliness
Noise pollution,Construction noise near market square continues past 10 PM. Against rules.,noise pollution construction noise near market square continues past 10 pm against rules,Other
Road blocked by vendor,Road near SBI ATM is blocked by illegal vendors. No space for traffic.,road blocked by vendor road near sbi atm is blocked by illegal vendors no space for traffic,Roads
Pipeline burst,Water pipeline burst on 100 Feet Road near government school. Road is flooded.,pipeline burst water pipeline burst on 100 feet road near government school road is flooded,Water
Transformer issue,Streetlight transformer near Besant Nagar has blown up. No lights in entire ward.,transformer issue streetlight transformer near besant nagar has blown up no lights in entire ward,Streetlights
Anti-social elements,Anti-social elements gathering near market square park after dark. Unsafe for families.,anti social elements anti social elements gathering near market square park after dark unsafe for families,Public Safety
Desilting not done,Desilting of drains in Whitefield before monsoon was not done. Now flooding.,desilting not done desilting of drains in whitefield before monsoon was not done now flooding,Drainage
Noise pollution,Construction noise near SBI ATM continues past 10 PM. Against rules.,noise pollution construction noise near sbi atm continues past 10 pm against rules,Other
Wiring exposed,Streetlight wiring near church is exposed. Electrocution risk in rain.,wiring exposed streetlight wiring near church is exposed electrocution risk in rain,Streetlights
Underground drainage blocked,Underground drainage in Ameerpet is blocked. Sewage coming up from manholes.,underground drainage blocked underground drainage in ameerpet is blocked sewage coming up from manholes,Drainage
Rusty pipeline,Water pipeline in Dadar is very old and rusty. Water comes brown colored.,rusty pipeline water pipeline in dadar is very old and rusty water comes brown colored,Water
Asphalt crumbling,The asphalt on Sarjapur Road near market square is crumbling. Bikes are slipping.,asphalt crumbling the asphalt on sarjapur road near market square is crumbling bikes are slipping,Roads
Pension delay,Old age pension for residents in Madhapur delayed by 3 months. People suffering.,pension delay old age pension for residents in madhapur delayed by 3 months people suffering,Other
Encroachment on drain,Drain near police station in Indiranagar is encroached. Water flow is blocked.,encroachment on drain drain near police station in indiranagar is encroached water flow is blocked,Drainage
Unauthorized banner,Unauthorized political banners on Ring Road near corporation office. Blocking visibility.,unauthorized banner unauthorized political banners on ring road near corporation office blocking visibility,Other
Illegal liquor shop,Illegal liquor shop operating near school in Jayanagar. Children are affected.,illegal liquor shop illegal liquor shop operating near school in jayanagar children are affected,Public Safety
Festival lights wiring,Temporary festival lighting wiring near flyover still hanging 2 months later.,festival lights wiring temporary festival lighting wiring near flyover still hanging 2 months later,Streetlights
Tree about to fall,Big tree near police station is leaning dangerously. Might fall on houses.,tree about to fall big tree near police station is leaning dangerously might fall on houses,Public Safety
Tax assessment wrong,Property tax assessment for house in JP Nagar near water tank is incorrect.,tax assessment wrong property tax assessment for house in jp nagar near water tank is incorrect,Other
Pothole on 100 Feet Road,There is a huge pothole on 100 Feet Road near SBI ATM. Vehicles are getting damaged daily.,pothole on 100 feet road there is a huge pothole on 100 feet road near sbi atm vehicles are getting damaged daily,Roads
Junction light needed,No streetlight at the junction of MG Road and Sector 22 road. Accidents happening.,junction light needed no streetlight at the junction of mg road and sector 22 road accidents happening,Streetlights
Gutter overflow,Gutter near junction circle in Bandra is overflowing. Dirty water entering shops.,gutter overflow gutter near junction circle in bandra is overflowing dirty water entering shops,Drainage
Footpath dirty,Footpath near park entrance is covered in dirt and spit marks. Please clean.,footpath dirty footpath near park entrance is covered in dirt and spit marks please clean,Public Cleanliness
Spitting on walls,Paan spitting stains all over the bus stop near temple. Disgusting.,spitting on walls paan spitting stains all over the bus stop near temple disgusting,Public Cleanliness
Waste pickers harassed,Waste pickers in Sector 45 are being harassed. They provide essential service.,waste pickers harassed waste pickers in sector 45 are being harassed they provide essential service,Waste
Ornamental light broken,Decorative streetlights on Ring Road installed last year already broken.,ornamental light broken decorative streetlights on ring road installed last year already broken,Streetlights
Overflow during monsoon,Drainage system in Besant Nagar overflows every monsoon. No permanent solution.,overflow during monsoon drainage system in besant nagar overflows every monsoon no permanent solution,Drainage
Underground drainage blocked,Underground drainage in Vashi is blocked. Sewage coming up from manholes.,underground drainage blocked underground drainage in vashi is blocked sewage coming up from manholes,Drainage
No pourakarmikas,Ward Porur has no pourakarmikas. Streets are filthy for a week now.,no pourakarmikas ward porur has no pourakarmikas streets are filthy for a week now,Waste
Monkey menace,Troop of aggressive monkeys in Gachibowli near main bus stop. Snatching food from people.,monkey menace troop of aggressive monkeys in gachibowli near main bus stop snatching food from people,Public Safety
Lighting in underpass,Underpass near police station has no lighting. Very scary to walk through.,lighting in underpass underpass near police station has no lighting very scary to walk through,Streetlights
Colony lights out,Streetlights in Andheri colony have not been working for a month. Total darkness.,colony lights out streetlights in andheri colony have not been working for a month total darkness,Streetlights
Spitting on walls,Paan spitting stains all over the bus stop near market square. Disgusting.,spitting on walls paan spitting stains all over the bus stop near market square disgusting,Public Cleanliness
Chemical smell,Strong chemical smell coming from factory near Dadar. Health hazard for residents.,chemical smell strong chemical smell coming from factory near dadar health hazard for residents,Public Safety
E-waste dumped,Electronic waste dumped openly near flyover. Hazardous for children playing nearby.,e waste dumped electronic waste dumped openly near flyover hazardous for children playing nearby,Waste
Footpath dirty,Footpath near community hall is covered in dirt and spit marks. Please clean.,footpath dirty footpath near community hall is covered in dirt and spit marks please clean,Public Cleanliness
Public bench broken,Public benches near SBI ATM are broken and dirty. Senior citizens can't sit.,public bench broken public benches near sbi atm are broken and dirty senior citizens can t sit,Public Cleanliness
Garbage on footpath,Garbage bags left on footpath near main bus stop. Pedestrians can't walk.,garbage on footpath garbage bags left on footpath near main bus stop pedestrians can t walk,Waste
Dilapidated structure,Old dilapidated structure near railway crossing may collapse during rains. Evacuate.,dilapidated structure old dilapidated structure near railway crossing may collapse during rains evacuate,Public Safety
Low water pressure,Very low water pressure in Powai. Water barely comes to the first floor.,low water pressure very low water pressure in powai water barely comes to the first floor,Water
Paver blocks missing,Paver blocks on footpath near post office are missing. Elderly people are tripping.,paver blocks missing paver blocks on footpath near post office are missing elderly people are tripping,Roads
Water tanker not coming,Requested water tanker for Goregaon 4 days ago. Still not delivered.,water tanker not coming requested water tanker for goregaon 4 days ago still not delivered,Water
Urination on walls,People are urinating on walls near flyover in Velachery. Paint anti-urination signs.,urination on walls people are urinating on walls near flyover in velachery paint anti urination signs,Public Cleanliness
Illegal dumping ground,Someone is illegally dumping construction waste near post office. Please investigate.,illegal dumping ground someone is illegally dumping construction waste near post office please investigate,Waste
Waterlogged area mosquitoes,Waterlogged area near railway crossing breeding mosquitoes. Dengue cases increasing.,waterlogged area mosquitoes waterlogged area near railway crossing breeding mosquitoes dengue cases increasing,Public Safety
Tree trimming needed,Trees on Link Road near corporation office need trimming. Branches touching power lines.,tree trimming needed trees on link road near corporation office need trimming branches touching power lines,Other
Borewell not working,Community borewell in Malleshwaram is not working since last week. No repair done.,borewell not working community borewell in malleshwaram is not working since last week no repair done,Water
Illegal water connection,Someone has taken illegal water connection near corporation office. Reducing our supply.,illegal water connection someone has taken illegal water connection near corporation office reducing our supply,Water
Graffiti on walls,Graffiti and posters defacing public walls near community hall in Indiranagar.,graffiti on walls graffiti and posters defacing public walls near community hall in indiranagar,Public Cleanliness
No waste segregation,Ward office in Bandra is not enforcing waste segregation. Everything is mixed.,no waste segregation ward office in bandra is not enforcing waste segregation everything is mixed,Waste
Construction site unsafe,Construction site near traffic signal has no safety barricades. Open pit on road.,construction site unsafe construction site near traffic signal has no safety barricades open pit on road,Public Safety
No waste segregation,Ward office in Rajajinagar is not enforcing waste segregation. Everything is mixed.,no waste segregation ward office in rajajinagar is not enforcing waste segregation everything is mixed,Waste
Hospital area unclean,Surroundings of Thane hospital are unclean. Not good for patients.,hospital area unclean surroundings of thane hospital are unclean not good for patients,Public Cleanliness
Religious site messy,Surroundings of the mosque near government school messy. Devotees complaining.,religious site messy surroundings of the mosque near government school messy devotees complaining,Public Cleanliness
Kachra not picked up,Kachra truck is not coming to our lane in Jubilee Hills. Very unhygienic conditions.,kachra not picked up kachra truck is not coming to our lane in jubilee hills very unhygienic conditions,Waste
Multiple lights out,5-6 streetlights on Ring Road near Malad are all out. Entire area is dark.,multiple lights out 5 6 streetlights on ring road near malad are all out entire area is dark,Streetlights
Tar road peeling off,The newly tarred road on Highway 48 is already peeling off. Waste of taxpayer money.,tar road peeling off the newly tarred road on highway 48 is already peeling off waste of taxpayer money,Roads
Road blocked by vendor,Road near petrol pump is blocked by illegal vendors. No space for traffic.,road blocked by vendor road near petrol pump is blocked by illegal vendors no space for traffic,Roads
Complete darkness,Entire stretch of Anna Salai has no working streetlights. Very unsafe at night.,complete darkness entire stretch of anna salai has no working streetlights very unsafe at night,Streetlights
Tax assessment wrong,Property tax assessment for house in Anna Nagar near temple is incorrect.,tax assessment wrong property tax assessment for house in anna nagar near temple is incorrect,Other
No traffic signal,No traffic signal at busy junction near water tank. Major accidents happening.,no traffic signal no traffic signal at busy junction near water tank major accidents happening,Public Safety
Gutter overflow,Gutter near market square in Ameerpet is overflowing. Dirty water entering shops.,gutter overflow gutter near market square in ameerpet is overflowing dirty water entering shops,Drainage
Market area filthy,The market area in Banjara Hills near post office is filthy. No cleaning by corporation.,market area filthy the market area in banjara hills near post office is filthy no cleaning by corporation,Public Cleanliness
Summer water crisis,Severe water shortage in Gachibowli. Only getting supply once in 3 days.,summer water crisis severe water shortage in gachibowli only getting supply once in 3 days,Water
Speed breaker too high,Speed breaker near market square in Dadar is too high. Vehicles are getting stuck.,speed breaker too high speed breaker near market square in dadar is too high vehicles are getting stuck,Roads
Road subsidence,Road near Kothrud is sinking gradually. Foundation seems weak.,road subsidence road near kothrud is sinking gradually foundation seems weak,Roads
Open pit on road,Open pit dug for cable work on 80 Feet Road near post office. No barricade around it.,open pit on road open pit dug for cable work on 80 feet road near post office no barricade around it,Public Safety
Low hanging wire,Streetlight wire hanging low near police station. Trucks are hitting it.,low hanging wire streetlight wire hanging low near police station trucks are hitting it,Streetlights
School area dirty,Area around the school in Jubilee Hills is dirty. Children playing in filth.,school area dirty area around the school in jubilee hills is dirty children playing in filth,Public Cleanliness
Streetlight pole fallen,Streetlight pole near SBI ATM has fallen down. Wires are exposed.,streetlight pole fallen streetlight pole near sbi atm has fallen down wires are exposed,Streetlights
Low water pressure,Very low water pressure in Borivali. Water barely comes to the first floor.,low water pressure very low water pressure in borivali water barely comes to the first floor,Water
Garbage on footpath,Garbage bags left on footpath near metro station. Pedestrians can't walk.,garbage on footpath garbage bags left on footpath near metro station pedestrians can t walk,Waste
Bore well contaminated,Bore well near post office is giving contaminated water. Tested positive for bacteria.,bore well contaminated bore well near post office is giving contaminated water tested positive for bacteria,Water
Property tax issue,Property tax notice for Dadar is incorrect. Showing wrong area measurement.,property tax issue property tax notice for dadar is incorrect showing wrong area measurement,Other
Bore well contaminated,Bore well near underpass is giving contaminated water. Tested positive for bacteria.,bore well contaminated bore well near underpass is giving contaminated water tested positive for bacteria,Water
Trade license renewal,Trade license renewal at Goregaon taking too long. Office sending us in circles.,trade license renewal trade license renewal at goregaon taking too long office sending us in circles,Other
Debris not cleared,Construction debris dumped on 80 Feet Road near college gate is not being cleared.,debris not cleared construction debris dumped on 80 feet road near college gate is not being cleared,Waste
Meat waste thrown,Meat shop waste thrown openly near junction circle in Banjara Hills. Health hazard.,meat waste thrown meat shop waste thrown openly near junction circle in banjara hills health hazard,Waste
Tree about to fall,Big tree near petrol pump is leaning dangerously. Might fall on houses.,tree about to fall big tree near petrol pump is leaning dangerously might fall on houses,Public Safety
High mast light broken,High mast light at bank branch junction is not working. Very dark area.,high mast light broken high mast light at bank branch junction is not working very dark area,Streetlights
Flickering streetlight,Streetlight near church is flickering continuously. Very annoying.,flickering streetlight streetlight near church is flickering continuously very annoying,Streetlights
Election booth issue,Voter ID correction at Vashi office is not being done. Multiple visits.,election booth issue voter id correction at vashi office is not being done multiple visits,Other
Water tank leaking,Overhead water tank near temple is leaking. Huge water wastage.,water tank leaking overhead water tank near temple is leaking huge water wastage,Water
Spitting on walls,Paan spitting stains all over the bus stop near SBI ATM. Disgusting.,spitting on walls paan spitting stains all over the bus stop near sbi atm disgusting,Public Cleanliness
Sewage line blocked,Sewage line in Hadapsar is blocked. Waste water is flowing on the street.,sewage line blocked sewage line in hadapsar is blocked waste water is flowing on the street,Drainage
Road junction dangerous,The junction at Main Street and Koramangala main road has no signals. Accidents daily.,road junction dangerous the junction at main street and koramangala main road has no signals accidents daily,Roads
Road not repaired,Road in Kothrud has not been repaired since last year. Multiple complaints ignored.,road not repaired road in kothrud has not been repaired since last year multiple complaints ignored,Roads
Drainage water stagnant,Stagnant drainage water near metro station causing mosquito breeding.,drainage water stagnant stagnant drainage water near metro station causing mosquito breeding,Drainage
Road flooded,Road near main bus stop gets flooded every time it rains. No proper drainage.,road flooded road near main bus stop gets flooded every time it rains no proper drainage,Roads
Election booth issue,Voter ID correction at Whitefield office is not being done. Multiple visits.,election booth issue voter id correction at whitefield office is not being done multiple visits,Other
Timer malfunctioning,Streetlight auto-timer in Andheri is malfunctioning. Lights go off at 10 PM.,timer malfunctioning streetlight auto timer in andheri is malfunctioning lights go off at 10 pm,Streetlights
Broken railing on bridge,Railing on the bridge near market square is broken. Someone can fall off.,broken railing on bridge railing on the bridge near market square is broken someone can fall off,Public Safety
Public Wi-Fi not working,Free public Wi-Fi near church has not been working since installation.,public wi fi not working free public wi fi near church has not been working since installation,Other
Ward office closed,Ward office in Airoli closed on working days. Officers not available.,ward office closed ward office in airoli closed on working days officers not available,Other
Pipeline burst,Water pipeline burst on Mount Road near market square. Road is flooded.,pipeline burst water pipeline burst on mount road near market square road is flooded,Water
Garbage vehicle broken,The garbage collection vehicle for Airoli is broken. No replacement provided.,garbage vehicle broken the garbage collection vehicle for airoli is broken no replacement provided,Waste
Uneven road surface,The road surface near water tank is very uneven and bumpy. Two-wheelers are skidding.,uneven road surface the road surface near water tank is very uneven and bumpy two wheelers are skidding,Roads
Unauthorized construction,Unauthorized construction happening near railway crossing. Building looks unsafe.,unauthorized construction unauthorized construction happening near railway crossing building looks unsafe,Public Safety
Public library closed,Public library near post office in Kukatpally has been closed for months.,public library closed public library near post office in kukatpally has been closed for months,Other
Footpath light broken,Footpath lights near park entrance are all broken. Seniors tripping at night.,footpath light broken footpath lights near park entrance are all broken seniors tripping at night,Streetlights
Road junction dangerous,The junction at Mount Road and BTM Layout main road has no signals. Accidents daily.,road junction dangerous the junction at mount road and btm layout main road has no signals accidents daily,Roads
Park light not working,Lights in the park near water tank are not working. Park unsafe after 6 PM.,park light not working lights in the park near water tank are not working park unsafe after 6 pm,Streetlights
Water supply timing short,Water supply timing reduced to 30 mins in Borivali. Not enough to fill tanks.,water supply timing short water supply timing reduced to 30 mins in borivali not enough to fill tanks,Water
Colony lights out,Streetlights in JP Nagar colony have not been working for a month. Total darkness.,colony lights out streetlights in jp nagar colony have not been working for a month total darkness,Streetlights
No traffic signal,No traffic signal at busy junction near junction circle. Major accidents happening.,no traffic signal no traffic signal at busy junction near junction circle major accidents happening,Public Safety
Hand pump rusted,Hand pump near market square is rusted and not giving water. Repair needed.,hand pump rusted hand pump near market square is rusted and not giving water repair needed,Water
Drainage pipe broken,Drainage pipe near flyover is broken. Sewage is flowing openly on road.,drainage pipe broken drainage pipe near flyover is broken sewage is flowing openly on road,Drainage
Storm drain clogged,Storm water drain near underpass is clogged with plastic waste. No flow.,storm drain clogged storm water drain near underpass is clogged with plastic waste no flow,Drainage
Illegal dumping ground,Someone is illegally dumping construction waste near temple. Please investigate.,illegal dumping ground someone is illegally dumping construction waste near temple please investigate,Waste
Underground drainage blocked,Underground drainage in Anna Nagar is blocked. Sewage coming up from manholes.,underground drainage blocked underground drainage in anna nagar is blocked sewage coming up from manholes,Drainage
Dilapidated structure,Old dilapidated structure near college gate may collapse during rains. Evacuate.,dilapidated structure old dilapidated structure near college gate may collapse during rains evacuate,Public Safety
Trade license renewal,Trade license renewal at Ameerpet taking too long. Office sending us in circles.,trade license renewal trade license renewal at ameerpet taking too long office sending us in circles,Other
Low hanging wire,Streetlight wire hanging low near bank branch. Trucks are hitting it.,low hanging wire streetlight wire hanging low near bank branch trucks are hitting it,Streetlights
Road not tarred,The road in Airoli sector has not been tarred for 5 years. Dust everywhere.,road not tarred the road in airoli sector has not been tarred for 5 years dust everywhere,Roads
Water bill dispute,Water bill for Sector 22 house shows 5000 liters. We barely use 1000. Meter issue.,water bill dispute water bill for sector 22 house shows 5000 liters we barely use 1000 meter issue,Water
High mast light broken,High mast light at traffic signal junction is not working. Very dark area.,high mast light broken high mast light at traffic signal junction is not working very dark area,Streetlights
Footpath light broken,Footpath lights near market square are all broken. Seniors tripping at night.,footpath light broken footpath lights near market square are all broken seniors tripping at night,Streetlights
Stray dog menace,Pack of aggressive stray dogs near corporation office in Borivali. Children are scared.,stray dog menace pack of aggressive stray dogs near corporation office in borivali children are scared,Public Safety
Public toilet dirty,Public toilet near metro station is extremely dirty. Nobody is cleaning it.,public toilet dirty public toilet near metro station is extremely dirty nobody is cleaning it,Public Cleanliness
Multiple lights out,5-6 streetlights on Outer Ring Road near Rajajinagar are all out. Entire area is dark.,multiple lights out 5 6 streetlights on outer ring road near rajajinagar are all out entire area is dark,Streetlights
Pond stinking,Pond near temple in Sector 45 stinks terribly. Green algae covering surface.,pond stinking pond near temple in sector 45 stinks terribly green algae covering surface,Public Cleanliness
LED light not bright,New LED streetlights in Goregaon are not bright enough. Cannot see the road.,led light not bright new led streetlights in goregaon are not bright enough cannot see the road,Streetlights
Underground drainage blocked,Underground drainage in Madhapur is blocked. Sewage coming up from manholes.,underground drainage blocked underground drainage in madhapur is blocked sewage coming up from manholes,Drainage
Drainage water stagnant,Stagnant drainage water near park entrance causing mosquito breeding.,drainage water stagnant stagnant drainage water near park entrance causing mosquito breeding,Drainage
Tanker water not clean,Corporation tanker providing dirty water to Bandra. Found insects in it.,tanker water not clean corporation tanker providing dirty water to bandra found insects in it,Water
Garbage truck timing,Garbage truck comes at 5 AM to Dadar. Most residents miss it. Change timing please.,garbage truck timing garbage truck comes at 5 am to dadar most residents miss it change timing please,Waste
Tar road peeling off,The newly tarred road on 80 Feet Road is already peeling off. Waste of taxpayer money.,tar road peeling off the newly tarred road on 80 feet road is already peeling off waste of taxpayer money,Roads
Borewell not working,Community borewell in Banjara Hills is not working since last week. No repair done.,borewell not working community borewell in banjara hills is not working since last week no repair done,Water
Wedding garbage,Marriage hall near gurudwara dumping all waste on the road. Not using bins.,wedding garbage marriage hall near gurudwara dumping all waste on the road not using bins,Waste
Asphalt crumbling,The asphalt on Old Airport Road near traffic signal is crumbling. Bikes are slipping.,asphalt crumbling the asphalt on old airport road near traffic signal is crumbling bikes are slipping,Roads
Wall collapse risk,Compound wall near hospital gate in Madhapur has big cracks. May collapse on pedestrians.,wall collapse risk compound wall near hospital gate in madhapur has big cracks may collapse on pedestrians,Public Safety
Fountain broken filthy,Public fountain near corporation office is broken and the stagnant water is filthy.,fountain broken filthy public fountain near corporation office is broken and the stagnant water is filthy,Public Cleanliness
Monkey menace,Troop of aggressive monkeys in Adyar near police station. Snatching food from people.,monkey menace troop of aggressive monkeys in adyar near police station snatching food from people,Public Safety
Construction site unsafe,Construction site near police station has no safety barricades. Open pit on road.,construction site unsafe construction site near police station has no safety barricades open pit on road,Public Safety
Overhead tank overflow,Overhead tank in Indiranagar overflows every day. Automatic valve not working.,overhead tank overflow overhead tank in indiranagar overflows every day automatic valve not working,Water
Speed breaker too high,Speed breaker near community hall in Sector 22 is too high. Vehicles are getting stuck.,speed breaker too high speed breaker near community hall in sector 22 is too high vehicles are getting stuck,Roads
Timer malfunctioning,Streetlight auto-timer in Jubilee Hills is malfunctioning. Lights go off at 10 PM.,timer malfunctioning streetlight auto timer in jubilee hills is malfunctioning lights go off at 10 pm,Streetlights
Chemical smell,Strong chemical smell coming from factory near Bandra. Health hazard for residents.,chemical smell strong chemical smell coming from factory near bandra health hazard for residents,Public Safety
Cemetery maintenance,Cemetery near Jayanagar is poorly maintained. Overgrown and neglected.,cemetery maintenance cemetery near jayanagar is poorly maintained overgrown and neglected,Other
No garbage bin in area,There is no public dustbin in Sector 22 near water tank. People are throwing garbage on road.,no garbage bin in area there is no public dustbin in sector 22 near water tank people are throwing garbage on road,Waste
Road not repaired,Road in Sector 22 has not been repaired since last year. Multiple complaints ignored.,road not repaired road in sector 22 has not been repaired since last year multiple complaints ignored,Roads
Storm drain clogged,Storm water drain near college gate is clogged with plastic waste. No flow.,storm drain clogged storm water drain near college gate is clogged with plastic waste no flow,Drainage
Government school building,Government school building in Sector 22 needs repair. Roof is leaking.,government school building government school building in sector 22 needs repair roof is leaking,Other
Garden overgrown,Public garden in Madhapur is overgrown with weeds. Snakes might come.,garden overgrown public garden in madhapur is overgrown with weeds snakes might come,Public Cleanliness
Light pole rusted,Streetlight pole near community hall is completely rusted. May fall anytime.,light pole rusted streetlight pole near community hall is completely rusted may fall anytime,Streetlights
Desilting not done,Desilting of drains in Vashi before monsoon was not done. Now flooding.,desilting not done desilting of drains in vashi before monsoon was not done now flooding,Drainage
Service road bad condition,Service road in Besant Nagar is worse than the village road. Please resurface.,service road bad condition service road in besant nagar is worse than the village road please resurface,Roads
Park light not working,Lights in the park near corporation office are not working. Park unsafe after 6 PM.,park light not working lights in the park near corporation office are not working park unsafe after 6 pm,Streetlights
Water meter faulty,Water meter at my house in Jubilee Hills is showing wrong readings. Bill is too high.,water meter faulty water meter at my house in jubilee hills is showing wrong readings bill is too high,Water
Drainage construction incomplete,Drainage construction in Indiranagar started 2 months ago but left incomplete. Causing flooding.,drainage construction incomplete drainage construction in indiranagar started 2 months ago but left incomplete causing flooding,Drainage
Canal debris,Debris in the canal near college gate blocking water flow during heavy rains.,canal debris debris in the canal near college gate blocking water flow during heavy rains,Drainage
Government school building,Government school building in Kothrud needs repair. Roof is leaking.,government school building government school building in kothrud needs repair roof is leaking,Other
Underground drainage blocked,Underground drainage in Vashi is blocked. Sewage coming up from manholes.,underground drainage blocked underground drainage in vashi is blocked sewage coming up from manholes,Drainage
Low water pressure,Very low water pressure in Dadar. Water barely comes to the first floor.,low water pressure very low water pressure in dadar water barely comes to the first floor,Water
Construction site unsafe,Construction site near underpass has no safety barricades. Open pit on road.,construction site unsafe construction site near underpass has no safety barricades open pit on road,Public Safety
Flickering streetlight,Streetlight near underpass is flickering continuously. Very annoying.,flickering streetlight streetlight near underpass is flickering continuously very annoying,Streetlights
Nala overflowing,Nala near bank branch is overflowing during rains. Houses are getting flooded.,nala overflowing nala near bank branch is overflowing during rains houses are getting flooded,Drainage
Dangerous road condition,The road near main bus stop is in terrible condition. Accident happened yesterday.,dangerous road condition the road near main bus stop is in terrible condition accident happened yesterday,Roads
Contaminated water,The water supply in Madhapur is yellowish and smells bad. Not safe for drinking.,contaminated water the water supply in madhapur is yellowish and smells bad not safe for drinking,Water
Mosquito fogging needed,Dengue cases rising in Jayanagar. Need fogging operation near college gate.,mosquito fogging needed dengue cases rising in jayanagar need fogging operation near college gate,Other
Lighting in underpass,Underpass near SBI ATM has no lighting. Very scary to walk through.,lighting in underpass underpass near sbi atm has no lighting very scary to walk through,Streetlights
Drain blocked,The drain near government school in Madhapur is completely blocked. Water is overflowing on road.,drain blocked the drain near government school in madhapur is completely blocked water is overflowing on road,Drainage
Road name board missing,Road name board missing on Bellary Road near underpass. Delivery and ambulances confused.,road name board missing road name board missing on bellary road near underpass delivery and ambulances confused,Other
Road flooded,Road near government school gets flooded every time it rains. No proper drainage.,road flooded road near government school gets flooded every time it rains no proper drainage,Roads
LED light not bright,New LED streetlights in Borivali are not bright enough. Cannot see the road.,led light not bright new led streetlights in borivali are not bright enough cannot see the road,Streetlights
Lake polluted,Lake near flyover in Gachibowli is highly polluted. Foam forming on surface.,lake polluted lake near flyover in gachibowli is highly polluted foam forming on surface,Public Cleanliness
Mosquito fogging needed,Dengue cases rising in Thane. Need fogging operation near bank branch.,mosquito fogging needed dengue cases rising in thane need fogging operation near bank branch,Other
Rainwater harvesting pit blocked,RWH pit in JP Nagar is blocked and overflowing. Needs cleaning.,rainwater harvesting pit blocked rwh pit in jp nagar is blocked and overflowing needs cleaning,Drainage
Pipeline burst,Water pipeline burst on Bellary Road near petrol pump. Road is flooded.,pipeline burst water pipeline burst on bellary road near petrol pump road is flooded,Water
Road damaged after rain,The road near park entrance in Sector 45 is completely broken after monsoon rains.,road damaged after rain the road near park entrance in sector 45 is completely broken after monsoon rains,Roads
Wedding garbage,Marriage hall near water tank dumping all waste on the road. Not using bins.,wedding garbage marriage hall near water tank dumping all waste on the road not using bins,Waste
Waste dumped in nala,People are dumping household waste into the nala near police station. It is getting blocked.,waste dumped in nala people are dumping household waste into the nala near police station it is getting blocked,Waste
Fire hazard,Illegal storage of gas cylinders near government school in Ameerpet. Major fire hazard.,fire hazard illegal storage of gas cylinders near government school in ameerpet major fire hazard,Public Safety
Drain cover broken,Drain cover on Outer Ring Road near hospital gate is broken. Two-wheelers are stuck.,drain cover broken drain cover on outer ring road near hospital gate is broken two wheelers are stuck,Drainage
Food waste on street,Restaurant near government school throwing food waste on street. Attracting rats.,food waste on street restaurant near government school throwing food waste on street attracting rats,Public Cleanliness
Hawker nuisance,Hawkers blocking entire footpath near flyover in Kothrud. Can't walk.,hawker nuisance hawkers blocking entire footpath near flyover in kothrud can t walk,Other
Drain cover broken,Drain cover on Main Street near college gate is broken. Two-wheelers are stuck.,drain cover broken drain cover on main street near college gate is broken two wheelers are stuck,Drainage
LED light not bright,New LED streetlights in Porur are not bright enough. Cannot see the road.,led light not bright new led streetlights in porur are not bright enough cannot see the road,Streetlights
Median missing on highway,Median strip on ECR near Madhapur is missing for 200 meters. Head-on collision risk.,median missing on highway median strip on ecr near madhapur is missing for 200 meters head on collision risk,Roads
High mast light broken,High mast light at underpass junction is not working. Very dark area.,high mast light broken high mast light at underpass junction is not working very dark area,Streetlights
Defecation in open,Open defecation happening near mosque. Build public toilet there.,defecation in open open defecation happening near mosque build public toilet there,Public Cleanliness
E-waste dumped,Electronic waste dumped openly near park entrance. Hazardous for children playing nearby.,e waste dumped electronic waste dumped openly near park entrance hazardous for children playing nearby,Waste
No pourakarmikas,Ward T Nagar has no pourakarmikas. Streets are filthy for a week now.,no pourakarmikas ward t nagar has no pourakarmikas streets are filthy for a week now,Waste
Ward office closed,Ward office in Powai closed on working days. Officers not available.,ward office closed ward office in powai closed on working days officers not available,Other
No traffic signal,No traffic signal at busy junction near church. Major accidents happening.,no traffic signal no traffic signal at busy junction near church major accidents happening,Public Safety
RO plant not working,Community RO plant in Vashi is not working. Parts need replacement.,ro plant not working community ro plant in vashi is not working parts need replacement,Water
Dangerous building,Building near flyover in Anna Nagar looks like it will collapse. Please inspect.,dangerous building building near flyover in anna nagar looks like it will collapse please inspect,Public Safety
Drain mosquitoes,Blocked drain near metro station breeding thousands of mosquitoes. Dengue risk.,drain mosquitoes blocked drain near metro station breeding thousands of mosquitoes dengue risk,Drainage
Trade license renewal,Trade license renewal at Vashi taking too long. Office sending us in circles.,trade license renewal trade license renewal at vashi taking too long office sending us in circles,Other
Canal debris,Debris in the canal near flyover blocking water flow during heavy rains.,canal debris debris in the canal near flyover blocking water flow during heavy rains,Drainage
School area dirty,Area around the school in Airoli is dirty. Children playing in filth.,school area dirty area around the school in airoli is dirty children playing in filth,Public Cleanliness
Death certificate delay,Death certificate from JP Nagar ward office delayed by 45 days. Need for bank work.,death certificate delay death certificate from jp nagar ward office delayed by 45 days need for bank work,Other
Water tanker not coming,Requested water tanker for JP Nagar 4 days ago. Still not delivered.,water tanker not coming requested water tanker for jp nagar 4 days ago still not delivered,Water
Broken road divider,Road divider on Service Road is broken and causing accidents. Please fix urgently.,broken road divider road divider on service road is broken and causing accidents please fix urgently,Roads
Waste pickers harassed,Waste pickers in Thane are being harassed. They provide essential service.,waste pickers harassed waste pickers in thane are being harassed they provide essential service,Waste
Trade license renewal,Trade license renewal at Adyar taking too long. Office sending us in circles.,trade license renewal trade license renewal at adyar taking too long office sending us in circles,Other
Garbage vehicle broken,The garbage collection vehicle for Sector 45 is broken. No replacement provided.,garbage vehicle broken the garbage collection vehicle for sector 45 is broken no replacement provided,Waste
Water pipeline leak,Major water pipeline leak near temple in BTM Layout. Water is wasting for days.,water pipeline leak major water pipeline leak near temple in btm layout water is wasting for days,Water
Water tank leaking,Overhead water tank near flyover is leaking. Huge water wastage.,water tank leaking overhead water tank near flyover is leaking huge water wastage,Water
Dustbin overflowing,The community dustbin near police station is overflowing. Stray dogs are spreading garbage.,dustbin overflowing the community dustbin near police station is overflowing stray dogs are spreading garbage,Waste
Streetlight cable stolen,Streetlight cables near traffic signal have been stolen. Lights not working.,streetlight cable stolen streetlight cables near traffic signal have been stolen lights not working,Streetlights
Birth certificate delay,Applied for birth certificate at Besant Nagar ward office 2 months ago. Not received.,birth certificate delay applied for birth certificate at besant nagar ward office 2 months ago not received,Other
Dangerous building,Building near church in Whitefield looks like it will collapse. Please inspect.,dangerous building building near church in whitefield looks like it will collapse please inspect,Public Safety
Road name board missing,Road name board missing on Bannerghatta Road near community hall. Delivery and ambulances confused.,road name board missing road name board missing on bannerghatta road near community hall delivery and ambulances confused,Other
Road flooded,Road near government school gets flooded every time it rains. No proper drainage.,road flooded road near government school gets flooded every time it rains no proper drainage,Roads
Dangerous building,Building near gurudwara in Porur looks like it will collapse. Please inspect.,dangerous building building near gurudwara in porur looks like it will collapse please inspect,Public Safety
Fire hazard,Illegal storage of gas cylinders near church in Madhapur. Major fire hazard.,fire hazard illegal storage of gas cylinders near church in madhapur major fire hazard,Public Safety
Abandoned vehicle,Abandoned vehicle parked near traffic signal for 3 months. Could be used for crime.,abandoned vehicle abandoned vehicle parked near traffic signal for 3 months could be used for crime,Public Safety
Encroachment on drain,Drain near church in Malad is encroached. Water flow is blocked.,encroachment on drain drain near church in malad is encroached water flow is blocked,Drainage
Park bench repair,Bench in the park near temple is broken. Seniors have nowhere to sit.,park bench repair bench in the park near temple is broken seniors have nowhere to sit,Other
Festival lights wiring,Temporary festival lighting wiring near church still hanging 2 months later.,festival lights wiring temporary festival lighting wiring near church still hanging 2 months later,Streetlights
Median missing on highway,Median strip on OMR near Vashi is missing for 200 meters. Head-on collision risk.,median missing on highway median strip on omr near vashi is missing for 200 meters head on collision risk,Roads
Construction site unsafe,Construction site near water tank has no safety barricades. Open pit on road.,construction site unsafe construction site near water tank has no safety barricades open pit on road,Public Safety
Religious site messy,Surroundings of the mosque near fire station messy. Devotees complaining.,religious site messy surroundings of the mosque near fire station messy devotees complaining,Public Cleanliness
Tax assessment wrong,Property tax assessment for house in Bandra near post office is incorrect.,tax assessment wrong property tax assessment for house in bandra near post office is incorrect,Other
Nala encroachment,Illegal encroachment on drainage nala near Adyar. Water cannot flow.,nala encroachment illegal encroachment on drainage nala near adyar water cannot flow,Drainage
Public tap broken,Public water tap near corporation office in Dadar is broken. Water flowing non-stop.,public tap broken public water tap near corporation office in dadar is broken water flowing non stop,Water
Encroachment on drain,Drain near market square in Vashi is encroached. Water flow is blocked.,encroachment on drain drain near market square in vashi is encroached water flow is blocked,Drainage
Railway station dirty,Area near JP Nagar railway station is filthy. Needs deep cleaning.,railway station dirty area near jp nagar railway station is filthy needs deep cleaning,Public Cleanliness
Sewer water mixing,Sewer water mixing with drinking water pipeline in Indiranagar. People are falling sick.,sewer water mixing sewer water mixing with drinking water pipeline in indiranagar people are falling sick,Water
Summer water crisis,Severe water shortage in Vashi. Only getting supply once in 3 days.,summer water crisis severe water shortage in vashi only getting supply once in 3 days,Water
Road accident prone,The stretch of Station Road near water tank is accident prone. Need speed breakers.,road accident prone the stretch of station road near water tank is accident prone need speed breakers,Public Safety
Monkey menace,Troop of aggressive monkeys in JP Nagar near college gate. Snatching food from people.,monkey menace troop of aggressive monkeys in jp nagar near college gate snatching food from people,Public Safety
Streetlight not working,Streetlight near temple in BTM Layout is not working since a week.,streetlight not working streetlight near temple in btm layout is not working since a week,Streetlights
RO plant not working,Community RO plant in Velachery is not working. Parts need replacement.,ro plant not working community ro plant in velachery is not working parts need replacement,Water
Manhole cover missing,Manhole cover missing near water tank. A bike rider fell into it yesterday.,manhole cover missing manhole cover missing near water tank a bike rider fell into it yesterday,Drainage
Hawker nuisance,Hawkers blocking entire footpath near government school in Velachery. Can't walk.,hawker nuisance hawkers blocking entire footpath near government school in velachery can t walk,Other
Community hall booking,Community hall near church booking system is not working. Need for function.,community hall booking community hall near church booking system is not working need for function,Other
Illegal parking,Illegal parking on 80 Feet Road blocking ambulance route near Bandra hospital.,illegal parking illegal parking on 80 feet road blocking ambulance route near bandra hospital,Public Safety
Nala encroachment,Illegal encroachment on drainage nala near Ameerpet. Water cannot flow.,nala encroachment illegal encroachment on drainage nala near ameerpet water cannot flow,Drainage
Dangerous road condition,The road near college gate is in terrible condition. Accident happened yesterday.,dangerous road condition the road near college gate is in terrible condition accident happened yesterday,Roads
Desilting not done,Desilting of drains in Malad before monsoon was not done. Now flooding.,desilting not done desilting of drains in malad before monsoon was not done now flooding,Drainage
Snake spotted,Snakes frequently spotted near park entrance in Sector 22. Due to overgrown bushes.,snake spotted snakes frequently spotted near park entrance in sector 22 due to overgrown bushes,Public Safety
Flickering streetlight,Streetlight near church is flickering continuously. Very annoying.,flickering streetlight streetlight near church is flickering continuously very annoying,Streetlights
Dangerous road condition,The road near junction circle is in terrible condition. Accident happened yesterday.,dangerous road condition the road near junction circle is in terrible condition accident happened yesterday,Roads
Storm drain clogged,Storm water drain near petrol pump is clogged with plastic waste. No flow.,storm drain clogged storm water drain near petrol pump is clogged with plastic waste no flow,Drainage
Tree trimming needed,Trees on Service Road near traffic signal need trimming. Branches touching power lines.,tree trimming needed trees on service road near traffic signal need trimming branches touching power lines,Other
Manhole cover missing,Manhole cover missing near bank branch. A bike rider fell into it yesterday.,manhole cover missing manhole cover missing near bank branch a bike rider fell into it yesterday,Drainage
Garbage on footpath,Garbage bags left on footpath near metro station. Pedestrians can't walk.,garbage on footpath garbage bags left on footpath near metro station pedestrians can t walk,Waste
Garbage truck timing,Garbage truck comes at 5 AM to JP Nagar. Most residents miss it. Change timing please.,garbage truck timing garbage truck comes at 5 am to jp nagar most residents miss it change timing please,Waste
Sewage line blocked,Sewage line in Whitefield is blocked. Waste water is flowing on the street.,sewage line blocked sewage line in whitefield is blocked waste water is flowing on the street,Drainage
Low hanging wire,Streetlight wire hanging low near government school. Trucks are hitting it.,low hanging wire streetlight wire hanging low near government school trucks are hitting it,Streetlights
Streetlight pole fallen,Streetlight pole near community hall has fallen down. Wires are exposed.,streetlight pole fallen streetlight pole near community hall has fallen down wires are exposed,Streetlights
Wiring exposed,Streetlight wiring near college gate is exposed. Electrocution risk in rain.,wiring exposed streetlight wiring near college gate is exposed electrocution risk in rain,Streetlights
Cracks on main road,Major cracks have appeared on 80 Feet Road near Porur. Very dangerous for traffic.,cracks on main road major cracks have appeared on 80 feet road near porur very dangerous for traffic,Roads
Marketplace after hours,Marketplace near park entrance a mess after business hours. No cleanup crew.,marketplace after hours marketplace near park entrance a mess after business hours no cleanup crew,Public Cleanliness
Junction light needed,No streetlight at the junction of Link Road and Malleshwaram road. Accidents happening.,junction light needed no streetlight at the junction of link road and malleshwaram road accidents happening,Streetlights
Timer malfunctioning,Streetlight auto-timer in Thane is malfunctioning. Lights go off at 10 PM.,timer malfunctioning streetlight auto timer in thane is malfunctioning lights go off at 10 pm,Streetlights
Drain mosquitoes,Blocked drain near temple breeding thousands of mosquitoes. Dengue risk.,drain mosquitoes blocked drain near temple breeding thousands of mosquitoes dengue risk,Drainage
Tax assessment wrong,Property tax assessment for house in Whitefield near SBI ATM is incorrect.,tax assessment wrong property tax assessment for house in whitefield near sbi atm is incorrect,Other
Pothole on Ring Road,There is a huge pothole on Ring Road near main bus stop. Vehicles are getting damaged daily.,pothole on ring road there is a huge pothole on ring road near main bus stop vehicles are getting damaged daily,Roads
Open manhole,Open manhole on Bellary Road near fire station. Cover missing. Very dangerous.,open manhole open manhole on bellary road near fire station cover missing very dangerous,Public Safety
Garden overgrown,Public garden in Anna Nagar is overgrown with weeds. Snakes might come.,garden overgrown public garden in anna nagar is overgrown with weeds snakes might come,Public Cleanliness
E-waste dumped,Electronic waste dumped openly near market square. Hazardous for children playing nearby.,e waste dumped electronic waste dumped openly near market square hazardous for children playing nearby,Waste
Bus stop dirty,Bus stop near gurudwara in Powai has not been cleaned in weeks.,bus stop dirty bus stop near gurudwara in powai has not been cleaned in weeks,Public Cleanliness
Playground equipment,Playground equipment in HSR Layout park is rusted and unsafe for children.,playground equipment playground equipment in hsr layout park is rusted and unsafe for children,Other
Borewell not working,Community borewell in Powai is not working since last week. No repair done.,borewell not working community borewell in powai is not working since last week no repair done,Water
Open manhole,Open manhole on 80 Feet Road near metro station. Cover missing. Very dangerous.,open manhole open manhole on 80 feet road near metro station cover missing very dangerous,Public Safety
Broken railing on bridge,Railing on the bridge near junction circle is broken. Someone can fall off.,broken railing on bridge railing on the bridge near junction circle is broken someone can fall off,Public Safety
New streetlight needed,No streetlight in Velachery sector. Women and elderly feel unsafe at night.,new streetlight needed no streetlight in velachery sector women and elderly feel unsafe at night,Streetlights
Government school building,Government school building in Jubilee Hills needs repair. Roof is leaking.,government school building government school building in jubilee hills needs repair roof is leaking,Other
Bio-medical waste,Bio-medical waste found near hospital gate in Sector 45. Very dangerous for public health.,bio medical waste bio medical waste found near hospital gate in sector 45 very dangerous for public health,Waste
Public area stinking,Area around SBI ATM stinks due to poor cleanliness. Visitors are complaining.,public area stinking area around sbi atm stinks due to poor cleanliness visitors are complaining,Public Cleanliness
Plastic waste everywhere,Plastic waste is scattered all over Banjara Hills near main bus stop. Looks terrible.,plastic waste everywhere plastic waste is scattered all over banjara hills near main bus stop looks terrible,Waste
Road blocked by vendor,Road near metro station is blocked by illegal vendors. No space for traffic.,road blocked by vendor road near metro station is blocked by illegal vendors no space for traffic,Roads
Illegal parking,Illegal parking on Bannerghatta Road blocking ambulance route near Malleshwaram hospital.,illegal parking illegal parking on bannerghatta road blocking ambulance route near malleshwaram hospital,Public Safety
Urination on walls,People are urinating on walls near metro station in Sector 22. Paint anti-urination signs.,urination on walls people are urinating on walls near metro station in sector 22 paint anti urination signs,Public Cleanliness
Water bill dispute,Water bill for Jayanagar house shows 5000 liters. We barely use 1000. Meter issue.,water bill dispute water bill for jayanagar house shows 5000 liters we barely use 1000 meter issue,Water
Construction debris on road,Road near underpass is blocked with construction debris. No one is clearing it.,construction debris on road road near underpass is blocked with construction debris no one is clearing it,Roads
Park not maintained,"The park near junction circle in Jubilee Hills is not maintained. Grass overgrown, paths dirty.",park not maintained the park near junction circle in jubilee hills is not maintained grass overgrown paths dirty,Public Cleanliness
Sewer gas smell,Strong sewer gas smell coming from drains in Koramangala. Making residents sick.,sewer gas smell strong sewer gas smell coming from drains in koramangala making residents sick,Drainage
New streetlight needed,No streetlight in HSR Layout sector. Women and elderly feel unsafe at night.,new streetlight needed no streetlight in hsr layout sector women and elderly feel unsafe at night,Streetlights
Monkey menace,Troop of aggressive monkeys in Kukatpally near flyover. Snatching food from people.,monkey menace troop of aggressive monkeys in kukatpally near flyover snatching food from people,Public Safety
Anti-social elements,Anti-social elements gathering near temple park after dark. Unsafe for families.,anti social elements anti social elements gathering near temple park after dark unsafe for families,Public Safety
No water connection,Applied for water connection in Sector 22 6 months ago. Still not provided.,no water connection applied for water connection in sector 22 6 months ago still not provided,Water
Lighting in underpass,Underpass near gurudwara has no lighting. Very scary to walk through.,lighting in underpass underpass near gurudwara has no lighting very scary to walk through,Streetlights
Sewage line blocked,Sewage line in Bandra is blocked. Waste water is flowing on the street.,sewage line blocked sewage line in bandra is blocked waste water is flowing on the street,Drainage
Wedding garbage,Marriage hall near police station dumping all waste on the road. Not using bins.,wedding garbage marriage hall near police station dumping all waste on the road not using bins,Waste
Bore well contaminated,Bore well near SBI ATM is giving contaminated water. Tested positive for bacteria.,bore well contaminated bore well near sbi atm is giving contaminated water tested positive for bacteria,Water
Composting pit overflowing,Community composting pit in Borivali is overflowing and attracting flies.,composting pit overflowing community composting pit in borivali is overflowing and attracting flies,Waste
Broken road divider,Road divider on Main Street is broken and causing accidents. Please fix urgently.,broken road divider road divider on main street is broken and causing accidents please fix urgently,Roads
Septic tank overflow,Community septic tank in Malleshwaram is overflowing. The stench is terrible.,septic tank overflow community septic tank in malleshwaram is overflowing the stench is terrible,Drainage
Road not repaired,Road in Velachery has not been repaired since last year. Multiple complaints ignored.,road not repaired road in velachery has not been repaired since last year multiple complaints ignored,Roads
Solar streetlight broken,Solar streetlight installed in JP Nagar is not working. Battery issue maybe.,solar streetlight broken solar streetlight installed in jp nagar is not working battery issue maybe,Streetlights
Flickering streetlight,Streetlight near fire station is flickering continuously. Very annoying.,flickering streetlight streetlight near fire station is flickering continuously very annoying,Streetlights
Park bench repair,Bench in the park near park entrance is broken. Seniors have nowhere to sit.,park bench repair bench in the park near park entrance is broken seniors have nowhere to sit,Other
No water supply,No water supply in Vashi since 2 days. Tanker also not coming.,no water supply no water supply in vashi since 2 days tanker also not coming,Water
Transformer issue,Streetlight transformer near Indiranagar has blown up. No lights in entire ward.,transformer issue streetlight transformer near indiranagar has blown up no lights in entire ward,Streetlights
Rusty pipeline,Water pipeline in Bandra is very old and rusty. Water comes brown colored.,rusty pipeline water pipeline in bandra is very old and rusty water comes brown colored,Water
Rainwater harvesting pit blocked,RWH pit in Hadapsar is blocked and overflowing. Needs cleaning.,rainwater harvesting pit blocked rwh pit in hadapsar is blocked and overflowing needs cleaning,Drainage
Unauthorized construction,Unauthorized construction happening near SBI ATM. Building looks unsafe.,unauthorized construction unauthorized construction happening near sbi atm building looks unsafe,Public Safety
Waterlogged area mosquitoes,Waterlogged area near main bus stop breeding mosquitoes. Dengue cases increasing.,waterlogged area mosquitoes waterlogged area near main bus stop breeding mosquitoes dengue cases increasing,Public Safety
Dead animal not removed,Dead animal lying on Old Airport Road near Sector 45 since 2 days. Nobody is removing it.,dead animal not removed dead animal lying on old airport road near sector 45 since 2 days nobody is removing it,Waste
Loose electric pole,Electric pole on Sarjapur Road near police station is tilting. Heavy winds may topple it.,loose electric pole electric pole on sarjapur road near police station is tilting heavy winds may topple it,Public Safety
Nala encroachment,Illegal encroachment on drainage nala near JP Nagar. Water cannot flow.,nala encroachment illegal encroachment on drainage nala near jp nagar water cannot flow,Drainage
Water supply timing short,Water supply timing reduced to 30 mins in Velachery. Not enough to fill tanks.,water supply timing short water supply timing reduced to 30 mins in velachery not enough to fill tanks,Water
Median missing on highway,Median strip on Highway 48 near Malad is missing for 200 meters. Head-on collision risk.,median missing on highway median strip on highway 48 near malad is missing for 200 meters head on collision risk,Roads
Ornamental light broken,Decorative streetlights on NH 44 installed last year already broken.,ornamental light broken decorative streetlights on nh 44 installed last year already broken,Streetlights
LED light not bright,New LED streetlights in Koramangala are not bright enough. Cannot see the road.,led light not bright new led streetlights in koramangala are not bright enough cannot see the road,Streetlights
Sewage overflow,Sewage is overflowing on Bannerghatta Road in Velachery. Unbearable smell and health hazard.,sewage overflow sewage is overflowing on bannerghatta road in velachery unbearable smell and health hazard,Drainage
Septic tank overflow,Community septic tank in Kothrud is overflowing. The stench is terrible.,septic tank overflow community septic tank in kothrud is overflowing the stench is terrible,Drainage
Water bill dispute,Water bill for Ameerpet house shows 5000 liters. We barely use 1000. Meter issue.,water bill dispute water bill for ameerpet house shows 5000 liters we barely use 1000 meter issue,Water
Mosquito fogging needed,Dengue cases rising in Thane. Need fogging operation near community hall.,mosquito fogging needed dengue cases rising in thane need fogging operation near community hall,Other
Broken road divider,Road divider on Outer Ring Road is broken and causing accidents. Please fix urgently.,broken road divider road divider on outer ring road is broken and causing accidents please fix urgently,Roads
No road marking,No road markings or lane dividers on Anna Salai. Very confusing for drivers.,no road marking no road markings or lane dividers on anna salai very confusing for drivers,Roads
Ration card problem,Ration card issue at Malleshwaram. Wrong name printed on new card.,ration card problem ration card issue at malleshwaram wrong name printed on new card,Other
Transformer issue,Streetlight transformer near Rajajinagar has blown up. No lights in entire ward.,transformer issue streetlight transformer near rajajinagar has blown up no lights in entire ward,Streetlights
Light pole rusted,Streetlight pole near hospital gate is completely rusted. May fall anytime.,light pole rusted streetlight pole near hospital gate is completely rusted may fall anytime,Streetlights
Ration card problem,Ration card issue at Powai. Wrong name printed on new card.,ration card problem ration card issue at powai wrong name printed on new card,Other
Service road bad condition,Service road in Sector 22 is worse than the village road. Please resurface.,service road bad condition service road in sector 22 is worse than the village road please resurface,Roads
Road accident prone,The stretch of Sarjapur Road near park entrance is accident prone. Need speed breakers.,road accident prone the stretch of sarjapur road near park entrance is accident prone need speed breakers,Public Safety
Festival lights wiring,Temporary festival lighting wiring near flyover still hanging 2 months later.,festival lights wiring temporary festival lighting wiring near flyover still hanging 2 months later,Streetlights
Ward office closed,Ward office in Gachibowli closed on working days. Officers not available.,ward office closed ward office in gachibowli closed on working days officers not available,Other
Public event mess,"After the public event near police station, the area is completely trashed.",public event mess after the public event near police station the area is completely trashed,Public Cleanliness
Drain blocked,The drain near police station in Velachery is completely blocked. Water is overflowing on road.,drain blocked the drain near police station in velachery is completely blocked water is overflowing on road,Drainage
Asphalt crumbling,The asphalt on Station Road near main bus stop is crumbling. Bikes are slipping.,asphalt crumbling the asphalt on station road near main bus stop is crumbling bikes are slipping,Roads
Garbage smell unbearable,The garbage dump near hospital gate is producing unbearable smell. Cannot open windows.,garbage smell unbearable the garbage dump near hospital gate is producing unbearable smell cannot open windows,Waste
Pipeline burst,Water pipeline burst on 80 Feet Road near SBI ATM. Road is flooded.,pipeline burst water pipeline burst on 80 feet road near sbi atm road is flooded,Water
Marketplace after hours,Marketplace near SBI ATM a mess after business hours. No cleanup crew.,marketplace after hours marketplace near sbi atm a mess after business hours no cleanup crew,Public Cleanliness
Railway station dirty,Area near Banjara Hills railway station is filthy. Needs deep cleaning.,railway station dirty area near banjara hills railway station is filthy needs deep cleaning,Public Cleanliness
Public bench broken,Public benches near water tank are broken and dirty. Senior citizens can't sit.,public bench broken public benches near water tank are broken and dirty senior citizens can t sit,Public Cleanliness
RO plant not working,Community RO plant in Dadar is not working. Parts need replacement.,ro plant not working community ro plant in dadar is not working parts need replacement,Water
Fire hazard,Illegal storage of gas cylinders near mosque in T Nagar. Major fire hazard.,fire hazard illegal storage of gas cylinders near mosque in t nagar major fire hazard,Public Safety
Water tank leaking,Overhead water tank near park entrance is leaking. Huge water wastage.,water tank leaking overhead water tank near park entrance is leaking huge water wastage,Water
Median missing on highway,Median strip on Link Road near Kothrud is missing for 200 meters. Head-on collision risk.,median missing on highway median strip on link road near kothrud is missing for 200 meters head on collision risk,Roads
Park not maintained,"The park near main bus stop in T Nagar is not maintained. Grass overgrown, paths dirty.",park not maintained the park near main bus stop in t nagar is not maintained grass overgrown paths dirty,Public Cleanliness
Waterlogged area mosquitoes,Waterlogged area near flyover breeding mosquitoes. Dengue cases increasing.,waterlogged area mosquitoes waterlogged area near flyover breeding mosquitoes dengue cases increasing,Public Safety
Broken road divider,Road divider on Main Street is broken and causing accidents. Please fix urgently.,broken road divider road divider on main street is broken and causing accidents please fix urgently,Roads
Broken railing on bridge,Railing on the bridge near mosque is broken. Someone can fall off.,broken railing on bridge railing on the bridge near mosque is broken someone can fall off,Public Safety
Ration card problem,Ration card issue at Airoli. Wrong name printed on new card.,ration card problem ration card issue at airoli wrong name printed on new card,Other
Water logging,Severe water logging near fire station after pipeline burst. Mosquito breeding.,water logging severe water logging near fire station after pipeline burst mosquito breeding,Water
Storm drain clogged,Storm water drain near college gate is clogged with plastic waste. No flow.,storm drain clogged storm water drain near college gate is clogged with plastic waste no flow,Drainage
Food waste on street,Restaurant near post office throwing food waste on street. Attracting rats.,food waste on street restaurant near post office throwing food waste on street attracting rats,Public Cleanliness
Electric wire dangling,Electric wire hanging dangerously low on Highway 48 near Indiranagar. Risk of electrocution.,electric wire dangling electric wire hanging dangerously low on highway 48 near indiranagar risk of electrocution,Public Safety
Ration card problem,Ration card issue at Ameerpet. Wrong name printed on new card.,ration card problem ration card issue at ameerpet wrong name printed on new card,Other
Colony lights out,Streetlights in Thane colony have not been working for a month. Total darkness.,colony lights out streetlights in thane colony have not been working for a month total darkness,Streetlights
Cemetery maintenance,Cemetery near Malleshwaram is poorly maintained. Overgrown and neglected.,cemetery maintenance cemetery near malleshwaram is poorly maintained overgrown and neglected,Other
Waste dumped in nala,People are dumping household waste into the nala near police station. It is getting blocked.,waste dumped in nala people are dumping household waste into the nala near police station it is getting blocked,Waste
Sewage treatment issue,Sewage treatment plant near Gachibowli is not working properly. Untreated water released.,sewage treatment issue sewage treatment plant near gachibowli is not working properly untreated water released,Drainage
No waste segregation,Ward office in Andheri is not enforcing waste segregation. Everything is mixed.,no waste segregation ward office in andheri is not enforcing waste segregation everything is mixed,Waste
Uneven road surface,The road surface near mosque is very uneven and bumpy. Two-wheelers are skidding.,uneven road surface the road surface near mosque is very uneven and bumpy two wheelers are skidding,Roads
Irregular water timing,"Water comes at irregular timings in JP Nagar. Sometimes 3 AM, sometimes not at all.",irregular water timing water comes at irregular timings in jp nagar sometimes 3 am sometimes not at all,Water
Road name board missing,Road name board missing on ECR near corporation office. Delivery and ambulances confused.,road name board missing road name board missing on ecr near corporation office delivery and ambulances confused,Other
No waste segregation,Ward office in Sector 45 is not enforcing waste segregation. Everything is mixed.,no waste segregation ward office in sector 45 is not enforcing waste segregation everything is mixed,Waste
Road not repaired,Road in Porur has not been repaired since last year. Multiple complaints ignored.,road not repaired road in porur has not been repaired since last year multiple complaints ignored,Roads
Drainage pipe broken,Drainage pipe near SBI ATM is broken. Sewage is flowing openly on road.,drainage pipe broken drainage pipe near sbi atm is broken sewage is flowing openly on road,Drainage
Wall collapse risk,Compound wall near church in Vashi has big cracks. May collapse on pedestrians.,wall collapse risk compound wall near church in vashi has big cracks may collapse on pedestrians,Public Safety
No water connection,Applied for water connection in Gachibowli 6 months ago. Still not provided.,no water connection applied for water connection in gachibowli 6 months ago still not provided,Water
Hospital area unclean,Surroundings of Goregaon hospital are unclean. Not good for patients.,hospital area unclean surroundings of goregaon hospital are unclean not good for patients,Public Cleanliness
Ration card problem,Ration card issue at Sector 22. Wrong name printed on new card.,ration card problem ration card issue at sector 22 wrong name printed on new card,Other
Septic tank overflow,Community septic tank in Kukatpally is overflowing. The stench is terrible.,septic tank overflow community septic tank in kukatpally is overflowing the stench is terrible,Drainage
Encroachment complaint,Illegal encroachment of public land near mosque in Madhapur.,encroachment complaint illegal encroachment of public land near mosque in madhapur,Other
Manhole cover missing,Manhole cover missing near flyover. A bike rider fell into it yesterday.,manhole cover missing manhole cover missing near flyover a bike rider fell into it yesterday,Drainage
Religious site messy,Surroundings of the mosque near fire station messy. Devotees complaining.,religious site messy surroundings of the mosque near fire station messy devotees complaining,Public Cleanliness
Spitting on walls,Paan spitting stains all over the bus stop near community hall. Disgusting.,spitting on walls paan spitting stains all over the bus stop near community hall disgusting,Public Cleanliness
Signal not working,Traffic signal at college gate junction not working since 3 days. Chaos at peak hours.,signal not working traffic signal at college gate junction not working since 3 days chaos at peak hours,Public Safety
Public event mess,"After the public event near traffic signal, the area is completely trashed.",public event mess after the public event near traffic signal the area is completely trashed,Public Cleanliness
Lake polluted,Lake near park entrance in Banjara Hills is highly polluted. Foam forming on surface.,lake polluted lake near park entrance in banjara hills is highly polluted foam forming on surface,Public Cleanliness
Public library closed,Public library near flyover in Velachery has been closed for months.,public library closed public library near flyover in velachery has been closed for months,Other
Streetlight not working,Streetlight near junction circle in Anna Nagar is not working since a week.,streetlight not working streetlight near junction circle in anna nagar is not working since a week,Streetlights
Patch work needed,Small but deep potholes on Station Road near hospital gate. Patch work can fix them quickly.,patch work needed small but deep potholes on station road near hospital gate patch work can fix them quickly,Roads
Colony lights out,Streetlights in Hadapsar colony have not been working for a month. Total darkness.,colony lights out streetlights in hadapsar colony have not been working for a month total darkness,Streetlights
Chemical smell,Strong chemical smell coming from factory near Rajajinagar. Health hazard for residents.,chemical smell strong chemical smell coming from factory near rajajinagar health hazard for residents,Public Safety
Streetlight pole fallen,Streetlight pole near metro station has fallen down. Wires are exposed.,streetlight pole fallen streetlight pole near metro station has fallen down wires are exposed,Streetlights
School area dirty,Area around the school in Borivali is dirty. Children playing in filth.,school area dirty area around the school in borivali is dirty children playing in filth,Public Cleanliness
Timer malfunctioning,Streetlight auto-timer in Airoli is malfunctioning. Lights go off at 10 PM.,timer malfunctioning streetlight auto timer in airoli is malfunctioning lights go off at 10 pm,Streetlights
Park light not working,Lights in the park near government school are not working. Park unsafe after 6 PM.,park light not working lights in the park near government school are not working park unsafe after 6 pm,Streetlights
Median missing on highway,Median strip on Sarjapur Road near Goregaon is missing for 200 meters. Head-on collision risk.,median missing on highway median strip on sarjapur road near goregaon is missing for 200 meters head on collision risk,Roads
Encroachment complaint,Illegal encroachment of public land near underpass in Banjara Hills.,encroachment complaint illegal encroachment of public land near underpass in banjara hills,Other
Bore well contaminated,Bore well near mosque is giving contaminated water. Tested positive for bacteria.,bore well contaminated bore well near mosque is giving contaminated water tested positive for bacteria,Water
Open transformer,Transformer near community hall is open without any fencing. Children play near it.,open transformer transformer near community hall is open without any fencing children play near it,Public Safety
Public area stinking,Area around government school stinks due to poor cleanliness. Visitors are complaining.,public area stinking area around government school stinks due to poor cleanliness visitors are complaining,Public Cleanliness
Railway station dirty,Area near Gachibowli railway station is filthy. Needs deep cleaning.,railway station dirty area near gachibowli railway station is filthy needs deep cleaning,Public Cleanliness
Potholes everywhere,Multiple potholes on Ring Road near Borivali. Commuters are suffering daily.,potholes everywhere multiple potholes on ring road near borivali commuters are suffering daily,Roads
Hand pump rusted,Hand pump near fire station is rusted and not giving water. Repair needed.,hand pump rusted hand pump near fire station is rusted and not giving water repair needed,Water
Birth certificate delay,Applied for birth certificate at Powai ward office 2 months ago. Not received.,birth certificate delay applied for birth certificate at powai ward office 2 months ago not received,Other
Road accident prone,The stretch of Bannerghatta Road near metro station is accident prone. Need speed breakers.,road accident prone the stretch of bannerghatta road near metro station is accident prone need speed breakers,Public Safety
Construction debris on road,Road near community hall is blocked with construction debris. No one is clearing it.,construction debris on road road near community hall is blocked with construction debris no one is clearing it,Roads
Road blocked by vendor,Road near police station is blocked by illegal vendors. No space for traffic.,road blocked by vendor road near police station is blocked by illegal vendors no space for traffic,Roads
No water supply,No water supply in Anna Nagar since 2 days. Tanker also not coming.,no water supply no water supply in anna nagar since 2 days tanker also not coming,Water
Election booth issue,Voter ID correction at BTM Layout office is not being done. Multiple visits.,election booth issue voter id correction at btm layout office is not being done multiple visits,Other
Garbage not collected,Garbage has not been collected from Indiranagar since 3 days. Bags are piling up.,garbage not collected garbage has not been collected from indiranagar since 3 days bags are piling up,Waste
Public Wi-Fi not working,Free public Wi-Fi near corporation office has not been working since installation.,public wi fi not working free public wi fi near corporation office has not been working since installation,Other
Loose electric pole,Electric pole on Ring Road near traffic signal is tilting. Heavy winds may topple it.,loose electric pole electric pole on ring road near traffic signal is tilting heavy winds may topple it,Public Safety
Property tax issue,Property tax notice for Goregaon is incorrect. Showing wrong area measurement.,property tax issue property tax notice for goregaon is incorrect showing wrong area measurement,Other
Road damaged after rain,The road near church in Hadapsar is completely broken after monsoon rains.,road damaged after rain the road near church in hadapsar is completely broken after monsoon rains,Roads
Dangerous building,Building near hospital gate in Gachibowli looks like it will collapse. Please inspect.,dangerous building building near hospital gate in gachibowli looks like it will collapse please inspect,Public Safety
Park bench repair,Bench in the park near government school is broken. Seniors have nowhere to sit.,park bench repair bench in the park near government school is broken seniors have nowhere to sit,Other
Unauthorized construction,Unauthorized construction happening near community hall. Building looks unsafe.,unauthorized construction unauthorized construction happening near community hall building looks unsafe,Public Safety
Tanker water not clean,Corporation tanker providing dirty water to Vashi. Found insects in it.,tanker water not clean corporation tanker providing dirty water to vashi found insects in it,Water
Garbage burning,People are burning garbage near railway crossing in T Nagar. Toxic smoke everywhere.,garbage burning people are burning garbage near railway crossing in t nagar toxic smoke everywhere,Waste
Sweeping not done,Road sweeping not done in Indiranagar since a week. Leaves and dust everywhere.,sweeping not done road sweeping not done in indiranagar since a week leaves and dust everywhere,Public Cleanliness
Solar streetlight broken,Solar streetlight installed in Thane is not working. Battery issue maybe.,solar streetlight broken solar streetlight installed in thane is not working battery issue maybe,Streetlights
Fountain broken filthy,Public fountain near post office is broken and the stagnant water is filthy.,fountain broken filthy public fountain near post office is broken and the stagnant water is filthy,Public Cleanliness
Multiple lights out,5-6 streetlights on NH 44 near JP Nagar are all out. Entire area is dark.,multiple lights out 5 6 streetlights on nh 44 near jp nagar are all out entire area is dark,Streetlights
Public Wi-Fi not working,Free public Wi-Fi near community hall has not been working since installation.,public wi fi not working free public wi fi near community hall has not been working since installation,Other
Nala overflowing,Nala near mosque is overflowing during rains. Houses are getting flooded.,nala overflowing nala near mosque is overflowing during rains houses are getting flooded,Drainage
Debris not cleared,Construction debris dumped on NH 44 near flyover is not being cleared.,debris not cleared construction debris dumped on nh 44 near flyover is not being cleared,Waste
Marketplace after hours,Marketplace near traffic signal a mess after business hours. No cleanup crew.,marketplace after hours marketplace near traffic signal a mess after business hours no cleanup crew,Public Cleanliness
E-waste dumped,Electronic waste dumped openly near metro station. Hazardous for children playing nearby.,e waste dumped electronic waste dumped openly near metro station hazardous for children playing nearby,Waste
Sweeping not done,Road sweeping not done in Ameerpet since a week. Leaves and dust everywhere.,sweeping not done road sweeping not done in ameerpet since a week leaves and dust everywhere,Public Cleanliness
Road blocked by vendor,Road near bank branch is blocked by illegal vendors. No space for traffic.,road blocked by vendor road near bank branch is blocked by illegal vendors no space for traffic,Roads
Water tank leaking,Overhead water tank near petrol pump is leaking. Huge water wastage.,water tank leaking overhead water tank near petrol pump is leaking huge water wastage,Water
Drain needs cleaning,Drain in Borivali has not been cleaned before monsoon. Will flood for sure.,drain needs cleaning drain in borivali has not been cleaned before monsoon will flood for sure,Drainage
Death certificate delay,Death certificate from Gachibowli ward office delayed by 45 days. Need for bank work.,death certificate delay death certificate from gachibowli ward office delayed by 45 days need for bank work,Other
Cemetery maintenance,Cemetery near Vashi is poorly maintained. Overgrown and neglected.,cemetery maintenance cemetery near vashi is poorly maintained overgrown and neglected,Other
Water logging,Severe water logging near petrol pump after pipeline burst. Mosquito breeding.,water logging severe water logging near petrol pump after pipeline burst mosquito breeding,Water
Low hanging wire,Streetlight wire hanging low near hospital gate. Trucks are hitting it.,low hanging wire streetlight wire hanging low near hospital gate trucks are hitting it,Streetlights
Water supply timing short,Water supply timing reduced to 30 mins in HSR Layout. Not enough to fill tanks.,water supply timing short water supply timing reduced to 30 mins in hsr layout not enough to fill tanks,Water
Public library closed,Public library near park entrance in Besant Nagar has been closed for months.,public library closed public library near park entrance in besant nagar has been closed for months,Other
Dilapidated structure,Old dilapidated structure near flyover may collapse during rains. Evacuate.,dilapidated structure old dilapidated structure near flyover may collapse during rains evacuate,Public Safety
Road blocked by vendor,Road near bank branch is blocked by illegal vendors. No space for traffic.,road blocked by vendor road near bank branch is blocked by illegal vendors no space for traffic,Roads
No water supply,No water supply in Porur since 2 days. Tanker also not coming.,no water supply no water supply in porur since 2 days tanker also not coming,Water
Colony lights out,Streetlights in Vashi colony have not been working for a month. Total darkness.,colony lights out streetlights in vashi colony have not been working for a month total darkness,Streetlights
Cemetery maintenance,Cemetery near Koramangala is poorly maintained. Overgrown and neglected.,cemetery maintenance cemetery near koramangala is poorly maintained overgrown and neglected,Other
Storm drain clogged,Storm water drain near railway crossing is clogged with plastic waste. No flow.,storm drain clogged storm water drain near railway crossing is clogged with plastic waste no flow,Drainage
Water meter faulty,Water meter at my house in Velachery is showing wrong readings. Bill is too high.,water meter faulty water meter at my house in velachery is showing wrong readings bill is too high,Water
Pond stinking,Pond near police station in Kothrud stinks terribly. Green algae covering surface.,pond stinking pond near police station in kothrud stinks terribly green algae covering surface,Public Cleanliness
Service road bad condition,Service road in Gachibowli is worse than the village road. Please resurface.,service road bad condition service road in gachibowli is worse than the village road please resurface,Roads
Illegal parking,Illegal parking on Mount Road blocking ambulance route near Dadar hospital.,illegal parking illegal parking on mount road blocking ambulance route near dadar hospital,Public Safety
Market area filthy,The market area in Jayanagar near corporation office is filthy. No cleaning by corporation.,market area filthy the market area in jayanagar near corporation office is filthy no cleaning by corporation,Public Cleanliness
Open drain dangerous,Open drain on Sarjapur Road near Indiranagar is very dangerous. Children might fall in.,open drain dangerous open drain on sarjapur road near indiranagar is very dangerous children might fall in,Drainage
Paver blocks missing,Paver blocks on footpath near main bus stop are missing. Elderly people are tripping.,paver blocks missing paver blocks on footpath near main bus stop are missing elderly people are tripping,Roads
Drainage pipe broken,Drainage pipe near gurudwara is broken. Sewage is flowing openly on road.,drainage pipe broken drainage pipe near gurudwara is broken sewage is flowing openly on road,Drainage
Light pole rusted,Streetlight pole near traffic signal is completely rusted. May fall anytime.,light pole rusted streetlight pole near traffic signal is completely rusted may fall anytime,Streetlights
Bridge approach road,The approach road to the bridge near water tank has deep potholes on both sides.,bridge approach road the approach road to the bridge near water tank has deep potholes on both sides,Roads
Multiple lights out,5-6 streetlights on Inner Ring Road near Besant Nagar are all out. Entire area is dark.,multiple lights out 5 6 streetlights on inner ring road near besant nagar are all out entire area is dark,Streetlights
No garbage bin in area,There is no public dustbin in Gachibowli near main bus stop. People are throwing garbage on road.,no garbage bin in area there is no public dustbin in gachibowli near main bus stop people are throwing garbage on road,Waste
Dry waste not collected,Dry waste is not being collected separately in HSR Layout. Recycling is not happening.,dry waste not collected dry waste is not being collected separately in hsr layout recycling is not happening,Waste
Playground equipment,Playground equipment in Besant Nagar park is rusted and unsafe for children.,playground equipment playground equipment in besant nagar park is rusted and unsafe for children,Other
No water supply,No water supply in Powai since 2 days. Tanker also not coming.,no water supply no water supply in powai since 2 days tanker also not coming,Water
No road marking,No road markings or lane dividers on Highway 48. Very confusing for drivers.,no road marking no road markings or lane dividers on highway 48 very confusing for drivers,Roads
Public toilet dirty,Public toilet near government school is extremely dirty. Nobody is cleaning it.,public toilet dirty public toilet near government school is extremely dirty nobody is cleaning it,Public Cleanliness
Garbage not collected,Garbage has not been collected from JP Nagar since 3 days. Bags are piling up.,garbage not collected garbage has not been collected from jp nagar since 3 days bags are piling up,Waste
New streetlight needed,No streetlight in Hadapsar sector. Women and elderly feel unsafe at night.,new streetlight needed no streetlight in hadapsar sector women and elderly feel unsafe at night,Streetlights
Dead animal not removed,Dead animal lying on 80 Feet Road near Besant Nagar since 2 days. Nobody is removing it.,dead animal not removed dead animal lying on 80 feet road near besant nagar since 2 days nobody is removing it,Waste
Building plan approval,Building plan approval at Andheri taking 8 months. No updates from office.,building plan approval building plan approval at andheri taking 8 months no updates from office,Other
Tree trimming needed,Trees on Mount Road near SBI ATM need trimming. Branches touching power lines.,tree trimming needed trees on mount road near sbi atm need trimming branches touching power lines,Other
Signal not working,Traffic signal at underpass junction not working since 3 days. Chaos at peak hours.,signal not working traffic signal at underpass junction not working since 3 days chaos at peak hours,Public Safety
Meat waste thrown,Meat shop waste thrown openly near petrol pump in Hadapsar. Health hazard.,meat waste thrown meat shop waste thrown openly near petrol pump in hadapsar health hazard,Waste
Property tax issue,Property tax notice for Ameerpet is incorrect. Showing wrong area measurement.,property tax issue property tax notice for ameerpet is incorrect showing wrong area measurement,Other
LED light not bright,New LED streetlights in Kukatpally are not bright enough. Cannot see the road.,led light not bright new led streetlights in kukatpally are not bright enough cannot see the road,Streetlights
Dustbin overflowing,The community dustbin near government school is overflowing. Stray dogs are spreading garbage.,dustbin overflowing the community dustbin near government school is overflowing stray dogs are spreading garbage,Waste
Drain needs cleaning,Drain in Malleshwaram has not been cleaned before monsoon. Will flood for sure.,drain needs cleaning drain in malleshwaram has not been cleaned before monsoon will flood for sure,Drainage
Pothole on NH 44,There is a huge pothole on NH 44 near metro station. Vehicles are getting damaged daily.,pothole on nh 44 there is a huge pothole on nh 44 near metro station vehicles are getting damaged daily,Roads
Dangerous road condition,The road near corporation office is in terrible condition. Accident happened yesterday.,dangerous road condition the road near corporation office is in terrible condition accident happened yesterday,Roads
Encroachment on drain,Drain near water tank in Banjara Hills is encroached. Water flow is blocked.,encroachment on drain drain near water tank in banjara hills is encroached water flow is blocked,Drainage
Mosquito fogging needed,Dengue cases rising in Malad. Need fogging operation near hospital gate.,mosquito fogging needed dengue cases rising in malad need fogging operation near hospital gate,Other
Footpath light broken,Footpath lights near flyover are all broken. Seniors tripping at night.,footpath light broken footpath lights near flyover are all broken seniors tripping at night,Streetlights
Property tax issue,Property tax notice for Jubilee Hills is incorrect. Showing wrong area measurement.,property tax issue property tax notice for jubilee hills is incorrect showing wrong area measurement,Other
Playground dirty,Children's playground in Koramangala near fire station is dirty. Glass pieces found.,playground dirty children s playground in koramangala near fire station is dirty glass pieces found,Public Cleanliness
Government school building,Government school building in Adyar needs repair. Roof is leaking.,government school building government school building in adyar needs repair roof is leaking,Other
Borewell not working,Community borewell in Indiranagar is not working since last week. No repair done.,borewell not working community borewell in indiranagar is not working since last week no repair done,Water
Road accident prone,The stretch of Ring Road near water tank is accident prone. Need speed breakers.,road accident prone the stretch of ring road near water tank is accident prone need speed breakers,Public Safety
Bus stop dirty,Bus stop near petrol pump in T Nagar has not been cleaned in weeks.,bus stop dirty bus stop near petrol pump in t nagar has not been cleaned in weeks,Public Cleanliness
Fountain broken filthy,Public fountain near traffic signal is broken and the stagnant water is filthy.,fountain broken filthy public fountain near traffic signal is broken and the stagnant water is filthy,Public Cleanliness
Storm drain clogged,Storm water drain near hospital gate is clogged with plastic waste. No flow.,storm drain clogged storm water drain near hospital gate is clogged with plastic waste no flow,Drainage
Encroachment complaint,Illegal encroachment of public land near bank branch in Whitefield.,encroachment complaint illegal encroachment of public land near bank branch in whitefield,Other
Bus stop dirty,Bus stop near railway crossing in Anna Nagar has not been cleaned in weeks.,bus stop dirty bus stop near railway crossing in anna nagar has not been cleaned in weeks,Public Cleanliness
Trade license renewal,Trade license renewal at Porur taking too long. Office sending us in circles.,trade license renewal trade license renewal at porur taking too long office sending us in circles,Other
Plastic waste everywhere,Plastic waste is scattered all over Malleshwaram near traffic signal. Looks terrible.,plastic waste everywhere plastic waste is scattered all over malleshwaram near traffic signal looks terrible,Waste
Sewage line blocked,Sewage line in Jubilee Hills is blocked. Waste water is flowing on the street.,sewage line blocked sewage line in jubilee hills is blocked waste water is flowing on the street,Drainage
No drainage system,New layout in Goregaon has no proper drainage system. Rainwater stands for days.,no drainage system new layout in goregaon has no proper drainage system rainwater stands for days,Drainage
Religious site messy,Surroundings of the mosque near junction circle messy. Devotees complaining.,religious site messy surroundings of the mosque near junction circle messy devotees complaining,Public Cleanliness
Temple area dirty,Area around the temple near fire station is very dirty. Flowers and waste everywhere.,temple area dirty area around the temple near fire station is very dirty flowers and waste everywhere,Public Cleanliness
Lighting in underpass,Underpass near bank branch has no lighting. Very scary to walk through.,lighting in underpass underpass near bank branch has no lighting very scary to walk through,Streetlights
Sewage overflow,Sewage is overflowing on Main Street in Velachery. Unbearable smell and health hazard.,sewage overflow sewage is overflowing on main street in velachery unbearable smell and health hazard,Drainage
Manhole cover missing,Manhole cover missing near market square. A bike rider fell into it yesterday.,manhole cover missing manhole cover missing near market square a bike rider fell into it yesterday,Drainage
Food waste on street,Restaurant near bank branch throwing food waste on street. Attracting rats.,food waste on street restaurant near bank branch throwing food waste on street attracting rats,Public Cleanliness
Property tax issue,Property tax notice for Kukatpally is incorrect. Showing wrong area measurement.,property tax issue property tax notice for kukatpally is incorrect showing wrong area measurement,Other
Birth certificate delay,Applied for birth certificate at Gachibowli ward office 2 months ago. Not received.,birth certificate delay applied for birth certificate at gachibowli ward office 2 months ago not received,Other
Public area stinking,Area around water tank stinks due to poor cleanliness. Visitors are complaining.,public area stinking area around water tank stinks due to poor cleanliness visitors are complaining,Public Cleanliness
Road name board missing,Road name board missing on Old Airport Road near underpass. Delivery and ambulances confused.,road name board missing road name board missing on old airport road near underpass delivery and ambulances confused,Other
Public area stinking,Area around main bus stop stinks due to poor cleanliness. Visitors are complaining.,public area stinking area around main bus stop stinks due to poor cleanliness visitors are complaining,Public Cleanliness
Marketplace after hours,Marketplace near metro station a mess after business hours. No cleanup crew.,marketplace after hours marketplace near metro station a mess after business hours no cleanup crew,Public Cleanliness
School area dirty,Area around the school in Vashi is dirty. Children playing in filth.,school area dirty area around the school in vashi is dirty children playing in filth,Public Cleanliness
Dog vaccination camp,Need dog vaccination camp in Kukatpally. Many stray dogs near college gate.,dog vaccination camp need dog vaccination camp in kukatpally many stray dogs near college gate,Other
Noise pollution,Construction noise near gurudwara continues past 10 PM. Against rules.,noise pollution construction noise near gurudwara continues past 10 pm against rules,Other
Sewage treatment issue,Sewage treatment plant near Malleshwaram is not working properly. Untreated water released.,sewage treatment issue sewage treatment plant near malleshwaram is not working properly untreated water released,Drainage
Drain needs cleaning,Drain in Kothrud has not been cleaned before monsoon. Will flood for sure.,drain needs cleaning drain in kothrud has not been cleaned before monsoon will flood for sure,Drainage
Dangerous building,Building near underpass in Vashi looks like it will collapse. Please inspect.,dangerous building building near underpass in vashi looks like it will collapse please inspect,Public Safety
Summer water crisis,Severe water shortage in Thane. Only getting supply once in 3 days.,summer water crisis severe water shortage in thane only getting supply once in 3 days,Water
Septic tank overflow,Community septic tank in Sector 22 is overflowing. The stench is terrible.,septic tank overflow community septic tank in sector 22 is overflowing the stench is terrible,Drainage
Public tap broken,Public water tap near underpass in Ameerpet is broken. Water flowing non-stop.,public tap broken public water tap near underpass in ameerpet is broken water flowing non stop,Water
Illegal liquor shop,Illegal liquor shop operating near school in Koramangala. Children are affected.,illegal liquor shop illegal liquor shop operating near school in koramangala children are affected,Public Safety
Defecation in open,Open defecation happening near church. Build public toilet there.,defecation in open open defecation happening near church build public toilet there,Public Cleanliness
Open pit on road,Open pit dug for cable work on NH 44 near bank branch. No barricade around it.,open pit on road open pit dug for cable work on nh 44 near bank branch no barricade around it,Public Safety
Water tanker not coming,Requested water tanker for BTM Layout 4 days ago. Still not delivered.,water tanker not coming requested water tanker for btm layout 4 days ago still not delivered,Water
Unauthorized construction,Unauthorized construction happening near petrol pump. Building looks unsafe.,unauthorized construction unauthorized construction happening near petrol pump building looks unsafe,Public Safety
Rusty pipeline,Water pipeline in Borivali is very old and rusty. Water comes brown colored.,rusty pipeline water pipeline in borivali is very old and rusty water comes brown colored,Water
Waterlogged area mosquitoes,Waterlogged area near market square breeding mosquitoes. Dengue cases increasing.,waterlogged area mosquitoes waterlogged area near market square breeding mosquitoes dengue cases increasing,Public Safety
Drainage pipe broken,Drainage pipe near railway crossing is broken. Sewage is flowing openly on road.,drainage pipe broken drainage pipe near railway crossing is broken sewage is flowing openly on road,Drainage
Dog vaccination camp,Need dog vaccination camp in T Nagar. Many stray dogs near flyover.,dog vaccination camp need dog vaccination camp in t nagar many stray dogs near flyover,Other
Community hall booking,Community hall near water tank booking system is not working. Need for function.,community hall booking community hall near water tank booking system is not working need for function,Other
Sewer water mixing,Sewer water mixing with drinking water pipeline in Malad. People are falling sick.,sewer water mixing sewer water mixing with drinking water pipeline in malad people are falling sick,Water
Road flooded,Road near junction circle gets flooded every time it rains. No proper drainage.,road flooded road near junction circle gets flooded every time it rains no proper drainage,Roads
Electric wire dangling,Electric wire hanging dangerously low on Ring Road near Ameerpet. Risk of electrocution.,electric wire dangling electric wire hanging dangerously low on ring road near ameerpet risk of electrocution,Public Safety
Pipeline crossing drainage,Water pipeline crosses over open drainage near police station. Contamination risk.,pipeline crossing drainage water pipeline crosses over open drainage near police station contamination risk,Water
Defecation in open,Open defecation happening near corporation office. Build public toilet there.,defecation in open open defecation happening near corporation office build public toilet there,Public Cleanliness
Desilting not done,Desilting of drains in Anna Nagar before monsoon was not done. Now flooding.,desilting not done desilting of drains in anna nagar before monsoon was not done now flooding,Drainage
Light on during daytime,Streetlights on Station Road are ON during daytime. Wasting electricity.,light on during daytime streetlights on station road are on during daytime wasting electricity,Streetlights
High mast light broken,High mast light at market square junction is not working. Very dark area.,high mast light broken high mast light at market square junction is not working very dark area,Streetlights
No traffic signal,No traffic signal at busy junction near park entrance. Major accidents happening.,no traffic signal no traffic signal at busy junction near park entrance major accidents happening,Public Safety
Garbage not collected,Garbage has not been collected from HSR Layout since 3 days. Bags are piling up.,garbage not collected garbage has not been collected from hsr layout since 3 days bags are piling up,Waste
Wedding garbage,Marriage hall near gurudwara dumping all waste on the road. Not using bins.,wedding garbage marriage hall near gurudwara dumping all waste on the road not using bins,Waste
Sewage treatment issue,Sewage treatment plant near Whitefield is not working properly. Untreated water released.,sewage treatment issue sewage treatment plant near whitefield is not working properly untreated water released,Drainage
Wiring exposed,Streetlight wiring near corporation office is exposed. Electrocution risk in rain.,wiring exposed streetlight wiring near corporation office is exposed electrocution risk in rain,Streetlights
Wedding garbage,Marriage hall near market square dumping all waste on the road. Not using bins.,wedding garbage marriage hall near market square dumping all waste on the road not using bins,Waste
Canal debris,Debris in the canal near mosque blocking water flow during heavy rains.,canal debris debris in the canal near mosque blocking water flow during heavy rains,Drainage
Encroachment complaint,Illegal encroachment of public land near fire station in Andheri.,encroachment complaint illegal encroachment of public land near fire station in andheri,Other
Park not maintained,"The park near government school in Velachery is not maintained. Grass overgrown, paths dirty.",park not maintained the park near government school in velachery is not maintained grass overgrown paths dirty,Public Cleanliness
Tree about to fall,Big tree near railway crossing is leaning dangerously. Might fall on houses.,tree about to fall big tree near railway crossing is leaning dangerously might fall on houses,Public Safety
Drain needs cleaning,Drain in Powai has not been cleaned before monsoon. Will flood for sure.,drain needs cleaning drain in powai has not been cleaned before monsoon will flood for sure,Drainage
Open drain dangerous,Open drain on Mount Road near Airoli is very dangerous. Children might fall in.,open drain dangerous open drain on mount road near airoli is very dangerous children might fall in,Drainage
Ornamental light broken,Decorative streetlights on Ring Road installed last year already broken.,ornamental light broken decorative streetlights on ring road installed last year already broken,Streetlights
Sewer gas smell,Strong sewer gas smell coming from drains in Adyar. Making residents sick.,sewer gas smell strong sewer gas smell coming from drains in adyar making residents sick,Drainage
Septic tank overflow,Community septic tank in Besant Nagar is overflowing. The stench is terrible.,septic tank overflow community septic tank in besant nagar is overflowing the stench is terrible,Drainage
Potholes everywhere,Multiple potholes on Station Road near Ameerpet. Commuters are suffering daily.,potholes everywhere multiple potholes on station road near ameerpet commuters are suffering daily,Roads
Streetlight not working,Streetlight near flyover in Koramangala is not working since a week.,streetlight not working streetlight near flyover in koramangala is not working since a week,Streetlights
No water supply,No water supply in Bandra since 2 days. Tanker also not coming.,no water supply no water supply in bandra since 2 days tanker also not coming,Water
Pipeline burst,Water pipeline burst on Station Road near gurudwara. Road is flooded.,pipeline burst water pipeline burst on station road near gurudwara road is flooded,Water
Fire hazard,Illegal storage of gas cylinders near underpass in Jubilee Hills. Major fire hazard.,fire hazard illegal storage of gas cylinders near underpass in jubilee hills major fire hazard,Public Safety
Unauthorized construction,Unauthorized construction happening near mosque. Building looks unsafe.,unauthorized construction unauthorized construction happening near mosque building looks unsafe,Public Safety
Low hanging wire,Streetlight wire hanging low near bank branch. Trucks are hitting it.,low hanging wire streetlight wire hanging low near bank branch trucks are hitting it,Streetlights
Overflow during monsoon,Drainage system in HSR Layout overflows every monsoon. No permanent solution.,overflow during monsoon drainage system in hsr layout overflows every monsoon no permanent solution,Drainage
Garbage not collected,Garbage has not been collected from Malad since 3 days. Bags are piling up.,garbage not collected garbage has not been collected from malad since 3 days bags are piling up,Waste
Road subsidence,Road near Madhapur is sinking gradually. Foundation seems weak.,road subsidence road near madhapur is sinking gradually foundation seems weak,Roads
Stray dog menace,Pack of aggressive stray dogs near fire station in Dadar. Children are scared.,stray dog menace pack of aggressive stray dogs near fire station in dadar children are scared,Public Safety
Cracks on main road,Major cracks have appeared on Ring Road near Anna Nagar. Very dangerous for traffic.,cracks on main road major cracks have appeared on ring road near anna nagar very dangerous for traffic,Roads
Electric wire dangling,Electric wire hanging dangerously low on Mount Road near Vashi. Risk of electrocution.,electric wire dangling electric wire hanging dangerously low on mount road near vashi risk of electrocution,Public Safety
No waste segregation,Ward office in Adyar is not enforcing waste segregation. Everything is mixed.,no waste segregation ward office in adyar is not enforcing waste segregation everything is mixed,Waste
Festival waste,Post-festival waste from Ganesh visarjan not cleared near gurudwara. 3 days now.,festival waste post festival waste from ganesh visarjan not cleared near gurudwara 3 days now,Waste
Dry waste not collected,Dry waste is not being collected separately in JP Nagar. Recycling is not happening.,dry waste not collected dry waste is not being collected separately in jp nagar recycling is not happening,Waste
Contaminated water,The water supply in Whitefield is yellowish and smells bad. Not safe for drinking.,contaminated water the water supply in whitefield is yellowish and smells bad not safe for drinking,Water
Meat waste thrown,Meat shop waste thrown openly near hospital gate in Vashi. Health hazard.,meat waste thrown meat shop waste thrown openly near hospital gate in vashi health hazard,Waste
Overhead tank overflow,Overhead tank in Andheri overflows every day. Automatic valve not working.,overhead tank overflow overhead tank in andheri overflows every day automatic valve not working,Water
Anti-social elements,Anti-social elements gathering near government school park after dark. Unsafe for families.,anti social elements anti social elements gathering near government school park after dark unsafe for families,Public Safety
Snake spotted,Snakes frequently spotted near college gate in Jubilee Hills. Due to overgrown bushes.,snake spotted snakes frequently spotted near college gate in jubilee hills due to overgrown bushes,Public Safety
Drain needs cleaning,Drain in Goregaon has not been cleaned before monsoon. Will flood for sure.,drain needs cleaning drain in goregaon has not been cleaned before monsoon will flood for sure,Drainage
Signal not working,Traffic signal at college gate junction not working since 3 days. Chaos at peak hours.,signal not working traffic signal at college gate junction not working since 3 days chaos at peak hours,Public Safety
Hospital area unclean,Surroundings of Andheri hospital are unclean. Not good for patients.,hospital area unclean surroundings of andheri hospital are unclean not good for patients,Public Cleanliness
Water tanker not coming,Requested water tanker for Vashi 4 days ago. Still not delivered.,water tanker not coming requested water tanker for vashi 4 days ago still not delivered,Water
Road cave-in,Part of the road in Kothrud has caved in near the drainage. Very dangerous.,road cave in part of the road in kothrud has caved in near the drainage very dangerous,Roads
Road damaged after rain,The road near government school in Banjara Hills is completely broken after monsoon rains.,road damaged after rain the road near government school in banjara hills is completely broken after monsoon rains,Roads
Open pit on road,Open pit dug for cable work on Sarjapur Road near metro station. No barricade around it.,open pit on road open pit dug for cable work on sarjapur road near metro station no barricade around it,Public Safety
Fire hazard,Illegal storage of gas cylinders near post office in T Nagar. Major fire hazard.,fire hazard illegal storage of gas cylinders near post office in t nagar major fire hazard,Public Safety
Water supply timing short,Water supply timing reduced to 30 mins in Jayanagar. Not enough to fill tanks.,water supply timing short water supply timing reduced to 30 mins in jayanagar not enough to fill tanks,Water
Festival waste,Post-festival waste from Ganesh visarjan not cleared near traffic signal. 3 days now.,festival waste post festival waste from ganesh visarjan not cleared near traffic signal 3 days now,Waste
Service road bad condition,Service road in JP Nagar is worse than the village road. Please resurface.,service road bad condition service road in jp nagar is worse than the village road please resurface,Roads
Canal debris,Debris in the canal near corporation office blocking water flow during heavy rains.,canal debris debris in the canal near corporation office blocking water flow during heavy rains,Drainage
Dustbin overflowing,The community dustbin near main bus stop is overflowing. Stray dogs are spreading garbage.,dustbin overflowing the community dustbin near main bus stop is overflowing stray dogs are spreading garbage,Waste
Nala encroachment,Illegal encroachment on drainage nala near Andheri. Water cannot flow.,nala encroachment illegal encroachment on drainage nala near andheri water cannot flow,Drainage
Broken railing on bridge,Railing on the bridge near hospital gate is broken. Someone can fall off.,broken railing on bridge railing on the bridge near hospital gate is broken someone can fall off,Public Safety
Timer malfunctioning,Streetlight auto-timer in Kukatpally is malfunctioning. Lights go off at 10 PM.,timer malfunctioning streetlight auto timer in kukatpally is malfunctioning lights go off at 10 pm,Streetlights
Garbage vehicle broken,The garbage collection vehicle for Kukatpally is broken. No replacement provided.,garbage vehicle broken the garbage collection vehicle for kukatpally is broken no replacement provided,Waste
Drainage water stagnant,Stagnant drainage water near market square causing mosquito breeding.,drainage water stagnant stagnant drainage water near market square causing mosquito breeding,Drainage
Dry waste not collected,Dry waste is not being collected separately in Jayanagar. Recycling is not happening.,dry waste not collected dry waste is not being collected separately in jayanagar recycling is not happening,Waste
Electric wire dangling,Electric wire hanging dangerously low on Service Road near JP Nagar. Risk of electrocution.,electric wire dangling electric wire hanging dangerously low on service road near jp nagar risk of electrocution,Public Safety
Graffiti on walls,Graffiti and posters defacing public walls near main bus stop in JP Nagar.,graffiti on walls graffiti and posters defacing public walls near main bus stop in jp nagar,Public Cleanliness
Unauthorized banner,Unauthorized political banners on MG Road near metro station. Blocking visibility.,unauthorized banner unauthorized political banners on mg road near metro station blocking visibility,Other
Tanker water not clean,Corporation tanker providing dirty water to Sector 45. Found insects in it.,tanker water not clean corporation tanker providing dirty water to sector 45 found insects in it,Water
Tax assessment wrong,Property tax assessment for house in Ameerpet near junction circle is incorrect.,tax assessment wrong property tax assessment for house in ameerpet near junction circle is incorrect,Other
Complete darkness,Entire stretch of 100 Feet Road has no working streetlights. Very unsafe at night.,complete darkness entire stretch of 100 feet road has no working streetlights very unsafe at night,Streetlights
Garbage truck timing,Garbage truck comes at 5 AM to Powai. Most residents miss it. Change timing please.,garbage truck timing garbage truck comes at 5 am to powai most residents miss it change timing please,Waste
Festival lights wiring,Temporary festival lighting wiring near petrol pump still hanging 2 months later.,festival lights wiring temporary festival lighting wiring near petrol pump still hanging 2 months later,Streetlights
Garbage not collected,Garbage has not been collected from Borivali since 3 days. Bags are piling up.,garbage not collected garbage has not been collected from borivali since 3 days bags are piling up,Waste
Patch work needed,Small but deep potholes on Sarjapur Road near main bus stop. Patch work can fix them quickly.,patch work needed small but deep potholes on sarjapur road near main bus stop patch work can fix them quickly,Roads
Underground drainage blocked,Underground drainage in Vashi is blocked. Sewage coming up from manholes.,underground drainage blocked underground drainage in vashi is blocked sewage coming up from manholes,Drainage
No water supply,No water supply in Malleshwaram since 2 days. Tanker also not coming.,no water supply no water supply in malleshwaram since 2 days tanker also not coming,Water
Encroachment on drain,Drain near traffic signal in Kukatpally is encroached. Water flow is blocked.,encroachment on drain drain near traffic signal in kukatpally is encroached water flow is blocked,Drainage
Cemetery maintenance,Cemetery near Borivali is poorly maintained. Overgrown and neglected.,cemetery maintenance cemetery near borivali is poorly maintained overgrown and neglected,Other
Open transformer,Transformer near junction circle is open without any fencing. Children play near it.,open transformer transformer near junction circle is open without any fencing children play near it,Public Safety
Pipeline crossing drainage,Water pipeline crosses over open drainage near petrol pump. Contamination risk.,pipeline crossing drainage water pipeline crosses over open drainage near petrol pump contamination risk,Water
Birth certificate delay,Applied for birth certificate at Andheri ward office 2 months ago. Not received.,birth certificate delay applied for birth certificate at andheri ward office 2 months ago not received,Other
Electric wire dangling,Electric wire hanging dangerously low on NH 44 near Madhapur. Risk of electrocution.,electric wire dangling electric wire hanging dangerously low on nh 44 near madhapur risk of electrocution,Public Safety
Tree about to fall,Big tree near junction circle is leaning dangerously. Might fall on houses.,tree about to fall big tree near junction circle is leaning dangerously might fall on houses,Public Safety
Birth certificate delay,Applied for birth certificate at Kukatpally ward office 2 months ago. Not received.,birth certificate delay applied for birth certificate at kukatpally ward office 2 months ago not received,Other
Illegal liquor shop,Illegal liquor shop operating near school in Sector 22. Children are affected.,illegal liquor shop illegal liquor shop operating near school in sector 22 children are affected,Public Safety
Garbage not collected,Garbage has not been collected from Velachery since 3 days. Bags are piling up.,garbage not collected garbage has not been collected from velachery since 3 days bags are piling up,Waste
Road not repaired,Road in T Nagar has not been repaired since last year. Multiple complaints ignored.,road not repaired road in t nagar has not been repaired since last year multiple complaints ignored,Roads
Drain mosquitoes,Blocked drain near underpass breeding thousands of mosquitoes. Dengue risk.,drain mosquitoes blocked drain near underpass breeding thousands of mosquitoes dengue risk,Drainage
Bore well contaminated,Bore well near mosque is giving contaminated water. Tested positive for bacteria.,bore well contaminated bore well near mosque is giving contaminated water tested positive for bacteria,Water
Public library closed,Public library near community hall in Kukatpally has been closed for months.,public library closed public library near community hall in kukatpally has been closed for months,Other
Noise pollution,Construction noise near market square continues past 10 PM. Against rules.,noise pollution construction noise near market square continues past 10 pm against rules,Other
Ration card problem,Ration card issue at Goregaon. Wrong name printed on new card.,ration card problem ration card issue at goregaon wrong name printed on new card,Other
Garden overgrown,Public garden in Banjara Hills is overgrown with weeds. Snakes might come.,garden overgrown public garden in banjara hills is overgrown with weeds snakes might come,Public Cleanliness
Road flooded,Road near post office gets flooded every time it rains. No proper drainage.,road flooded road near post office gets flooded every time it rains no proper drainage,Roads
Hospital area unclean,Surroundings of Adyar hospital are unclean. Not good for patients.,hospital area unclean surroundings of adyar hospital are unclean not good for patients,Public Cleanliness
Solar streetlight broken,Solar streetlight installed in Goregaon is not working. Battery issue maybe.,solar streetlight broken solar streetlight installed in goregaon is not working battery issue maybe,Streetlights
Pipeline crossing drainage,Water pipeline crosses over open drainage near college gate. Contamination risk.,pipeline crossing drainage water pipeline crosses over open drainage near college gate contamination risk,Water
Marketplace after hours,Marketplace near market square a mess after business hours. No cleanup crew.,marketplace after hours marketplace near market square a mess after business hours no cleanup crew,Public Cleanliness
Overflow during monsoon,Drainage system in Ameerpet overflows every monsoon. No permanent solution.,overflow during monsoon drainage system in ameerpet overflows every monsoon no permanent solution,Drainage
Dead animal not removed,Dead animal lying on Sarjapur Road near Dadar since 2 days. Nobody is removing it.,dead animal not removed dead animal lying on sarjapur road near dadar since 2 days nobody is removing it,Waste
Road damaged after rain,The road near petrol pump in Gachibowli is completely broken after monsoon rains.,road damaged after rain the road near petrol pump in gachibowli is completely broken after monsoon rains,Roads
Plastic waste everywhere,Plastic waste is scattered all over Indiranagar near underpass. Looks terrible.,plastic waste everywhere plastic waste is scattered all over indiranagar near underpass looks terrible,Waste
Drain blocked,The drain near main bus stop in Borivali is completely blocked. Water is overflowing on road.,drain blocked the drain near main bus stop in borivali is completely blocked water is overflowing on road,Drainage
Meat waste thrown,Meat shop waste thrown openly near bank branch in BTM Layout. Health hazard.,meat waste thrown meat shop waste thrown openly near bank branch in btm layout health hazard,Waste
Lake polluted,Lake near petrol pump in Rajajinagar is highly polluted. Foam forming on surface.,lake polluted lake near petrol pump in rajajinagar is highly polluted foam forming on surface,Public Cleanliness
Patch work needed,Small but deep potholes on Main Street near college gate. Patch work can fix them quickly.,patch work needed small but deep potholes on main street near college gate patch work can fix them quickly,Roads
Bulb fused,Streetlight bulb near flyover in Koramangala is fused since Diwali. Not replaced.,bulb fused streetlight bulb near flyover in koramangala is fused since diwali not replaced,Streetlights
Broken road divider,Road divider on Highway 48 is broken and causing accidents. Please fix urgently.,broken road divider road divider on highway 48 is broken and causing accidents please fix urgently,Roads
Drain needs cleaning,Drain in Goregaon has not been cleaned before monsoon. Will flood for sure.,drain needs cleaning drain in goregaon has not been cleaned before monsoon will flood for sure,Drainage
Public Wi-Fi not working,Free public Wi-Fi near post office has not been working since installation.,public wi fi not working free public wi fi near post office has not been working since installation,Other
Signal not working,Traffic signal at fire station junction not working since 3 days. Chaos at peak hours.,signal not working traffic signal at fire station junction not working since 3 days chaos at peak hours,Public Safety
Dog vaccination camp,Need dog vaccination camp in Borivali. Many stray dogs near junction circle.,dog vaccination camp need dog vaccination camp in borivali many stray dogs near junction circle,Other
Flickering streetlight,Streetlight near post office is flickering continuously. Very annoying.,flickering streetlight streetlight near post office is flickering continuously very annoying,Streetlights
Defecation in open,Open defecation happening near post office. Build public toilet there.,defecation in open open defecation happening near post office build public toilet there,Public Cleanliness
Pipeline crossing drainage,Water pipeline crosses over open drainage near corporation office. Contamination risk.,pipeline crossing drainage water pipeline crosses over open drainage near corporation office contamination risk,Water
Road name board missing,Road name board missing on Bannerghatta Road near church. Delivery and ambulances confused.,road name board missing road name board missing on bannerghatta road near church delivery and ambulances confused,Other
Septic tank overflow,Community septic tank in Madhapur is overflowing. The stench is terrible.,septic tank overflow community septic tank in madhapur is overflowing the stench is terrible,Drainage
Colony lights out,Streetlights in Goregaon colony have not been working for a month. Total darkness.,colony lights out streetlights in goregaon colony have not been working for a month total darkness,Streetlights
Service road bad condition,Service road in Rajajinagar is worse than the village road. Please resurface.,service road bad condition service road in rajajinagar is worse than the village road please resurface,Roads
Lighting in underpass,Underpass near church has no lighting. Very scary to walk through.,lighting in underpass underpass near church has no lighting very scary to walk through,Streetlights
Encroachment on drain,Drain near gurudwara in Airoli is encroached. Water flow is blocked.,encroachment on drain drain near gurudwara in airoli is encroached water flow is blocked,Drainage
Cemetery maintenance,Cemetery near Hadapsar is poorly maintained. Overgrown and neglected.,cemetery maintenance cemetery near hadapsar is poorly maintained overgrown and neglected,Other
Bore well contaminated,Bore well near police station is giving contaminated water. Tested positive for bacteria.,bore well contaminated bore well near police station is giving contaminated water tested positive for bacteria,Water
Snake spotted,Snakes frequently spotted near church in Andheri. Due to overgrown bushes.,snake spotted snakes frequently spotted near church in andheri due to overgrown bushes,Public Safety
Water tank leaking,Overhead water tank near gurudwara is leaking. Huge water wastage.,water tank leaking overhead water tank near gurudwara is leaking huge water wastage,Water
Light on during daytime,Streetlights on 100 Feet Road are ON during daytime. Wasting electricity.,light on during daytime streetlights on 100 feet road are on during daytime wasting electricity,Streetlights
Drainage pipe broken,Drainage pipe near traffic signal is broken. Sewage is flowing openly on road.,drainage pipe broken drainage pipe near traffic signal is broken sewage is flowing openly on road,Drainage
Garbage burning,People are burning garbage near railway crossing in Thane. Toxic smoke everywhere.,garbage burning people are burning garbage near railway crossing in thane toxic smoke everywhere,Waste
Broken road divider,Road divider on Hosur Road is broken and causing accidents. Please fix urgently.,broken road divider road divider on hosur road is broken and causing accidents please fix urgently,Roads
Railway station dirty,Area near Andheri railway station is filthy. Needs deep cleaning.,railway station dirty area near andheri railway station is filthy needs deep cleaning,Public Cleanliness
Water meter faulty,Water meter at my house in Anna Nagar is showing wrong readings. Bill is too high.,water meter faulty water meter at my house in anna nagar is showing wrong readings bill is too high,Water
Chemical smell,Strong chemical smell coming from factory near Malleshwaram. Health hazard for residents.,chemical smell strong chemical smell coming from factory near malleshwaram health hazard for residents,Public Safety
No garbage bin in area,There is no public dustbin in Sector 22 near hospital gate. People are throwing garbage on road.,no garbage bin in area there is no public dustbin in sector 22 near hospital gate people are throwing garbage on road,Waste
Colony lights out,Streetlights in Indiranagar colony have not been working for a month. Total darkness.,colony lights out streetlights in indiranagar colony have not been working for a month total darkness,Streetlights
Urination on walls,People are urinating on walls near railway crossing in Powai. Paint anti-urination signs.,urination on walls people are urinating on walls near railway crossing in powai paint anti urination signs,Public Cleanliness
Meat waste thrown,Meat shop waste thrown openly near water tank in Kukatpally. Health hazard.,meat waste thrown meat shop waste thrown openly near water tank in kukatpally health hazard,Waste
Streetlight not working,Streetlight near church in Ameerpet is not working since a week.,streetlight not working streetlight near church in ameerpet is not working since a week,Streetlights
Park bench repair,Bench in the park near railway crossing is broken. Seniors have nowhere to sit.,park bench repair bench in the park near railway crossing is broken seniors have nowhere to sit,Other
Tree trimming needed,Trees on ECR near underpass need trimming. Branches touching power lines.,tree trimming needed trees on ecr near underpass need trimming branches touching power lines,Other
Garbage vehicle broken,The garbage collection vehicle for Rajajinagar is broken. No replacement provided.,garbage vehicle broken the garbage collection vehicle for rajajinagar is broken no replacement provided,Waste
Drain mosquitoes,Blocked drain near metro station breeding thousands of mosquitoes. Dengue risk.,drain mosquitoes blocked drain near metro station breeding thousands of mosquitoes dengue risk,Drainage
Public event mess,"After the public event near bank branch, the area is completely trashed.",public event mess after the public event near bank branch the area is completely trashed,Public Cleanliness
Road subsidence,Road near Kothrud is sinking gradually. Foundation seems weak.,road subsidence road near kothrud is sinking gradually foundation seems weak,Roads
Wiring exposed,Streetlight wiring near SBI ATM is exposed. Electrocution risk in rain.,wiring exposed streetlight wiring near sbi atm is exposed electrocution risk in rain,Streetlights
Loose electric pole,Electric pole on Ring Road near bank branch is tilting. Heavy winds may topple it.,loose electric pole electric pole on ring road near bank branch is tilting heavy winds may topple it,Public Safety
Fountain broken filthy,Public fountain near main bus stop is broken and the stagnant water is filthy.,fountain broken filthy public fountain near main bus stop is broken and the stagnant water is filthy,Public Cleanliness
Footpath broken,Footpath near hospital gate in Malleshwaram is broken. Pedestrians are walking on the road.,footpath broken footpath near hospital gate in malleshwaram is broken pedestrians are walking on the road,Roads
Unauthorized banner,Unauthorized political banners on Old Airport Road near market square. Blocking visibility.,unauthorized banner unauthorized political banners on old airport road near market square blocking visibility,Other
No pourakarmikas,Ward Andheri has no pourakarmikas. Streets are filthy for a week now.,no pourakarmikas ward andheri has no pourakarmikas streets are filthy for a week now,Waste
Footpath dirty,Footpath near park entrance is covered in dirt and spit marks. Please clean.,footpath dirty footpath near park entrance is covered in dirt and spit marks please clean,Public Cleanliness
No water connection,Applied for water connection in Dadar 6 months ago. Still not provided.,no water connection applied for water connection in dadar 6 months ago still not provided,Water
No road marking,No road markings or lane dividers on Mount Road. Very confusing for drivers.,no road marking no road markings or lane dividers on mount road very confusing for drivers,Roads
Wall collapse risk,Compound wall near gurudwara in Powai has big cracks. May collapse on pedestrians.,wall collapse risk compound wall near gurudwara in powai has big cracks may collapse on pedestrians,Public Safety
Abandoned vehicle,Abandoned vehicle parked near bank branch for 3 months. Could be used for crime.,abandoned vehicle abandoned vehicle parked near bank branch for 3 months could be used for crime,Public Safety
Open transformer,Transformer near water tank is open without any fencing. Children play near it.,open transformer transformer near water tank is open without any fencing children play near it,Public Safety
Playground dirty,Children's playground in Powai near gurudwara is dirty. Glass pieces found.,playground dirty children s playground in powai near gurudwara is dirty glass pieces found,Public Cleanliness
Light on during daytime,Streetlights on Outer Ring Road are ON during daytime. Wasting electricity.,light on during daytime streetlights on outer ring road are on during daytime wasting electricity,Streetlights
Playground equipment,Playground equipment in Jayanagar park is rusted and unsafe for children.,playground equipment playground equipment in jayanagar park is rusted and unsafe for children,Other
Loose electric pole,Electric pole on NH 44 near underpass is tilting. Heavy winds may topple it.,loose electric pole electric pole on nh 44 near underpass is tilting heavy winds may topple it,Public Safety
